season,round,race_name,circuit_id,date,driver_id,constructor_id,grid,position,position_text,points,laps,status
2010,1,Bahrain Grand Prix,bahrain,2010-03-14,alonso,ferrari,3,1,1,25.0,49,Finished
2010,1,Bahrain Grand Prix,bahrain,2010-03-14,massa,ferrari,2,2,2,18.0,49,Finished
2010,1,Bahrain Grand Prix,bahrain,2010-03-14,hamilton,mclaren,4,3,3,15.0,49,Finished
2010,1,Bahrain Grand Prix,bahrain,2010-03-14,vettel,red_bull,1,4,4,12.0,49,Finished
2010,1,Bahrain Grand Prix,bahrain,2010-03-14,rosberg,mercedes,5,5,5,10.0,49,Finished
2010,1,Bahrain Grand Prix,bahrain,2010-03-14,michael_schumacher,mercedes,7,6,6,8.0,49,Finished
2010,1,Bahrain Grand Prix,bahrain,2010-03-14,button,mclaren,8,7,7,6.0,49,Finished
2010,1,Bahrain Grand Prix,bahrain,2010-03-14,webber,red_bull,6,8,8,4.0,49,Finished
2010,1,Bahrain Grand Prix,bahrain,2010-03-14,liuzzi,force_india,12,9,9,2.0,49,Finished
2010,1,Bahrain Grand Prix,bahrain,2010-03-14,barrichello,williams,11,10,10,1.0,49,Finished
2010,1,Bahrain Grand Prix,bahrain,2010-03-14,kubica,renault,9,11,11,0.0,49,Finished
2010,1,Bahrain Grand Prix,bahrain,2010-03-14,sutil,force_india,10,12,12,0.0,49,Finished
2010,1,Bahrain Grand Prix,bahrain,2010-03-14,alguersuari,toro_rosso,18,13,13,0.0,49,Finished
2010,1,Bahrain Grand Prix,bahrain,2010-03-14,hulkenberg,williams,13,14,14,0.0,48,+1 Lap
2010,1,Bahrain Grand Prix,bahrain,2010-03-14,kovalainen,lotus_racing,21,15,15,0.0,47,+2 Laps
2010,1,Bahrain Grand Prix,bahrain,2010-03-14,buemi,toro_rosso,15,16,16,0.0,46,Electrical
2010,1,Bahrain Grand Prix,bahrain,2010-03-14,trulli,lotus_racing,20,17,17,0.0,46,Hydraulics
2010,1,Bahrain Grand Prix,bahrain,2010-03-14,rosa,sauber,14,18,R,0.0,28,Hydraulics
2010,1,Bahrain Grand Prix,bahrain,2010-03-14,bruno_senna,hrt,23,19,R,0.0,17,Overheating
2010,1,Bahrain Grand Prix,bahrain,2010-03-14,glock,virgin,19,20,R,0.0,16,Gearbox
2010,1,Bahrain Grand Prix,bahrain,2010-03-14,petrov,renault,17,21,R,0.0,13,Suspension
2010,1,Bahrain Grand Prix,bahrain,2010-03-14,kobayashi,sauber,16,22,R,0.0,11,Hydraulics
2010,1,Bahrain Grand Prix,bahrain,2010-03-14,grassi,virgin,22,23,R,0.0,2,Hydraulics
2010,1,Bahrain Grand Prix,bahrain,2010-03-14,chandhok,hrt,24,24,R,0.0,1,Accident
2010,2,Australian Grand Prix,albert_park,2010-03-28,button,mclaren,4,1,1,25.0,58,Finished
2010,2,Australian Grand Prix,albert_park,2010-03-28,kubica,renault,9,2,2,18.0,58,Finished
2010,2,Australian Grand Prix,albert_park,2010-03-28,massa,ferrari,5,3,3,15.0,58,Finished
2010,2,Australian Grand Prix,albert_park,2010-03-28,alonso,ferrari,3,4,4,12.0,58,Finished
2010,2,Australian Grand Prix,albert_park,2010-03-28,rosberg,mercedes,6,5,5,10.0,58,Finished
2010,2,Australian Grand Prix,albert_park,2010-03-28,hamilton,mclaren,11,6,6,8.0,58,Finished
2010,2,Australian Grand Prix,albert_park,2010-03-28,liuzzi,force_india,13,7,7,6.0,58,Finished
2010,2,Australian Grand Prix,albert_park,2010-03-28,barrichello,williams,8,8,8,4.0,58,Finished
2010,2,Australian Grand Prix,albert_park,2010-03-28,webber,red_bull,2,9,9,2.0,58,Finished
2010,2,Australian Grand Prix,albert_park,2010-03-28,michael_schumacher,mercedes,7,10,10,1.0,58,Finished
2010,2,Australian Grand Prix,albert_park,2010-03-28,alguersuari,toro_rosso,17,11,11,0.0,58,Finished
2010,2,Australian Grand Prix,albert_park,2010-03-28,rosa,sauber,14,12,12,0.0,58,Finished
2010,2,Australian Grand Prix,albert_park,2010-03-28,kovalainen,lotus_racing,19,13,13,0.0,56,+2 Laps
2010,2,Australian Grand Prix,albert_park,2010-03-28,chandhok,hrt,22,14,14,0.0,53,+5 Laps
2010,2,Australian Grand Prix,albert_park,2010-03-28,glock,virgin,23,15,R,0.0,41,Suspension
2010,2,Australian Grand Prix,albert_park,2010-03-28,grassi,virgin,24,16,R,0.0,26,Hydraulics
2010,2,Australian Grand Prix,albert_park,2010-03-28,vettel,red_bull,1,17,R,0.0,25,Wheel
2010,2,Australian Grand Prix,albert_park,2010-03-28,sutil,force_india,10,18,R,0.0,9,Engine
2010,2,Australian Grand Prix,albert_park,2010-03-28,petrov,renault,18,19,R,0.0,9,Spun off
2010,2,Australian Grand Prix,albert_park,2010-03-28,bruno_senna,hrt,21,20,R,0.0,4,Hydraulics
2010,2,Australian Grand Prix,albert_park,2010-03-28,buemi,toro_rosso,12,21,R,0.0,0,Collision
2010,2,Australian Grand Prix,albert_park,2010-03-28,hulkenberg,williams,15,22,R,0.0,0,Collision
2010,2,Australian Grand Prix,albert_park,2010-03-28,kobayashi,sauber,16,23,R,0.0,0,Collision
2010,2,Australian Grand Prix,albert_park,2010-03-28,trulli,lotus_racing,20,24,W,0.0,0,Hydraulics
2010,3,Malaysian Grand Prix,sepang,2010-04-04,vettel,red_bull,3,1,1,25.0,56,Finished
2010,3,Malaysian Grand Prix,sepang,2010-04-04,webber,red_bull,1,2,2,18.0,56,Finished
2010,3,Malaysian Grand Prix,sepang,2010-04-04,rosberg,mercedes,2,3,3,15.0,56,Finished
2010,3,Malaysian Grand Prix,sepang,2010-04-04,kubica,renault,6,4,4,12.0,56,Finished
2010,3,Malaysian Grand Prix,sepang,2010-04-04,sutil,force_india,4,5,5,10.0,56,Finished
2010,3,Malaysian Grand Prix,sepang,2010-04-04,hamilton,mclaren,20,6,6,8.0,56,Finished
2010,3,Malaysian Grand Prix,sepang,2010-04-04,massa,ferrari,21,7,7,6.0,56,Finished
2010,3,Malaysian Grand Prix,sepang,2010-04-04,button,mclaren,17,8,8,4.0,56,Finished
2010,3,Malaysian Grand Prix,sepang,2010-04-04,alguersuari,toro_rosso,14,9,9,2.0,56,Finished
2010,3,Malaysian Grand Prix,sepang,2010-04-04,hulkenberg,williams,5,10,10,1.0,56,Finished
2010,3,Malaysian Grand Prix,sepang,2010-04-04,buemi,toro_rosso,13,11,11,0.0,56,Finished
2010,3,Malaysian Grand Prix,sepang,2010-04-04,barrichello,williams,7,12,12,0.0,55,+1 Lap
2010,3,Malaysian Grand Prix,sepang,2010-04-04,alonso,ferrari,19,13,13,0.0,54,Engine
2010,3,Malaysian Grand Prix,sepang,2010-04-04,grassi,virgin,24,14,14,0.0,53,+3 Laps
2010,3,Malaysian Grand Prix,sepang,2010-04-04,chandhok,hrt,22,15,15,0.0,53,+3 Laps
2010,3,Malaysian Grand Prix,sepang,2010-04-04,bruno_senna,hrt,23,16,16,0.0,52,+4 Laps
2010,3,Malaysian Grand Prix,sepang,2010-04-04,trulli,lotus_racing,18,17,17,0.0,51,+5 Laps
2010,3,Malaysian Grand Prix,sepang,2010-04-04,kovalainen,lotus_racing,15,18,R,0.0,46,+10 Laps
2010,3,Malaysian Grand Prix,sepang,2010-04-04,petrov,renault,11,19,R,0.0,32,Gearbox
2010,3,Malaysian Grand Prix,sepang,2010-04-04,liuzzi,force_india,10,20,R,0.0,12,Throttle
2010,3,Malaysian Grand Prix,sepang,2010-04-04,michael_schumacher,mercedes,8,21,R,0.0,9,Wheel
2010,3,Malaysian Grand Prix,sepang,2010-04-04,kobayashi,sauber,9,22,R,0.0,8,Engine
2010,3,Malaysian Grand Prix,sepang,2010-04-04,glock,virgin,16,23,R,0.0,2,Spun off
2010,3,Malaysian Grand Prix,sepang,2010-04-04,rosa,sauber,12,24,W,0.0,0,Engine
2010,4,Chinese Grand Prix,shanghai,2010-04-18,button,mclaren,5,1,1,25.0,56,Finished
2010,4,Chinese Grand Prix,shanghai,2010-04-18,hamilton,mclaren,6,2,2,18.0,56,Finished
2010,4,Chinese Grand Prix,shanghai,2010-04-18,rosberg,mercedes,4,3,3,15.0,56,Finished
2010,4,Chinese Grand Prix,shanghai,2010-04-18,alonso,ferrari,3,4,4,12.0,56,Finished
2010,4,Chinese Grand Prix,shanghai,2010-04-18,kubica,renault,8,5,5,10.0,56,Finished
2010,4,Chinese Grand Prix,shanghai,2010-04-18,vettel,red_bull,1,6,6,8.0,56,Finished
2010,4,Chinese Grand Prix,shanghai,2010-04-18,petrov,renault,14,7,7,6.0,56,Finished
2010,4,Chinese Grand Prix,shanghai,2010-04-18,webber,red_bull,2,8,8,4.0,56,Finished
2010,4,Chinese Grand Prix,shanghai,2010-04-18,massa,ferrari,7,9,9,2.0,56,Finished
2010,4,Chinese Grand Prix,shanghai,2010-04-18,michael_schumacher,mercedes,9,10,10,1.0,56,Finished
2010,4,Chinese Grand Prix,shanghai,2010-04-18,sutil,force_india,10,11,11,0.0,56,Finished
2010,4,Chinese Grand Prix,shanghai,2010-04-18,barrichello,williams,11,12,12,0.0,56,Finished
2010,4,Chinese Grand Prix,shanghai,2010-04-18,alguersuari,toro_rosso,12,13,13,0.0,56,Finished
2010,4,Chinese Grand Prix,shanghai,2010-04-18,kovalainen,lotus_racing,21,14,14,0.0,55,+1 Lap
2010,4,Chinese Grand Prix,shanghai,2010-04-18,hulkenberg,williams,16,15,15,0.0,55,+1 Lap
2010,4,Chinese Grand Prix,shanghai,2010-04-18,bruno_senna,hrt,23,16,16,0.0,54,+2 Laps
2010,4,Chinese Grand Prix,shanghai,2010-04-18,chandhok,hrt,24,17,17,0.0,52,+4 Laps
2010,4,Chinese Grand Prix,shanghai,2010-04-18,trulli,lotus_racing,20,18,R,0.0,26,Hydraulics
2010,4,Chinese Grand Prix,shanghai,2010-04-18,grassi,virgin,22,19,R,0.0,8,Clutch
2010,4,Chinese Grand Prix,shanghai,2010-04-18,rosa,sauber,17,20,R,0.0,7,Technical
2010,4,Chinese Grand Prix,shanghai,2010-04-18,buemi,toro_rosso,13,21,R,0.0,0,Accident
2010,4,Chinese Grand Prix,shanghai,2010-04-18,kobayashi,sauber,15,22,R,0.0,0,Accident
2010,4,Chinese Grand Prix,shanghai,2010-04-18,liuzzi,force_india,18,23,R,0.0,0,Accident
2010,4,Chinese Grand Prix,shanghai,2010-04-18,glock,virgin,19,24,W,0.0,0,Engine
2010,5,Spanish Grand Prix,catalunya,2010-05-09,webber,red_bull,1,1,1,25.0,66,Finished
2010,5,Spanish Grand Prix,catalunya,2010-05-09,alonso,ferrari,4,2,2,18.0,66,Finished
2010,5,Spanish Grand Prix,catalunya,2010-05-09,vettel,red_bull,2,3,3,15.0,66,Finished
2010,5,Spanish Grand Prix,catalunya,2010-05-09,michael_schumacher,mercedes,6,4,4,12.0,66,Finished
2010,5,Spanish Grand Prix,catalunya,2010-05-09,button,mclaren,5,5,5,10.0,66,Finished
2010,5,Spanish Grand Prix,catalunya,2010-05-09,massa,ferrari,9,6,6,8.0,66,Finished
2010,5,Spanish Grand Prix,catalunya,2010-05-09,sutil,force_india,11,7,7,6.0,66,Finished
2010,5,Spanish Grand Prix,catalunya,2010-05-09,kubica,renault,7,8,8,4.0,66,Finished
2010,5,Spanish Grand Prix,catalunya,2010-05-09,barrichello,williams,17,9,9,2.0,65,+1 Lap
2010,5,Spanish Grand Prix,catalunya,2010-05-09,alguersuari,toro_rosso,15,10,10,1.0,65,+1 Lap
2010,5,Spanish Grand Prix,catalunya,2010-05-09,petrov,renault,19,11,11,0.0,65,+1 Lap
2010,5,Spanish Grand Prix,catalunya,2010-05-09,kobayashi,sauber,10,12,12,0.0,65,+1 Lap
2010,5,Spanish Grand Prix,catalunya,2010-05-09,rosberg,mercedes,8,13,13,0.0,65,+1 Lap
2010,5,Spanish Grand Prix,catalunya,2010-05-09,hamilton,mclaren,3,14,14,0.0,64,Puncture
2010,5,Spanish Grand Prix,catalunya,2010-05-09,liuzzi,force_india,16,15,15,0.0,64,Engine
2010,5,Spanish Grand Prix,catalunya,2010-05-09,hulkenberg,williams,13,16,16,0.0,64,+2 Laps
2010,5,Spanish Grand Prix,catalunya,2010-05-09,trulli,lotus_racing,18,17,17,0.0,63,+3 Laps
2010,5,Spanish Grand Prix,catalunya,2010-05-09,glock,virgin,22,18,18,0.0,63,+3 Laps
2010,5,Spanish Grand Prix,catalunya,2010-05-09,grassi,virgin,23,19,19,0.0,62,+4 Laps
2010,5,Spanish Grand Prix,catalunya,2010-05-09,buemi,toro_rosso,14,20,R,0.0,42,Hydraulics
2010,5,Spanish Grand Prix,catalunya,2010-05-09,chandhok,hrt,24,21,R,0.0,27,Suspension
2010,5,Spanish Grand Prix,catalunya,2010-05-09,rosa,sauber,12,22,R,0.0,18,Collision
2010,5,Spanish Grand Prix,catalunya,2010-05-09,bruno_senna,hrt,21,23,R,0.0,0,Accident
2010,5,Spanish Grand Prix,catalunya,2010-05-09,kovalainen,lotus_racing,20,24,W,0.0,0,Gearbox
2010,6,Monaco Grand Prix,monaco,2010-05-16,webber,red_bull,1,1,1,25.0,78,Finished
2010,6,Monaco Grand Prix,monaco,2010-05-16,vettel,red_bull,3,2,2,18.0,78,Finished
2010,6,Monaco Grand Prix,monaco,2010-05-16,kubica,renault,2,3,3,15.0,78,Finished
2010,6,Monaco Grand Prix,monaco,2010-05-16,massa,ferrari,4,4,4,12.0,78,Finished
2010,6,Monaco Grand Prix,monaco,2010-05-16,hamilton,mclaren,5,5,5,10.0,78,Finished
2010,6,Monaco Grand Prix,monaco,2010-05-16,alonso,ferrari,24,6,6,8.0,78,Finished
2010,6,Monaco Grand Prix,monaco,2010-05-16,rosberg,mercedes,6,7,7,6.0,78,Finished
2010,6,Monaco Grand Prix,monaco,2010-05-16,sutil,force_india,12,8,8,4.0,78,Finished
2010,6,Monaco Grand Prix,monaco,2010-05-16,liuzzi,force_india,10,9,9,2.0,78,Finished
2010,6,Monaco Grand Prix,monaco,2010-05-16,buemi,toro_rosso,13,10,10,1.0,78,Finished
2010,6,Monaco Grand Prix,monaco,2010-05-16,alguersuari,toro_rosso,17,11,11,0.0,78,Finished
2010,6,Monaco Grand Prix,monaco,2010-05-16,michael_schumacher,mercedes,7,12,12,0.0,78,Finished
2010,6,Monaco Grand Prix,monaco,2010-05-16,petrov,renault,14,13,13,0.0,73,Brakes
2010,6,Monaco Grand Prix,monaco,2010-05-16,chandhok,hrt,23,14,14,0.0,70,Collision
2010,6,Monaco Grand Prix,monaco,2010-05-16,trulli,lotus_racing,19,15,15,0.0,70,Collision
2010,6,Monaco Grand Prix,monaco,2010-05-16,kovalainen,lotus_racing,18,16,R,0.0,58,Steering
2010,6,Monaco Grand Prix,monaco,2010-05-16,bruno_senna,hrt,22,17,R,0.0,58,Hydraulics
2010,6,Monaco Grand Prix,monaco,2010-05-16,barrichello,williams,9,18,R,0.0,30,Suspension
2010,6,Monaco Grand Prix,monaco,2010-05-16,kobayashi,sauber,16,19,R,0.0,26,Gearbox
2010,6,Monaco Grand Prix,monaco,2010-05-16,grassi,virgin,21,20,R,0.0,25,Wheel
2010,6,Monaco Grand Prix,monaco,2010-05-16,glock,virgin,20,21,R,0.0,22,Track rod
2010,6,Monaco Grand Prix,monaco,2010-05-16,rosa,sauber,15,22,R,0.0,21,Hydraulics
2010,6,Monaco Grand Prix,monaco,2010-05-16,button,mclaren,8,23,R,0.0,2,Engine
2010,6,Monaco Grand Prix,monaco,2010-05-16,hulkenberg,williams,11,24,R,0.0,0,Front wing
2010,7,Turkish Grand Prix,istanbul,2010-05-30,hamilton,mclaren,2,1,1,25.0,58,Finished
2010,7,Turkish Grand Prix,istanbul,2010-05-30,button,mclaren,4,2,2,18.0,58,Finished
2010,7,Turkish Grand Prix,istanbul,2010-05-30,webber,red_bull,1,3,3,15.0,58,Finished
2010,7,Turkish Grand Prix,istanbul,2010-05-30,michael_schumacher,mercedes,5,4,4,12.0,58,Finished
2010,7,Turkish Grand Prix,istanbul,2010-05-30,rosberg,mercedes,6,5,5,10.0,58,Finished
2010,7,Turkish Grand Prix,istanbul,2010-05-30,kubica,renault,7,6,6,8.0,58,Finished
2010,7,Turkish Grand Prix,istanbul,2010-05-30,massa,ferrari,8,7,7,6.0,58,Finished
2010,7,Turkish Grand Prix,istanbul,2010-05-30,alonso,ferrari,12,8,8,4.0,58,Finished
2010,7,Turkish Grand Prix,istanbul,2010-05-30,sutil,force_india,11,9,9,2.0,58,Finished
2010,7,Turkish Grand Prix,istanbul,2010-05-30,kobayashi,sauber,10,10,10,1.0,58,Finished
2010,7,Turkish Grand Prix,istanbul,2010-05-30,rosa,sauber,13,11,11,0.0,58,Finished
2010,7,Turkish Grand Prix,istanbul,2010-05-30,alguersuari,toro_rosso,16,12,12,0.0,58,Finished
2010,7,Turkish Grand Prix,istanbul,2010-05-30,liuzzi,force_india,18,13,13,0.0,57,+1 Lap
2010,7,Turkish Grand Prix,istanbul,2010-05-30,barrichello,williams,15,14,14,0.0,57,+1 Lap
2010,7,Turkish Grand Prix,istanbul,2010-05-30,petrov,renault,9,15,15,0.0,57,+1 Lap
2010,7,Turkish Grand Prix,istanbul,2010-05-30,buemi,toro_rosso,14,16,16,0.0,57,+1 Lap
2010,7,Turkish Grand Prix,istanbul,2010-05-30,hulkenberg,williams,17,17,17,0.0,57,+1 Lap
2010,7,Turkish Grand Prix,istanbul,2010-05-30,glock,virgin,21,18,18,0.0,55,+3 Laps
2010,7,Turkish Grand Prix,istanbul,2010-05-30,grassi,virgin,23,19,19,0.0,55,+3 Laps
2010,7,Turkish Grand Prix,istanbul,2010-05-30,chandhok,hrt,24,20,20,0.0,52,Fuel pump
2010,7,Turkish Grand Prix,istanbul,2010-05-30,bruno_senna,hrt,22,21,R,0.0,46,Fuel pressure
2010,7,Turkish Grand Prix,istanbul,2010-05-30,vettel,red_bull,3,22,R,0.0,39,Collision
2010,7,Turkish Grand Prix,istanbul,2010-05-30,kovalainen,lotus_racing,20,23,R,0.0,33,Hydraulics
2010,7,Turkish Grand Prix,istanbul,2010-05-30,trulli,lotus_racing,19,24,R,0.0,32,Hydraulics
2010,8,Canadian Grand Prix,villeneuve,2010-06-13,hamilton,mclaren,1,1,1,25.0,70,Finished
2010,8,Canadian Grand Prix,villeneuve,2010-06-13,button,mclaren,4,2,2,18.0,70,Finished
2010,8,Canadian Grand Prix,villeneuve,2010-06-13,alonso,ferrari,3,3,3,15.0,70,Finished
2010,8,Canadian Grand Prix,villeneuve,2010-06-13,vettel,red_bull,2,4,4,12.0,70,Finished
2010,8,Canadian Grand Prix,villeneuve,2010-06-13,webber,red_bull,7,5,5,10.0,70,Finished
2010,8,Canadian Grand Prix,villeneuve,2010-06-13,rosberg,mercedes,10,6,6,8.0,70,Finished
2010,8,Canadian Grand Prix,villeneuve,2010-06-13,kubica,renault,8,7,7,6.0,70,Finished
2010,8,Canadian Grand Prix,villeneuve,2010-06-13,buemi,toro_rosso,15,8,8,4.0,69,+1 Lap
2010,8,Canadian Grand Prix,villeneuve,2010-06-13,liuzzi,force_india,5,9,9,2.0,69,+1 Lap
2010,8,Canadian Grand Prix,villeneuve,2010-06-13,sutil,force_india,9,10,10,1.0,69,+1 Lap
2010,8,Canadian Grand Prix,villeneuve,2010-06-13,michael_schumacher,mercedes,13,11,11,0.0,69,+1 Lap
2010,8,Canadian Grand Prix,villeneuve,2010-06-13,alguersuari,toro_rosso,16,12,12,0.0,69,+1 Lap
2010,8,Canadian Grand Prix,villeneuve,2010-06-13,hulkenberg,williams,12,13,13,0.0,69,+1 Lap
2010,8,Canadian Grand Prix,villeneuve,2010-06-13,barrichello,williams,11,14,14,0.0,69,+1 Lap
2010,8,Canadian Grand Prix,villeneuve,2010-06-13,massa,ferrari,6,15,15,0.0,69,+1 Lap
2010,8,Canadian Grand Prix,villeneuve,2010-06-13,kovalainen,lotus_racing,19,16,16,0.0,68,+2 Laps
2010,8,Canadian Grand Prix,villeneuve,2010-06-13,petrov,renault,14,17,17,0.0,68,+2 Laps
2010,8,Canadian Grand Prix,villeneuve,2010-06-13,chandhok,hrt,24,18,18,0.0,66,+4 Laps
2010,8,Canadian Grand Prix,villeneuve,2010-06-13,grassi,virgin,23,19,19,0.0,65,+5 Laps
2010,8,Canadian Grand Prix,villeneuve,2010-06-13,glock,virgin,21,20,R,0.0,55,Mechanical
2010,8,Canadian Grand Prix,villeneuve,2010-06-13,trulli,lotus_racing,20,21,R,0.0,47,Brakes
2010,8,Canadian Grand Prix,villeneuve,2010-06-13,rosa,sauber,17,22,R,0.0,31,Engine
2010,8,Canadian Grand Prix,villeneuve,2010-06-13,bruno_senna,hrt,22,23,R,0.0,14,Hydraulics
2010,8,Canadian Grand Prix,villeneuve,2010-06-13,kobayashi,sauber,18,24,R,0.0,1,Accident
2010,9,European Grand Prix,valencia,2010-06-27,vettel,red_bull,1,1,1,25.0,57,Finished
2010,9,European Grand Prix,valencia,2010-06-27,hamilton,mclaren,3,2,2,18.0,57,Finished
2010,9,European Grand Prix,valencia,2010-06-27,button,mclaren,7,3,3,15.0,57,Finished
2010,9,European Grand Prix,valencia,2010-06-27,barrichello,williams,9,4,4,12.0,57,Finished
2010,9,European Grand Prix,valencia,2010-06-27,kubica,renault,6,5,5,10.0,57,Finished
2010,9,European Grand Prix,valencia,2010-06-27,sutil,force_india,13,6,6,8.0,57,Finished
2010,9,European Grand Prix,valencia,2010-06-27,kobayashi,sauber,18,7,7,6.0,57,Finished
2010,9,European Grand Prix,valencia,2010-06-27,alonso,ferrari,4,8,8,4.0,57,Finished
2010,9,European Grand Prix,valencia,2010-06-27,buemi,toro_rosso,11,9,9,2.0,57,Finished
2010,9,European Grand Prix,valencia,2010-06-27,rosberg,mercedes,12,10,10,1.0,57,Finished
2010,9,European Grand Prix,valencia,2010-06-27,massa,ferrari,5,11,11,0.0,57,Finished
2010,9,European Grand Prix,valencia,2010-06-27,rosa,sauber,16,12,12,0.0,57,Finished
2010,9,European Grand Prix,valencia,2010-06-27,alguersuari,toro_rosso,17,13,13,0.0,57,Finished
2010,9,European Grand Prix,valencia,2010-06-27,petrov,renault,10,14,14,0.0,57,Finished
2010,9,European Grand Prix,valencia,2010-06-27,michael_schumacher,mercedes,15,15,15,0.0,57,Finished
2010,9,European Grand Prix,valencia,2010-06-27,liuzzi,force_india,14,16,16,0.0,57,Finished
2010,9,European Grand Prix,valencia,2010-06-27,grassi,virgin,21,17,17,0.0,56,+1 Lap
2010,9,European Grand Prix,valencia,2010-06-27,chandhok,hrt,23,18,18,0.0,55,+2 Laps
2010,9,European Grand Prix,valencia,2010-06-27,glock,virgin,22,19,19,0.0,55,+2 Laps
2010,9,European Grand Prix,valencia,2010-06-27,bruno_senna,hrt,24,20,20,0.0,55,+2 Laps
2010,9,European Grand Prix,valencia,2010-06-27,trulli,lotus_racing,19,21,21,0.0,53,+4 Laps
2010,9,European Grand Prix,valencia,2010-06-27,hulkenberg,williams,8,22,R,0.0,49,Exhaust
2010,9,European Grand Prix,valencia,2010-06-27,kovalainen,lotus_racing,20,23,R,0.0,8,Collision
2010,9,European Grand Prix,valencia,2010-06-27,webber,red_bull,2,24,R,0.0,8,Collision
2010,10,British Grand Prix,silverstone,2010-07-11,webber,red_bull,2,1,1,25.0,52,Finished
2010,10,British Grand Prix,silverstone,2010-07-11,hamilton,mclaren,4,2,2,18.0,52,Finished
2010,10,British Grand Prix,silverstone,2010-07-11,rosberg,mercedes,5,3,3,15.0,52,Finished
2010,10,British Grand Prix,silverstone,2010-07-11,button,mclaren,14,4,4,12.0,52,Finished
2010,10,British Grand Prix,silverstone,2010-07-11,barrichello,williams,8,5,5,10.0,52,Finished
2010,10,British Grand Prix,silverstone,2010-07-11,kobayashi,sauber,12,6,6,8.0,52,Finished
2010,10,British Grand Prix,silverstone,2010-07-11,vettel,red_bull,1,7,7,6.0,52,Finished
2010,10,British Grand Prix,silverstone,2010-07-11,sutil,force_india,11,8,8,4.0,52,Finished
2010,10,British Grand Prix,silverstone,2010-07-11,michael_schumacher,mercedes,10,9,9,2.0,52,Finished
2010,10,British Grand Prix,silverstone,2010-07-11,hulkenberg,williams,13,10,10,1.0,52,Finished
2010,10,British Grand Prix,silverstone,2010-07-11,liuzzi,force_india,20,11,11,0.0,52,Finished
2010,10,British Grand Prix,silverstone,2010-07-11,buemi,toro_rosso,16,12,12,0.0,52,Finished
2010,10,British Grand Prix,silverstone,2010-07-11,petrov,renault,15,13,13,0.0,52,Finished
2010,10,British Grand Prix,silverstone,2010-07-11,alonso,ferrari,3,14,14,0.0,52,Finished
2010,10,British Grand Prix,silverstone,2010-07-11,massa,ferrari,7,15,15,0.0,52,Finished
2010,10,British Grand Prix,silverstone,2010-07-11,trulli,lotus_racing,21,16,16,0.0,51,+1 Lap
2010,10,British Grand Prix,silverstone,2010-07-11,kovalainen,lotus_racing,18,17,17,0.0,51,+1 Lap
2010,10,British Grand Prix,silverstone,2010-07-11,glock,virgin,19,18,18,0.0,50,+2 Laps
2010,10,British Grand Prix,silverstone,2010-07-11,chandhok,hrt,23,19,19,0.0,50,+2 Laps
2010,10,British Grand Prix,silverstone,2010-07-11,yamamoto,hrt,24,20,20,0.0,50,+2 Laps
2010,10,British Grand Prix,silverstone,2010-07-11,alguersuari,toro_rosso,17,21,R,0.0,44,Brakes
2010,10,British Grand Prix,silverstone,2010-07-11,rosa,sauber,9,22,R,0.0,29,Collision
2010,10,British Grand Prix,silverstone,2010-07-11,kubica,renault,6,23,R,0.0,19,Driveshaft
2010,10,British Grand Prix,silverstone,2010-07-11,grassi,virgin,22,24,R,0.0,9,Hydraulics
2010,11,German Grand Prix,hockenheimring,2010-07-25,alonso,ferrari,2,1,1,25.0,67,Finished
2010,11,German Grand Prix,hockenheimring,2010-07-25,massa,ferrari,3,2,2,18.0,67,Finished
2010,11,German Grand Prix,hockenheimring,2010-07-25,vettel,red_bull,1,3,3,15.0,67,Finished
2010,11,German Grand Prix,hockenheimring,2010-07-25,hamilton,mclaren,6,4,4,12.0,67,Finished
2010,11,German Grand Prix,hockenheimring,2010-07-25,button,mclaren,5,5,5,10.0,67,Finished
2010,11,German Grand Prix,hockenheimring,2010-07-25,webber,red_bull,4,6,6,8.0,67,Finished
2010,11,German Grand Prix,hockenheimring,2010-07-25,kubica,renault,7,7,7,6.0,66,+1 Lap
2010,11,German Grand Prix,hockenheimring,2010-07-25,rosberg,mercedes,9,8,8,4.0,66,+1 Lap
2010,11,German Grand Prix,hockenheimring,2010-07-25,michael_schumacher,mercedes,11,9,9,2.0,66,+1 Lap
2010,11,German Grand Prix,hockenheimring,2010-07-25,petrov,renault,13,10,10,1.0,66,+1 Lap
2010,11,German Grand Prix,hockenheimring,2010-07-25,kobayashi,sauber,12,11,11,0.0,66,+1 Lap
2010,11,German Grand Prix,hockenheimring,2010-07-25,barrichello,williams,8,12,12,0.0,66,+1 Lap
2010,11,German Grand Prix,hockenheimring,2010-07-25,hulkenberg,williams,10,13,13,0.0,66,+1 Lap
2010,11,German Grand Prix,hockenheimring,2010-07-25,rosa,sauber,14,14,14,0.0,66,+1 Lap
2010,11,German Grand Prix,hockenheimring,2010-07-25,alguersuari,toro_rosso,15,15,15,0.0,66,+1 Lap
2010,11,German Grand Prix,hockenheimring,2010-07-25,liuzzi,force_india,21,16,16,0.0,65,+2 Laps
2010,11,German Grand Prix,hockenheimring,2010-07-25,sutil,force_india,19,17,17,0.0,65,+2 Laps
2010,11,German Grand Prix,hockenheimring,2010-07-25,glock,virgin,23,18,18,0.0,64,+3 Laps
2010,11,German Grand Prix,hockenheimring,2010-07-25,bruno_senna,hrt,20,19,19,0.0,63,+4 Laps
2010,11,German Grand Prix,hockenheimring,2010-07-25,kovalainen,lotus_racing,18,20,R,0.0,56,Collision
2010,11,German Grand Prix,hockenheimring,2010-07-25,grassi,virgin,24,21,R,0.0,50,Gearbox
2010,11,German Grand Prix,hockenheimring,2010-07-25,yamamoto,hrt,22,22,R,0.0,19,Engine
2010,11,German Grand Prix,hockenheimring,2010-07-25,trulli,lotus_racing,17,23,R,0.0,3,Gearbox
2010,11,German Grand Prix,hockenheimring,2010-07-25,buemi,toro_rosso,16,24,R,0.0,1,Collision
2010,12,Hungarian Grand Prix,hungaroring,2010-08-01,webber,red_bull,2,1,1,25.0,70,Finished
2010,12,Hungarian Grand Prix,hungaroring,2010-08-01,alonso,ferrari,3,2,2,18.0,70,Finished
2010,12,Hungarian Grand Prix,hungaroring,2010-08-01,vettel,red_bull,1,3,3,15.0,70,Finished
2010,12,Hungarian Grand Prix,hungaroring,2010-08-01,massa,ferrari,4,4,4,12.0,70,Finished
2010,12,Hungarian Grand Prix,hungaroring,2010-08-01,petrov,renault,7,5,5,10.0,70,Finished
2010,12,Hungarian Grand Prix,hungaroring,2010-08-01,hulkenberg,williams,10,6,6,8.0,70,Finished
2010,12,Hungarian Grand Prix,hungaroring,2010-08-01,rosa,sauber,9,7,7,6.0,69,+1 Lap
2010,12,Hungarian Grand Prix,hungaroring,2010-08-01,button,mclaren,11,8,8,4.0,69,+1 Lap
2010,12,Hungarian Grand Prix,hungaroring,2010-08-01,kobayashi,sauber,23,9,9,2.0,69,+1 Lap
2010,12,Hungarian Grand Prix,hungaroring,2010-08-01,barrichello,williams,12,10,10,1.0,69,+1 Lap
2010,12,Hungarian Grand Prix,hungaroring,2010-08-01,michael_schumacher,mercedes,14,11,11,0.0,69,+1 Lap
2010,12,Hungarian Grand Prix,hungaroring,2010-08-01,buemi,toro_rosso,15,12,12,0.0,69,+1 Lap
2010,12,Hungarian Grand Prix,hungaroring,2010-08-01,liuzzi,force_india,16,13,13,0.0,69,+1 Lap
2010,12,Hungarian Grand Prix,hungaroring,2010-08-01,kovalainen,lotus_racing,19,14,14,0.0,67,+3 Laps
2010,12,Hungarian Grand Prix,hungaroring,2010-08-01,trulli,lotus_racing,20,15,15,0.0,67,+3 Laps
2010,12,Hungarian Grand Prix,hungaroring,2010-08-01,glock,virgin,18,16,16,0.0,67,+3 Laps
2010,12,Hungarian Grand Prix,hungaroring,2010-08-01,bruno_senna,hrt,22,17,17,0.0,67,+3 Laps
2010,12,Hungarian Grand Prix,hungaroring,2010-08-01,grassi,virgin,21,18,18,0.0,66,+4 Laps
2010,12,Hungarian Grand Prix,hungaroring,2010-08-01,yamamoto,hrt,24,19,19,0.0,66,+4 Laps
2010,12,Hungarian Grand Prix,hungaroring,2010-08-01,hamilton,mclaren,5,20,R,0.0,23,Gearbox
2010,12,Hungarian Grand Prix,hungaroring,2010-08-01,kubica,renault,8,21,R,0.0,23,Retired
2010,12,Hungarian Grand Prix,hungaroring,2010-08-01,rosberg,mercedes,6,22,R,0.0,15,Wheel
2010,12,Hungarian Grand Prix,hungaroring,2010-08-01,sutil,force_india,13,23,R,0.0,15,Collision
2010,12,Hungarian Grand Prix,hungaroring,2010-08-01,alguersuari,toro_rosso,17,24,R,0.0,1,Engine
2010,13,Belgian Grand Prix,spa,2010-08-29,hamilton,mclaren,2,1,1,25.0,44,Finished
2010,13,Belgian Grand Prix,spa,2010-08-29,webber,red_bull,1,2,2,18.0,44,Finished
2010,13,Belgian Grand Prix,spa,2010-08-29,kubica,renault,3,3,3,15.0,44,Finished
2010,13,Belgian Grand Prix,spa,2010-08-29,massa,ferrari,6,4,4,12.0,44,Finished
2010,13,Belgian Grand Prix,spa,2010-08-29,sutil,force_india,8,5,5,10.0,44,Finished
2010,13,Belgian Grand Prix,spa,2010-08-29,rosberg,mercedes,14,6,6,8.0,44,Finished
2010,13,Belgian Grand Prix,spa,2010-08-29,michael_schumacher,mercedes,21,7,7,6.0,44,Finished
2010,13,Belgian Grand Prix,spa,2010-08-29,kobayashi,sauber,17,8,8,4.0,44,Finished
2010,13,Belgian Grand Prix,spa,2010-08-29,petrov,renault,23,9,9,2.0,44,Finished
2010,13,Belgian Grand Prix,spa,2010-08-29,liuzzi,force_india,12,10,10,1.0,44,Finished
2010,13,Belgian Grand Prix,spa,2010-08-29,rosa,sauber,24,11,11,0.0,44,Finished
2010,13,Belgian Grand Prix,spa,2010-08-29,buemi,toro_rosso,16,12,12,0.0,44,Finished
2010,13,Belgian Grand Prix,spa,2010-08-29,alguersuari,toro_rosso,11,13,13,0.0,44,Finished
2010,13,Belgian Grand Prix,spa,2010-08-29,hulkenberg,williams,9,14,14,0.0,43,+1 Lap
2010,13,Belgian Grand Prix,spa,2010-08-29,vettel,red_bull,4,15,15,0.0,43,+1 Lap
2010,13,Belgian Grand Prix,spa,2010-08-29,kovalainen,lotus_racing,13,16,16,0.0,43,+1 Lap
2010,13,Belgian Grand Prix,spa,2010-08-29,grassi,virgin,22,17,17,0.0,43,+1 Lap
2010,13,Belgian Grand Prix,spa,2010-08-29,glock,virgin,20,18,18,0.0,43,+1 Lap
2010,13,Belgian Grand Prix,spa,2010-08-29,trulli,lotus_racing,15,19,19,0.0,43,+1 Lap
2010,13,Belgian Grand Prix,spa,2010-08-29,yamamoto,hrt,19,20,20,0.0,42,+2 Laps
2010,13,Belgian Grand Prix,spa,2010-08-29,alonso,ferrari,10,21,R,0.0,37,Accident
2010,13,Belgian Grand Prix,spa,2010-08-29,button,mclaren,5,22,R,0.0,15,Collision
2010,13,Belgian Grand Prix,spa,2010-08-29,bruno_senna,hrt,18,23,R,0.0,5,Retired
2010,13,Belgian Grand Prix,spa,2010-08-29,barrichello,williams,7,24,R,0.0,0,Collision
2010,14,Italian Grand Prix,monza,2010-09-12,alonso,ferrari,1,1,1,25.0,53,Finished
2010,14,Italian Grand Prix,monza,2010-09-12,button,mclaren,2,2,2,18.0,53,Finished
2010,14,Italian Grand Prix,monza,2010-09-12,massa,ferrari,3,3,3,15.0,53,Finished
2010,14,Italian Grand Prix,monza,2010-09-12,vettel,red_bull,6,4,4,12.0,53,Finished
2010,14,Italian Grand Prix,monza,2010-09-12,rosberg,mercedes,7,5,5,10.0,53,Finished
2010,14,Italian Grand Prix,monza,2010-09-12,webber,red_bull,4,6,6,8.0,53,Finished
2010,14,Italian Grand Prix,monza,2010-09-12,hulkenberg,williams,8,7,7,6.0,53,Finished
2010,14,Italian Grand Prix,monza,2010-09-12,kubica,renault,9,8,8,4.0,53,Finished
2010,14,Italian Grand Prix,monza,2010-09-12,michael_schumacher,mercedes,12,9,9,2.0,53,Finished
2010,14,Italian Grand Prix,monza,2010-09-12,barrichello,williams,10,10,10,1.0,53,Finished
2010,14,Italian Grand Prix,monza,2010-09-12,buemi,toro_rosso,14,11,11,0.0,53,Finished
2010,14,Italian Grand Prix,monza,2010-09-12,liuzzi,force_india,19,12,12,0.0,53,Finished
2010,14,Italian Grand Prix,monza,2010-09-12,petrov,renault,20,13,13,0.0,53,Finished
2010,14,Italian Grand Prix,monza,2010-09-12,rosa,sauber,16,14,14,0.0,52,+1 Lap
2010,14,Italian Grand Prix,monza,2010-09-12,alguersuari,toro_rosso,15,15,15,0.0,52,+1 Lap
2010,14,Italian Grand Prix,monza,2010-09-12,sutil,force_india,11,16,16,0.0,52,+1 Lap
2010,14,Italian Grand Prix,monza,2010-09-12,glock,virgin,24,17,17,0.0,51,+2 Laps
2010,14,Italian Grand Prix,monza,2010-09-12,kovalainen,lotus_racing,18,18,18,0.0,51,+2 Laps
2010,14,Italian Grand Prix,monza,2010-09-12,yamamoto,hrt,23,19,19,0.0,51,+2 Laps
2010,14,Italian Grand Prix,monza,2010-09-12,grassi,virgin,21,20,20,0.0,50,+3 Laps
2010,14,Italian Grand Prix,monza,2010-09-12,trulli,lotus_racing,17,21,R,0.0,46,Engine
2010,14,Italian Grand Prix,monza,2010-09-12,bruno_senna,hrt,22,22,R,0.0,11,Retired
2010,14,Italian Grand Prix,monza,2010-09-12,hamilton,mclaren,5,23,R,0.0,0,Collision
2010,14,Italian Grand Prix,monza,2010-09-12,kobayashi,sauber,13,24,R,0.0,0,Gearbox
2010,15,Singapore Grand Prix,marina_bay,2010-09-26,alonso,ferrari,1,1,1,25.0,61,Finished
2010,15,Singapore Grand Prix,marina_bay,2010-09-26,vettel,red_bull,2,2,2,18.0,61,Finished
2010,15,Singapore Grand Prix,marina_bay,2010-09-26,webber,red_bull,5,3,3,15.0,61,Finished
2010,15,Singapore Grand Prix,marina_bay,2010-09-26,button,mclaren,4,4,4,12.0,61,Finished
2010,15,Singapore Grand Prix,marina_bay,2010-09-26,rosberg,mercedes,7,5,5,10.0,61,Finished
2010,15,Singapore Grand Prix,marina_bay,2010-09-26,barrichello,williams,6,6,6,8.0,61,Finished
2010,15,Singapore Grand Prix,marina_bay,2010-09-26,kubica,renault,8,7,7,6.0,61,Finished
2010,15,Singapore Grand Prix,marina_bay,2010-09-26,massa,ferrari,24,8,8,4.0,61,Finished
2010,15,Singapore Grand Prix,marina_bay,2010-09-26,sutil,force_india,15,9,9,2.0,61,Finished
2010,15,Singapore Grand Prix,marina_bay,2010-09-26,hulkenberg,williams,17,10,10,1.0,61,Finished
2010,15,Singapore Grand Prix,marina_bay,2010-09-26,petrov,renault,12,11,11,0.0,60,+1 Lap
2010,15,Singapore Grand Prix,marina_bay,2010-09-26,alguersuari,toro_rosso,11,12,12,0.0,60,+1 Lap
2010,15,Singapore Grand Prix,marina_bay,2010-09-26,michael_schumacher,mercedes,9,13,13,0.0,60,+1 Lap
2010,15,Singapore Grand Prix,marina_bay,2010-09-26,buemi,toro_rosso,13,14,14,0.0,60,+1 Lap
2010,15,Singapore Grand Prix,marina_bay,2010-09-26,grassi,virgin,20,15,15,0.0,59,+2 Laps
2010,15,Singapore Grand Prix,marina_bay,2010-09-26,kovalainen,lotus_racing,19,16,16,0.0,58,Engine
2010,15,Singapore Grand Prix,marina_bay,2010-09-26,glock,virgin,18,17,R,0.0,49,Hydraulics
2010,15,Singapore Grand Prix,marina_bay,2010-09-26,heidfeld,sauber,14,18,R,0.0,36,Collision
2010,15,Singapore Grand Prix,marina_bay,2010-09-26,hamilton,mclaren,3,19,R,0.0,35,Collision
2010,15,Singapore Grand Prix,marina_bay,2010-09-26,klien,hrt,22,20,R,0.0,31,Hydraulics
2010,15,Singapore Grand Prix,marina_bay,2010-09-26,kobayashi,sauber,10,21,R,0.0,30,Accident
2010,15,Singapore Grand Prix,marina_bay,2010-09-26,bruno_senna,hrt,23,22,R,0.0,29,Accident
2010,15,Singapore Grand Prix,marina_bay,2010-09-26,trulli,lotus_racing,21,23,R,0.0,27,Hydraulics
2010,15,Singapore Grand Prix,marina_bay,2010-09-26,liuzzi,force_india,16,24,R,0.0,1,Collision
2010,16,Japanese Grand Prix,suzuka,2010-10-10,vettel,red_bull,1,1,1,25.0,53,Finished
2010,16,Japanese Grand Prix,suzuka,2010-10-10,webber,red_bull,2,2,2,18.0,53,Finished
2010,16,Japanese Grand Prix,suzuka,2010-10-10,alonso,ferrari,4,3,3,15.0,53,Finished
2010,16,Japanese Grand Prix,suzuka,2010-10-10,button,mclaren,5,4,4,12.0,53,Finished
2010,16,Japanese Grand Prix,suzuka,2010-10-10,hamilton,mclaren,8,5,5,10.0,53,Finished
2010,16,Japanese Grand Prix,suzuka,2010-10-10,michael_schumacher,mercedes,10,6,6,8.0,53,Finished
2010,16,Japanese Grand Prix,suzuka,2010-10-10,kobayashi,sauber,14,7,7,6.0,53,Finished
2010,16,Japanese Grand Prix,suzuka,2010-10-10,heidfeld,sauber,11,8,8,4.0,53,Finished
2010,16,Japanese Grand Prix,suzuka,2010-10-10,barrichello,williams,7,9,9,2.0,53,Finished
2010,16,Japanese Grand Prix,suzuka,2010-10-10,buemi,toro_rosso,18,10,10,1.0,53,Finished
2010,16,Japanese Grand Prix,suzuka,2010-10-10,alguersuari,toro_rosso,16,11,11,0.0,52,+1 Lap
2010,16,Japanese Grand Prix,suzuka,2010-10-10,kovalainen,lotus_racing,20,12,12,0.0,52,+1 Lap
2010,16,Japanese Grand Prix,suzuka,2010-10-10,trulli,lotus_racing,19,13,13,0.0,51,+2 Laps
2010,16,Japanese Grand Prix,suzuka,2010-10-10,glock,virgin,22,14,14,0.0,51,+2 Laps
2010,16,Japanese Grand Prix,suzuka,2010-10-10,bruno_senna,hrt,23,15,15,0.0,51,+2 Laps
2010,16,Japanese Grand Prix,suzuka,2010-10-10,yamamoto,hrt,24,16,16,0.0,50,+3 Laps
2010,16,Japanese Grand Prix,suzuka,2010-10-10,rosberg,mercedes,6,17,R,0.0,47,Suspension
2010,16,Japanese Grand Prix,suzuka,2010-10-10,sutil,force_india,15,18,R,0.0,44,Oil leak
2010,16,Japanese Grand Prix,suzuka,2010-10-10,kubica,renault,3,19,R,0.0,2,Wheel
2010,16,Japanese Grand Prix,suzuka,2010-10-10,hulkenberg,williams,9,20,R,0.0,0,Accident
2010,16,Japanese Grand Prix,suzuka,2010-10-10,massa,ferrari,12,21,R,0.0,0,Accident
2010,16,Japanese Grand Prix,suzuka,2010-10-10,petrov,renault,13,22,R,0.0,0,Accident
2010,16,Japanese Grand Prix,suzuka,2010-10-10,liuzzi,force_india,17,23,R,0.0,0,Accident
2010,16,Japanese Grand Prix,suzuka,2010-10-10,grassi,virgin,21,24,R,0.0,0,Suspension
2010,17,Korean Grand Prix,yeongam,2010-10-24,alonso,ferrari,3,1,1,25.0,55,Finished
2010,17,Korean Grand Prix,yeongam,2010-10-24,hamilton,mclaren,4,2,2,18.0,55,Finished
2010,17,Korean Grand Prix,yeongam,2010-10-24,massa,ferrari,6,3,3,15.0,55,Finished
2010,17,Korean Grand Prix,yeongam,2010-10-24,michael_schumacher,mercedes,9,4,4,12.0,55,Finished
2010,17,Korean Grand Prix,yeongam,2010-10-24,kubica,renault,8,5,5,10.0,55,Finished
2010,17,Korean Grand Prix,yeongam,2010-10-24,liuzzi,force_india,17,6,6,8.0,55,Finished
2010,17,Korean Grand Prix,yeongam,2010-10-24,barrichello,williams,10,7,7,6.0,55,Finished
2010,17,Korean Grand Prix,yeongam,2010-10-24,kobayashi,sauber,12,8,8,4.0,55,Finished
2010,17,Korean Grand Prix,yeongam,2010-10-24,heidfeld,sauber,13,9,9,2.0,55,Finished
2010,17,Korean Grand Prix,yeongam,2010-10-24,hulkenberg,williams,11,10,10,1.0,55,Finished
2010,17,Korean Grand Prix,yeongam,2010-10-24,alguersuari,toro_rosso,15,11,11,0.0,55,Finished
2010,17,Korean Grand Prix,yeongam,2010-10-24,button,mclaren,7,12,12,0.0,55,Finished
2010,17,Korean Grand Prix,yeongam,2010-10-24,kovalainen,lotus_racing,21,13,13,0.0,54,+1 Lap
2010,17,Korean Grand Prix,yeongam,2010-10-24,bruno_senna,hrt,24,14,14,0.0,53,+2 Laps
2010,17,Korean Grand Prix,yeongam,2010-10-24,yamamoto,hrt,23,15,15,0.0,53,+2 Laps
2010,17,Korean Grand Prix,yeongam,2010-10-24,sutil,force_india,14,16,R,0.0,46,Collision
2010,17,Korean Grand Prix,yeongam,2010-10-24,vettel,red_bull,1,17,R,0.0,45,Engine
2010,17,Korean Grand Prix,yeongam,2010-10-24,petrov,renault,20,18,R,0.0,39,Accident
2010,17,Korean Grand Prix,yeongam,2010-10-24,glock,virgin,19,19,R,0.0,31,Collision
2010,17,Korean Grand Prix,yeongam,2010-10-24,buemi,toro_rosso,16,20,R,0.0,30,Collision
2010,17,Korean Grand Prix,yeongam,2010-10-24,grassi,virgin,22,21,R,0.0,25,Accident
2010,17,Korean Grand Prix,yeongam,2010-10-24,trulli,lotus_racing,18,22,R,0.0,25,Hydraulics
2010,17,Korean Grand Prix,yeongam,2010-10-24,webber,red_bull,2,23,R,0.0,18,Accident
2010,17,Korean Grand Prix,yeongam,2010-10-24,rosberg,mercedes,5,24,R,0.0,18,Collision
2010,18,Brazilian Grand Prix,interlagos,2010-11-07,vettel,red_bull,2,1,1,25.0,71,Finished
2010,18,Brazilian Grand Prix,interlagos,2010-11-07,webber,red_bull,3,2,2,18.0,71,Finished
2010,18,Brazilian Grand Prix,interlagos,2010-11-07,alonso,ferrari,5,3,3,15.0,71,Finished
2010,18,Brazilian Grand Prix,interlagos,2010-11-07,hamilton,mclaren,4,4,4,12.0,71,Finished
2010,18,Brazilian Grand Prix,interlagos,2010-11-07,button,mclaren,11,5,5,10.0,71,Finished
2010,18,Brazilian Grand Prix,interlagos,2010-11-07,rosberg,mercedes,13,6,6,8.0,71,Finished
2010,18,Brazilian Grand Prix,interlagos,2010-11-07,michael_schumacher,mercedes,8,7,7,6.0,71,Finished
2010,18,Brazilian Grand Prix,interlagos,2010-11-07,hulkenberg,williams,1,8,8,4.0,70,+1 Lap
2010,18,Brazilian Grand Prix,interlagos,2010-11-07,kubica,renault,7,9,9,2.0,70,+1 Lap
2010,18,Brazilian Grand Prix,interlagos,2010-11-07,kobayashi,sauber,12,10,10,1.0,70,+1 Lap
2010,18,Brazilian Grand Prix,interlagos,2010-11-07,alguersuari,toro_rosso,14,11,11,0.0,70,+1 Lap
2010,18,Brazilian Grand Prix,interlagos,2010-11-07,sutil,force_india,22,12,12,0.0,70,+1 Lap
2010,18,Brazilian Grand Prix,interlagos,2010-11-07,buemi,toro_rosso,19,13,13,0.0,70,+1 Lap
2010,18,Brazilian Grand Prix,interlagos,2010-11-07,barrichello,williams,6,14,14,0.0,70,+1 Lap
2010,18,Brazilian Grand Prix,interlagos,2010-11-07,massa,ferrari,9,15,15,0.0,70,+1 Lap
2010,18,Brazilian Grand Prix,interlagos,2010-11-07,petrov,renault,10,16,16,0.0,70,+1 Lap
2010,18,Brazilian Grand Prix,interlagos,2010-11-07,heidfeld,sauber,15,17,17,0.0,70,+1 Lap
2010,18,Brazilian Grand Prix,interlagos,2010-11-07,kovalainen,lotus_racing,20,18,18,0.0,69,+2 Laps
2010,18,Brazilian Grand Prix,interlagos,2010-11-07,trulli,lotus_racing,18,19,19,0.0,69,+2 Laps
2010,18,Brazilian Grand Prix,interlagos,2010-11-07,glock,virgin,17,20,20,0.0,69,+2 Laps
2010,18,Brazilian Grand Prix,interlagos,2010-11-07,bruno_senna,hrt,24,21,21,0.0,69,+2 Laps
2010,18,Brazilian Grand Prix,interlagos,2010-11-07,klien,hrt,23,22,22,0.0,65,+6 Laps
2010,18,Brazilian Grand Prix,interlagos,2010-11-07,grassi,virgin,21,23,R,0.0,62,+9 Laps
2010,18,Brazilian Grand Prix,interlagos,2010-11-07,liuzzi,force_india,16,24,R,0.0,49,Accident
2010,19,Abu Dhabi Grand Prix,yas_marina,2010-11-14,vettel,red_bull,1,1,1,25.0,55,Finished
2010,19,Abu Dhabi Grand Prix,yas_marina,2010-11-14,hamilton,mclaren,2,2,2,18.0,55,Finished
2010,19,Abu Dhabi Grand Prix,yas_marina,2010-11-14,button,mclaren,4,3,3,15.0,55,Finished
2010,19,Abu Dhabi Grand Prix,yas_marina,2010-11-14,rosberg,mercedes,9,4,4,12.0,55,Finished
2010,19,Abu Dhabi Grand Prix,yas_marina,2010-11-14,kubica,renault,11,5,5,10.0,55,Finished
2010,19,Abu Dhabi Grand Prix,yas_marina,2010-11-14,petrov,renault,10,6,6,8.0,55,Finished
2010,19,Abu Dhabi Grand Prix,yas_marina,2010-11-14,alonso,ferrari,3,7,7,6.0,55,Finished
2010,19,Abu Dhabi Grand Prix,yas_marina,2010-11-14,webber,red_bull,5,8,8,4.0,55,Finished
2010,19,Abu Dhabi Grand Prix,yas_marina,2010-11-14,alguersuari,toro_rosso,17,9,9,2.0,55,Finished
2010,19,Abu Dhabi Grand Prix,yas_marina,2010-11-14,massa,ferrari,6,10,10,1.0,55,Finished
2010,19,Abu Dhabi Grand Prix,yas_marina,2010-11-14,heidfeld,sauber,14,11,11,0.0,55,Finished
2010,19,Abu Dhabi Grand Prix,yas_marina,2010-11-14,barrichello,williams,7,12,12,0.0,55,Finished
2010,19,Abu Dhabi Grand Prix,yas_marina,2010-11-14,sutil,force_india,13,13,13,0.0,55,Finished
2010,19,Abu Dhabi Grand Prix,yas_marina,2010-11-14,kobayashi,sauber,12,14,14,0.0,55,Finished
2010,19,Abu Dhabi Grand Prix,yas_marina,2010-11-14,buemi,toro_rosso,18,15,15,0.0,55,Finished
2010,19,Abu Dhabi Grand Prix,yas_marina,2010-11-14,hulkenberg,williams,15,16,16,0.0,55,Finished
2010,19,Abu Dhabi Grand Prix,yas_marina,2010-11-14,kovalainen,lotus_racing,20,17,17,0.0,54,+1 Lap
2010,19,Abu Dhabi Grand Prix,yas_marina,2010-11-14,grassi,virgin,22,18,18,0.0,53,+2 Laps
2010,19,Abu Dhabi Grand Prix,yas_marina,2010-11-14,bruno_senna,hrt,23,19,19,0.0,53,+2 Laps
2010,19,Abu Dhabi Grand Prix,yas_marina,2010-11-14,klien,hrt,24,20,20,0.0,53,+2 Laps
2010,19,Abu Dhabi Grand Prix,yas_marina,2010-11-14,trulli,lotus_racing,19,21,21,0.0,51,Rear wing
2010,19,Abu Dhabi Grand Prix,yas_marina,2010-11-14,glock,virgin,21,22,R,0.0,43,Gearbox
2010,19,Abu Dhabi Grand Prix,yas_marina,2010-11-14,michael_schumacher,mercedes,8,23,R,0.0,0,Collision
2010,19,Abu Dhabi Grand Prix,yas_marina,2010-11-14,liuzzi,force_india,16,24,R,0.0,0,Collision
2011,1,Australian Grand Prix,albert_park,2011-03-27,vettel,red_bull,1,1,1,25.0,58,Finished
2011,1,Australian Grand Prix,albert_park,2011-03-27,hamilton,mclaren,2,2,2,18.0,58,Finished
2011,1,Australian Grand Prix,albert_park,2011-03-27,petrov,renault,6,3,3,15.0,58,Finished
2011,1,Australian Grand Prix,albert_park,2011-03-27,alonso,ferrari,5,4,4,12.0,58,Finished
2011,1,Australian Grand Prix,albert_park,2011-03-27,webber,red_bull,3,5,5,10.0,58,Finished
2011,1,Australian Grand Prix,albert_park,2011-03-27,button,mclaren,4,6,6,8.0,58,Finished
2011,1,Australian Grand Prix,albert_park,2011-03-27,massa,ferrari,8,7,7,6.0,58,Finished
2011,1,Australian Grand Prix,albert_park,2011-03-27,buemi,toro_rosso,10,8,8,4.0,57,+1 Lap
2011,1,Australian Grand Prix,albert_park,2011-03-27,sutil,force_india,16,9,9,2.0,57,+1 Lap
2011,1,Australian Grand Prix,albert_park,2011-03-27,resta,force_india,14,10,10,1.0,57,+1 Lap
2011,1,Australian Grand Prix,albert_park,2011-03-27,alguersuari,toro_rosso,12,11,11,0.0,57,+1 Lap
2011,1,Australian Grand Prix,albert_park,2011-03-27,heidfeld,renault,18,12,12,0.0,57,+1 Lap
2011,1,Australian Grand Prix,albert_park,2011-03-27,trulli,lotus_racing,20,13,13,0.0,56,+2 Laps
2011,1,Australian Grand Prix,albert_park,2011-03-27,ambrosio,virgin,22,14,14,0.0,54,+4 Laps
2011,1,Australian Grand Prix,albert_park,2011-03-27,glock,virgin,21,15,R,0.0,49,+9 Laps
2011,1,Australian Grand Prix,albert_park,2011-03-27,barrichello,williams,17,16,R,0.0,48,Transmission
2011,1,Australian Grand Prix,albert_park,2011-03-27,rosberg,mercedes,7,17,R,0.0,22,Collision
2011,1,Australian Grand Prix,albert_park,2011-03-27,kovalainen,lotus_racing,19,18,R,0.0,19,Water leak
2011,1,Australian Grand Prix,albert_park,2011-03-27,michael_schumacher,mercedes,11,19,R,0.0,19,Collision
2011,1,Australian Grand Prix,albert_park,2011-03-27,maldonado,williams,15,20,R,0.0,9,Transmission
2011,1,Australian Grand Prix,albert_park,2011-03-27,kobayashi,sauber,9,21,D,0.0,58,Disqualified
2011,1,Australian Grand Prix,albert_park,2011-03-27,perez,sauber,13,22,D,0.0,58,Disqualified
2011,2,Malaysian Grand Prix,sepang,2011-04-10,vettel,red_bull,1,1,1,25.0,56,Finished
2011,2,Malaysian Grand Prix,sepang,2011-04-10,button,mclaren,4,2,2,18.0,56,Finished
2011,2,Malaysian Grand Prix,sepang,2011-04-10,heidfeld,renault,6,3,3,15.0,56,Finished
2011,2,Malaysian Grand Prix,sepang,2011-04-10,webber,red_bull,3,4,4,12.0,56,Finished
2011,2,Malaysian Grand Prix,sepang,2011-04-10,massa,ferrari,7,5,5,10.0,56,Finished
2011,2,Malaysian Grand Prix,sepang,2011-04-10,alonso,ferrari,5,6,6,8.0,56,Finished
2011,2,Malaysian Grand Prix,sepang,2011-04-10,kobayashi,sauber,10,7,7,6.0,56,Finished
2011,2,Malaysian Grand Prix,sepang,2011-04-10,hamilton,mclaren,2,8,8,4.0,56,Finished
2011,2,Malaysian Grand Prix,sepang,2011-04-10,michael_schumacher,mercedes,11,9,9,2.0,56,Finished
2011,2,Malaysian Grand Prix,sepang,2011-04-10,resta,force_india,14,10,10,1.0,56,Finished
2011,2,Malaysian Grand Prix,sepang,2011-04-10,sutil,force_india,17,11,11,0.0,55,+1 Lap
2011,2,Malaysian Grand Prix,sepang,2011-04-10,rosberg,mercedes,9,12,12,0.0,55,+1 Lap
2011,2,Malaysian Grand Prix,sepang,2011-04-10,buemi,toro_rosso,12,13,13,0.0,55,+1 Lap
2011,2,Malaysian Grand Prix,sepang,2011-04-10,alguersuari,toro_rosso,13,14,14,0.0,55,+1 Lap
2011,2,Malaysian Grand Prix,sepang,2011-04-10,kovalainen,lotus_racing,19,15,15,0.0,55,+1 Lap
2011,2,Malaysian Grand Prix,sepang,2011-04-10,glock,virgin,21,16,16,0.0,54,+2 Laps
2011,2,Malaysian Grand Prix,sepang,2011-04-10,petrov,renault,8,17,17,0.0,52,Accident
2011,2,Malaysian Grand Prix,sepang,2011-04-10,liuzzi,hrt,23,18,R,0.0,46,+10 Laps
2011,2,Malaysian Grand Prix,sepang,2011-04-10,ambrosio,virgin,22,19,R,0.0,42,Accident
2011,2,Malaysian Grand Prix,sepang,2011-04-10,trulli,lotus_racing,20,20,R,0.0,31,Clutch
2011,2,Malaysian Grand Prix,sepang,2011-04-10,perez,sauber,16,21,R,0.0,23,Accident
2011,2,Malaysian Grand Prix,sepang,2011-04-10,barrichello,williams,15,22,R,0.0,22,Gearbox
2011,2,Malaysian Grand Prix,sepang,2011-04-10,karthikeyan,hrt,24,23,R,0.0,14,+42 Laps
2011,2,Malaysian Grand Prix,sepang,2011-04-10,maldonado,williams,18,24,R,0.0,8,Engine misfire
2011,3,Chinese Grand Prix,shanghai,2011-04-17,hamilton,mclaren,3,1,1,25.0,56,Finished
2011,3,Chinese Grand Prix,shanghai,2011-04-17,vettel,red_bull,1,2,2,18.0,56,Finished
2011,3,Chinese Grand Prix,shanghai,2011-04-17,webber,red_bull,18,3,3,15.0,56,Finished
2011,3,Chinese Grand Prix,shanghai,2011-04-17,button,mclaren,2,4,4,12.0,56,Finished
2011,3,Chinese Grand Prix,shanghai,2011-04-17,rosberg,mercedes,4,5,5,10.0,56,Finished
2011,3,Chinese Grand Prix,shanghai,2011-04-17,massa,ferrari,6,6,6,8.0,56,Finished
2011,3,Chinese Grand Prix,shanghai,2011-04-17,alonso,ferrari,5,7,7,6.0,56,Finished
2011,3,Chinese Grand Prix,shanghai,2011-04-17,michael_schumacher,mercedes,14,8,8,4.0,56,Finished
2011,3,Chinese Grand Prix,shanghai,2011-04-17,petrov,renault,10,9,9,2.0,56,Finished
2011,3,Chinese Grand Prix,shanghai,2011-04-17,kobayashi,sauber,13,10,10,1.0,56,Finished
2011,3,Chinese Grand Prix,shanghai,2011-04-17,resta,force_india,8,11,11,0.0,56,Finished
2011,3,Chinese Grand Prix,shanghai,2011-04-17,heidfeld,renault,16,12,12,0.0,56,Finished
2011,3,Chinese Grand Prix,shanghai,2011-04-17,barrichello,williams,15,13,13,0.0,56,Finished
2011,3,Chinese Grand Prix,shanghai,2011-04-17,buemi,toro_rosso,9,14,14,0.0,56,Finished
2011,3,Chinese Grand Prix,shanghai,2011-04-17,sutil,force_india,11,15,15,0.0,55,+1 Lap
2011,3,Chinese Grand Prix,shanghai,2011-04-17,kovalainen,lotus_racing,19,16,16,0.0,55,+1 Lap
2011,3,Chinese Grand Prix,shanghai,2011-04-17,perez,sauber,12,17,17,0.0,55,+1 Lap
2011,3,Chinese Grand Prix,shanghai,2011-04-17,maldonado,williams,17,18,18,0.0,55,+1 Lap
2011,3,Chinese Grand Prix,shanghai,2011-04-17,trulli,lotus_racing,20,19,19,0.0,55,+1 Lap
2011,3,Chinese Grand Prix,shanghai,2011-04-17,ambrosio,virgin,21,20,20,0.0,54,+2 Laps
2011,3,Chinese Grand Prix,shanghai,2011-04-17,glock,virgin,22,21,21,0.0,54,+2 Laps
2011,3,Chinese Grand Prix,shanghai,2011-04-17,liuzzi,hrt,23,22,22,0.0,54,+2 Laps
2011,3,Chinese Grand Prix,shanghai,2011-04-17,karthikeyan,hrt,24,23,23,0.0,54,+2 Laps
2011,3,Chinese Grand Prix,shanghai,2011-04-17,alguersuari,toro_rosso,7,24,R,0.0,9,Wheel
2011,4,Turkish Grand Prix,istanbul,2011-05-08,vettel,red_bull,1,1,1,25.0,58,Finished
2011,4,Turkish Grand Prix,istanbul,2011-05-08,webber,red_bull,2,2,2,18.0,58,Finished
2011,4,Turkish Grand Prix,istanbul,2011-05-08,alonso,ferrari,5,3,3,15.0,58,Finished
2011,4,Turkish Grand Prix,istanbul,2011-05-08,hamilton,mclaren,4,4,4,12.0,58,Finished
2011,4,Turkish Grand Prix,istanbul,2011-05-08,rosberg,mercedes,3,5,5,10.0,58,Finished
2011,4,Turkish Grand Prix,istanbul,2011-05-08,button,mclaren,6,6,6,8.0,58,Finished
2011,4,Turkish Grand Prix,istanbul,2011-05-08,heidfeld,renault,9,7,7,6.0,58,Finished
2011,4,Turkish Grand Prix,istanbul,2011-05-08,petrov,renault,7,8,8,4.0,58,Finished
2011,4,Turkish Grand Prix,istanbul,2011-05-08,buemi,toro_rosso,16,9,9,2.0,58,Finished
2011,4,Turkish Grand Prix,istanbul,2011-05-08,kobayashi,sauber,24,10,10,1.0,58,Finished
2011,4,Turkish Grand Prix,istanbul,2011-05-08,massa,ferrari,10,11,11,0.0,58,Finished
2011,4,Turkish Grand Prix,istanbul,2011-05-08,michael_schumacher,mercedes,8,12,12,0.0,58,Finished
2011,4,Turkish Grand Prix,istanbul,2011-05-08,sutil,force_india,12,13,13,0.0,57,+1 Lap
2011,4,Turkish Grand Prix,istanbul,2011-05-08,perez,sauber,15,14,14,0.0,57,+1 Lap
2011,4,Turkish Grand Prix,istanbul,2011-05-08,barrichello,williams,11,15,15,0.0,57,+1 Lap
2011,4,Turkish Grand Prix,istanbul,2011-05-08,alguersuari,toro_rosso,17,16,16,0.0,57,+1 Lap
2011,4,Turkish Grand Prix,istanbul,2011-05-08,maldonado,williams,14,17,17,0.0,57,+1 Lap
2011,4,Turkish Grand Prix,istanbul,2011-05-08,trulli,lotus_racing,19,18,18,0.0,57,+1 Lap
2011,4,Turkish Grand Prix,istanbul,2011-05-08,kovalainen,lotus_racing,18,19,19,0.0,56,+2 Laps
2011,4,Turkish Grand Prix,istanbul,2011-05-08,ambrosio,virgin,23,20,20,0.0,56,+2 Laps
2011,4,Turkish Grand Prix,istanbul,2011-05-08,karthikeyan,hrt,22,21,21,0.0,55,+3 Laps
2011,4,Turkish Grand Prix,istanbul,2011-05-08,liuzzi,hrt,20,22,22,0.0,53,+5 Laps
2011,4,Turkish Grand Prix,istanbul,2011-05-08,resta,force_india,13,23,R,0.0,44,Retired
2011,4,Turkish Grand Prix,istanbul,2011-05-08,glock,virgin,21,24,W,0.0,0,Gearbox
2011,5,Spanish Grand Prix,catalunya,2011-05-22,vettel,red_bull,2,1,1,25.0,66,Finished
2011,5,Spanish Grand Prix,catalunya,2011-05-22,hamilton,mclaren,3,2,2,18.0,66,Finished
2011,5,Spanish Grand Prix,catalunya,2011-05-22,button,mclaren,5,3,3,15.0,66,Finished
2011,5,Spanish Grand Prix,catalunya,2011-05-22,webber,red_bull,1,4,4,12.0,66,Finished
2011,5,Spanish Grand Prix,catalunya,2011-05-22,alonso,ferrari,4,5,5,10.0,65,+1 Lap
2011,5,Spanish Grand Prix,catalunya,2011-05-22,michael_schumacher,mercedes,10,6,6,8.0,65,+1 Lap
2011,5,Spanish Grand Prix,catalunya,2011-05-22,rosberg,mercedes,7,7,7,6.0,65,+1 Lap
2011,5,Spanish Grand Prix,catalunya,2011-05-22,heidfeld,renault,24,8,8,4.0,65,+1 Lap
2011,5,Spanish Grand Prix,catalunya,2011-05-22,perez,sauber,12,9,9,2.0,65,+1 Lap
2011,5,Spanish Grand Prix,catalunya,2011-05-22,kobayashi,sauber,14,10,10,1.0,65,+1 Lap
2011,5,Spanish Grand Prix,catalunya,2011-05-22,petrov,renault,6,11,11,0.0,65,+1 Lap
2011,5,Spanish Grand Prix,catalunya,2011-05-22,resta,force_india,16,12,12,0.0,65,+1 Lap
2011,5,Spanish Grand Prix,catalunya,2011-05-22,sutil,force_india,17,13,13,0.0,65,+1 Lap
2011,5,Spanish Grand Prix,catalunya,2011-05-22,buemi,toro_rosso,11,14,14,0.0,65,+1 Lap
2011,5,Spanish Grand Prix,catalunya,2011-05-22,maldonado,williams,9,15,15,0.0,65,+1 Lap
2011,5,Spanish Grand Prix,catalunya,2011-05-22,alguersuari,toro_rosso,13,16,16,0.0,64,+2 Laps
2011,5,Spanish Grand Prix,catalunya,2011-05-22,barrichello,williams,19,17,17,0.0,64,+2 Laps
2011,5,Spanish Grand Prix,catalunya,2011-05-22,trulli,lotus_racing,18,18,18,0.0,64,+2 Laps
2011,5,Spanish Grand Prix,catalunya,2011-05-22,glock,virgin,20,19,19,0.0,63,+3 Laps
2011,5,Spanish Grand Prix,catalunya,2011-05-22,ambrosio,virgin,23,20,20,0.0,62,+4 Laps
2011,5,Spanish Grand Prix,catalunya,2011-05-22,karthikeyan,hrt,22,21,21,0.0,61,+5 Laps
2011,5,Spanish Grand Prix,catalunya,2011-05-22,massa,ferrari,8,22,R,0.0,58,Gearbox
2011,5,Spanish Grand Prix,catalunya,2011-05-22,kovalainen,lotus_racing,15,23,R,0.0,48,Accident
2011,5,Spanish Grand Prix,catalunya,2011-05-22,liuzzi,hrt,21,24,R,0.0,28,Gearbox
2011,6,Monaco Grand Prix,monaco,2011-05-29,vettel,red_bull,1,1,1,25.0,78,Finished
2011,6,Monaco Grand Prix,monaco,2011-05-29,alonso,ferrari,4,2,2,18.0,78,Finished
2011,6,Monaco Grand Prix,monaco,2011-05-29,button,mclaren,2,3,3,15.0,78,Finished
2011,6,Monaco Grand Prix,monaco,2011-05-29,webber,red_bull,3,4,4,12.0,78,Finished
2011,6,Monaco Grand Prix,monaco,2011-05-29,kobayashi,sauber,12,5,5,10.0,78,Finished
2011,6,Monaco Grand Prix,monaco,2011-05-29,hamilton,mclaren,9,6,6,8.0,78,Finished
2011,6,Monaco Grand Prix,monaco,2011-05-29,sutil,force_india,14,7,7,6.0,77,+1 Lap
2011,6,Monaco Grand Prix,monaco,2011-05-29,heidfeld,renault,15,8,8,4.0,77,+1 Lap
2011,6,Monaco Grand Prix,monaco,2011-05-29,barrichello,williams,11,9,9,2.0,77,+1 Lap
2011,6,Monaco Grand Prix,monaco,2011-05-29,buemi,toro_rosso,16,10,10,1.0,77,+1 Lap
2011,6,Monaco Grand Prix,monaco,2011-05-29,rosberg,mercedes,7,11,11,0.0,76,+2 Laps
2011,6,Monaco Grand Prix,monaco,2011-05-29,resta,force_india,13,12,12,0.0,76,+2 Laps
2011,6,Monaco Grand Prix,monaco,2011-05-29,trulli,lotus_racing,18,13,13,0.0,76,+2 Laps
2011,6,Monaco Grand Prix,monaco,2011-05-29,kovalainen,lotus_racing,17,14,14,0.0,76,+2 Laps
2011,6,Monaco Grand Prix,monaco,2011-05-29,ambrosio,virgin,21,15,15,0.0,75,+3 Laps
2011,6,Monaco Grand Prix,monaco,2011-05-29,liuzzi,hrt,23,16,16,0.0,75,+3 Laps
2011,6,Monaco Grand Prix,monaco,2011-05-29,karthikeyan,hrt,22,17,17,0.0,74,+4 Laps
2011,6,Monaco Grand Prix,monaco,2011-05-29,maldonado,williams,8,18,18,0.0,73,Accident
2011,6,Monaco Grand Prix,monaco,2011-05-29,petrov,renault,10,19,R,0.0,67,Collision
2011,6,Monaco Grand Prix,monaco,2011-05-29,alguersuari,toro_rosso,19,20,R,0.0,66,Collision
2011,6,Monaco Grand Prix,monaco,2011-05-29,massa,ferrari,6,21,R,0.0,32,Accident
2011,6,Monaco Grand Prix,monaco,2011-05-29,michael_schumacher,mercedes,5,22,R,0.0,32,Engine
2011,6,Monaco Grand Prix,monaco,2011-05-29,glock,virgin,20,23,R,0.0,30,Suspension
2011,6,Monaco Grand Prix,monaco,2011-05-29,perez,sauber,0,24,W,0.0,0,Injury
2011,7,Canadian Grand Prix,villeneuve,2011-06-12,button,mclaren,7,1,1,25.0,70,Finished
2011,7,Canadian Grand Prix,villeneuve,2011-06-12,vettel,red_bull,1,2,2,18.0,70,Finished
2011,7,Canadian Grand Prix,villeneuve,2011-06-12,webber,red_bull,4,3,3,15.0,70,Finished
2011,7,Canadian Grand Prix,villeneuve,2011-06-12,michael_schumacher,mercedes,8,4,4,12.0,70,Finished
2011,7,Canadian Grand Prix,villeneuve,2011-06-12,petrov,renault,10,5,5,10.0,70,Finished
2011,7,Canadian Grand Prix,villeneuve,2011-06-12,massa,ferrari,3,6,6,8.0,70,Finished
2011,7,Canadian Grand Prix,villeneuve,2011-06-12,kobayashi,sauber,13,7,7,6.0,70,Finished
2011,7,Canadian Grand Prix,villeneuve,2011-06-12,alguersuari,toro_rosso,24,8,8,4.0,70,Finished
2011,7,Canadian Grand Prix,villeneuve,2011-06-12,barrichello,williams,16,9,9,2.0,70,Finished
2011,7,Canadian Grand Prix,villeneuve,2011-06-12,buemi,toro_rosso,15,10,10,1.0,70,Finished
2011,7,Canadian Grand Prix,villeneuve,2011-06-12,rosberg,mercedes,6,11,11,0.0,70,Finished
2011,7,Canadian Grand Prix,villeneuve,2011-06-12,rosa,sauber,17,12,12,0.0,70,Finished
2011,7,Canadian Grand Prix,villeneuve,2011-06-12,liuzzi,hrt,20,13,13,0.0,69,+1 Lap
2011,7,Canadian Grand Prix,villeneuve,2011-06-12,ambrosio,virgin,23,14,14,0.0,69,+1 Lap
2011,7,Canadian Grand Prix,villeneuve,2011-06-12,glock,virgin,21,15,15,0.0,69,+1 Lap
2011,7,Canadian Grand Prix,villeneuve,2011-06-12,trulli,lotus_racing,18,16,16,0.0,69,+1 Lap
2011,7,Canadian Grand Prix,villeneuve,2011-06-12,karthikeyan,hrt,22,17,17,0.0,69,+1 Lap
2011,7,Canadian Grand Prix,villeneuve,2011-06-12,resta,force_india,11,18,18,0.0,67,Accident
2011,7,Canadian Grand Prix,villeneuve,2011-06-12,maldonado,williams,12,19,R,0.0,61,Retired
2011,7,Canadian Grand Prix,villeneuve,2011-06-12,heidfeld,renault,9,20,R,0.0,55,Accident
2011,7,Canadian Grand Prix,villeneuve,2011-06-12,sutil,force_india,14,21,R,0.0,49,Accident
2011,7,Canadian Grand Prix,villeneuve,2011-06-12,alonso,ferrari,2,22,R,0.0,36,Collision
2011,7,Canadian Grand Prix,villeneuve,2011-06-12,kovalainen,lotus_racing,19,23,R,0.0,28,Transmission
2011,7,Canadian Grand Prix,villeneuve,2011-06-12,hamilton,mclaren,5,24,R,0.0,7,Collision
2011,8,European Grand Prix,valencia,2011-06-26,vettel,red_bull,1,1,1,25.0,57,Finished
2011,8,European Grand Prix,valencia,2011-06-26,alonso,ferrari,4,2,2,18.0,57,Finished
2011,8,European Grand Prix,valencia,2011-06-26,webber,red_bull,2,3,3,15.0,57,Finished
2011,8,European Grand Prix,valencia,2011-06-26,hamilton,mclaren,3,4,4,12.0,57,Finished
2011,8,European Grand Prix,valencia,2011-06-26,massa,ferrari,5,5,5,10.0,57,Finished
2011,8,European Grand Prix,valencia,2011-06-26,button,mclaren,6,6,6,8.0,57,Finished
2011,8,European Grand Prix,valencia,2011-06-26,rosberg,mercedes,7,7,7,6.0,57,Finished
2011,8,European Grand Prix,valencia,2011-06-26,alguersuari,toro_rosso,18,8,8,4.0,56,+1 Lap
2011,8,European Grand Prix,valencia,2011-06-26,sutil,force_india,10,9,9,2.0,56,+1 Lap
2011,8,European Grand Prix,valencia,2011-06-26,heidfeld,renault,9,10,10,1.0,56,+1 Lap
2011,8,European Grand Prix,valencia,2011-06-26,perez,sauber,16,11,11,0.0,56,+1 Lap
2011,8,European Grand Prix,valencia,2011-06-26,barrichello,williams,13,12,12,0.0,56,+1 Lap
2011,8,European Grand Prix,valencia,2011-06-26,buemi,toro_rosso,17,13,13,0.0,56,+1 Lap
2011,8,European Grand Prix,valencia,2011-06-26,resta,force_india,12,14,14,0.0,56,+1 Lap
2011,8,European Grand Prix,valencia,2011-06-26,petrov,renault,11,15,15,0.0,56,+1 Lap
2011,8,European Grand Prix,valencia,2011-06-26,kobayashi,sauber,14,16,16,0.0,56,+1 Lap
2011,8,European Grand Prix,valencia,2011-06-26,michael_schumacher,mercedes,8,17,17,0.0,56,+1 Lap
2011,8,European Grand Prix,valencia,2011-06-26,maldonado,williams,15,18,18,0.0,56,+1 Lap
2011,8,European Grand Prix,valencia,2011-06-26,kovalainen,lotus_racing,19,19,19,0.0,55,+2 Laps
2011,8,European Grand Prix,valencia,2011-06-26,trulli,lotus_racing,20,20,20,0.0,55,+2 Laps
2011,8,European Grand Prix,valencia,2011-06-26,glock,virgin,21,21,21,0.0,55,+2 Laps
2011,8,European Grand Prix,valencia,2011-06-26,ambrosio,virgin,23,22,22,0.0,55,+2 Laps
2011,8,European Grand Prix,valencia,2011-06-26,liuzzi,hrt,22,23,23,0.0,54,+3 Laps
2011,8,European Grand Prix,valencia,2011-06-26,karthikeyan,hrt,24,24,24,0.0,54,+3 Laps
2011,9,British Grand Prix,silverstone,2011-07-10,alonso,ferrari,3,1,1,25.0,52,Finished
2011,9,British Grand Prix,silverstone,2011-07-10,vettel,red_bull,2,2,2,18.0,52,Finished
2011,9,British Grand Prix,silverstone,2011-07-10,webber,red_bull,1,3,3,15.0,52,Finished
2011,9,British Grand Prix,silverstone,2011-07-10,hamilton,mclaren,10,4,4,12.0,52,Finished
2011,9,British Grand Prix,silverstone,2011-07-10,massa,ferrari,4,5,5,10.0,52,Finished
2011,9,British Grand Prix,silverstone,2011-07-10,rosberg,mercedes,9,6,6,8.0,52,Finished
2011,9,British Grand Prix,silverstone,2011-07-10,perez,sauber,12,7,7,6.0,52,Finished
2011,9,British Grand Prix,silverstone,2011-07-10,heidfeld,renault,16,8,8,4.0,52,Finished
2011,9,British Grand Prix,silverstone,2011-07-10,michael_schumacher,mercedes,13,9,9,2.0,52,Finished
2011,9,British Grand Prix,silverstone,2011-07-10,alguersuari,toro_rosso,18,10,10,1.0,52,Finished
2011,9,British Grand Prix,silverstone,2011-07-10,sutil,force_india,11,11,11,0.0,52,Finished
2011,9,British Grand Prix,silverstone,2011-07-10,petrov,renault,14,12,12,0.0,52,Finished
2011,9,British Grand Prix,silverstone,2011-07-10,barrichello,williams,15,13,13,0.0,51,+1 Lap
2011,9,British Grand Prix,silverstone,2011-07-10,maldonado,williams,7,14,14,0.0,51,+1 Lap
2011,9,British Grand Prix,silverstone,2011-07-10,resta,force_india,6,15,15,0.0,51,+1 Lap
2011,9,British Grand Prix,silverstone,2011-07-10,glock,virgin,20,16,16,0.0,50,+2 Laps
2011,9,British Grand Prix,silverstone,2011-07-10,ambrosio,virgin,22,17,17,0.0,50,+2 Laps
2011,9,British Grand Prix,silverstone,2011-07-10,liuzzi,hrt,23,18,18,0.0,50,+2 Laps
2011,9,British Grand Prix,silverstone,2011-07-10,ricciardo,hrt,24,19,19,0.0,49,+3 Laps
2011,9,British Grand Prix,silverstone,2011-07-10,button,mclaren,5,20,R,0.0,39,Wheel nut
2011,9,British Grand Prix,silverstone,2011-07-10,buemi,toro_rosso,19,21,R,0.0,25,Accident
2011,9,British Grand Prix,silverstone,2011-07-10,kobayashi,sauber,8,22,R,0.0,23,Engine
2011,9,British Grand Prix,silverstone,2011-07-10,trulli,lotus_racing,21,23,R,0.0,10,Oil leak
2011,9,British Grand Prix,silverstone,2011-07-10,kovalainen,lotus_racing,17,24,R,0.0,2,Gearbox
2011,10,German Grand Prix,nurburgring,2011-07-24,hamilton,mclaren,2,1,1,25.0,60,Finished
2011,10,German Grand Prix,nurburgring,2011-07-24,alonso,ferrari,4,2,2,18.0,60,Finished
2011,10,German Grand Prix,nurburgring,2011-07-24,webber,red_bull,1,3,3,15.0,60,Finished
2011,10,German Grand Prix,nurburgring,2011-07-24,vettel,red_bull,3,4,4,12.0,60,Finished
2011,10,German Grand Prix,nurburgring,2011-07-24,massa,ferrari,5,5,5,10.0,60,Finished
2011,10,German Grand Prix,nurburgring,2011-07-24,sutil,force_india,8,6,6,8.0,60,Finished
2011,10,German Grand Prix,nurburgring,2011-07-24,rosberg,mercedes,6,7,7,6.0,59,+1 Lap
2011,10,German Grand Prix,nurburgring,2011-07-24,michael_schumacher,mercedes,10,8,8,4.0,59,+1 Lap
2011,10,German Grand Prix,nurburgring,2011-07-24,kobayashi,sauber,17,9,9,2.0,59,+1 Lap
2011,10,German Grand Prix,nurburgring,2011-07-24,petrov,renault,9,10,10,1.0,59,+1 Lap
2011,10,German Grand Prix,nurburgring,2011-07-24,perez,sauber,15,11,11,0.0,59,+1 Lap
2011,10,German Grand Prix,nurburgring,2011-07-24,alguersuari,toro_rosso,16,12,12,0.0,59,+1 Lap
2011,10,German Grand Prix,nurburgring,2011-07-24,resta,force_india,12,13,13,0.0,59,+1 Lap
2011,10,German Grand Prix,nurburgring,2011-07-24,maldonado,williams,13,14,14,0.0,59,+1 Lap
2011,10,German Grand Prix,nurburgring,2011-07-24,buemi,toro_rosso,24,15,15,0.0,59,+1 Lap
2011,10,German Grand Prix,nurburgring,2011-07-24,kovalainen,lotus_racing,18,16,16,0.0,58,+2 Laps
2011,10,German Grand Prix,nurburgring,2011-07-24,glock,virgin,19,17,17,0.0,57,+3 Laps
2011,10,German Grand Prix,nurburgring,2011-07-24,ambrosio,virgin,21,18,18,0.0,57,+3 Laps
2011,10,German Grand Prix,nurburgring,2011-07-24,ricciardo,hrt,22,19,19,0.0,57,+3 Laps
2011,10,German Grand Prix,nurburgring,2011-07-24,chandhok,lotus_racing,20,20,20,0.0,56,+4 Laps
2011,10,German Grand Prix,nurburgring,2011-07-24,liuzzi,hrt,23,21,R,0.0,37,Electrical
2011,10,German Grand Prix,nurburgring,2011-07-24,button,mclaren,7,22,R,0.0,35,Hydraulics
2011,10,German Grand Prix,nurburgring,2011-07-24,barrichello,williams,14,23,R,0.0,16,Oil leak
2011,10,German Grand Prix,nurburgring,2011-07-24,heidfeld,renault,11,24,R,0.0,9,Collision
2011,11,Hungarian Grand Prix,hungaroring,2011-07-31,button,mclaren,3,1,1,25.0,70,Finished
2011,11,Hungarian Grand Prix,hungaroring,2011-07-31,vettel,red_bull,1,2,2,18.0,70,Finished
2011,11,Hungarian Grand Prix,hungaroring,2011-07-31,alonso,ferrari,5,3,3,15.0,70,Finished
2011,11,Hungarian Grand Prix,hungaroring,2011-07-31,hamilton,mclaren,2,4,4,12.0,70,Finished
2011,11,Hungarian Grand Prix,hungaroring,2011-07-31,webber,red_bull,6,5,5,10.0,70,Finished
2011,11,Hungarian Grand Prix,hungaroring,2011-07-31,massa,ferrari,4,6,6,8.0,70,Finished
2011,11,Hungarian Grand Prix,hungaroring,2011-07-31,resta,force_india,11,7,7,6.0,69,+1 Lap
2011,11,Hungarian Grand Prix,hungaroring,2011-07-31,buemi,toro_rosso,23,8,8,4.0,69,+1 Lap
2011,11,Hungarian Grand Prix,hungaroring,2011-07-31,rosberg,mercedes,7,9,9,2.0,69,+1 Lap
2011,11,Hungarian Grand Prix,hungaroring,2011-07-31,alguersuari,toro_rosso,16,10,10,1.0,69,+1 Lap
2011,11,Hungarian Grand Prix,hungaroring,2011-07-31,kobayashi,sauber,13,11,11,0.0,69,+1 Lap
2011,11,Hungarian Grand Prix,hungaroring,2011-07-31,petrov,renault,12,12,12,0.0,69,+1 Lap
2011,11,Hungarian Grand Prix,hungaroring,2011-07-31,barrichello,williams,15,13,13,0.0,68,+2 Laps
2011,11,Hungarian Grand Prix,hungaroring,2011-07-31,sutil,force_india,8,14,14,0.0,68,+2 Laps
2011,11,Hungarian Grand Prix,hungaroring,2011-07-31,perez,sauber,10,15,15,0.0,68,+2 Laps
2011,11,Hungarian Grand Prix,hungaroring,2011-07-31,maldonado,williams,17,16,16,0.0,68,+2 Laps
2011,11,Hungarian Grand Prix,hungaroring,2011-07-31,glock,virgin,20,17,17,0.0,66,+4 Laps
2011,11,Hungarian Grand Prix,hungaroring,2011-07-31,ricciardo,hrt,22,18,18,0.0,66,+4 Laps
2011,11,Hungarian Grand Prix,hungaroring,2011-07-31,ambrosio,virgin,24,19,19,0.0,65,+5 Laps
2011,11,Hungarian Grand Prix,hungaroring,2011-07-31,liuzzi,hrt,21,20,20,0.0,65,+5 Laps
2011,11,Hungarian Grand Prix,hungaroring,2011-07-31,kovalainen,lotus_racing,18,21,R,0.0,55,Water leak
2011,11,Hungarian Grand Prix,hungaroring,2011-07-31,michael_schumacher,mercedes,9,22,R,0.0,26,Gearbox
2011,11,Hungarian Grand Prix,hungaroring,2011-07-31,heidfeld,renault,14,23,R,0.0,23,Heat shield fire
2011,11,Hungarian Grand Prix,hungaroring,2011-07-31,trulli,lotus_racing,19,24,R,0.0,17,Oil leak
2011,12,Belgian Grand Prix,spa,2011-08-28,vettel,red_bull,1,1,1,25.0,44,Finished
2011,12,Belgian Grand Prix,spa,2011-08-28,webber,red_bull,3,2,2,18.0,44,Finished
2011,12,Belgian Grand Prix,spa,2011-08-28,button,mclaren,13,3,3,15.0,44,Finished
2011,12,Belgian Grand Prix,spa,2011-08-28,alonso,ferrari,8,4,4,12.0,44,Finished
2011,12,Belgian Grand Prix,spa,2011-08-28,michael_schumacher,mercedes,24,5,5,10.0,44,Finished
2011,12,Belgian Grand Prix,spa,2011-08-28,rosberg,mercedes,5,6,6,8.0,44,Finished
2011,12,Belgian Grand Prix,spa,2011-08-28,sutil,force_india,15,7,7,6.0,44,Finished
2011,12,Belgian Grand Prix,spa,2011-08-28,massa,ferrari,4,8,8,4.0,44,Finished
2011,12,Belgian Grand Prix,spa,2011-08-28,petrov,renault,10,9,9,2.0,44,Finished
2011,12,Belgian Grand Prix,spa,2011-08-28,maldonado,williams,21,10,10,1.0,44,Finished
2011,12,Belgian Grand Prix,spa,2011-08-28,resta,force_india,17,11,11,0.0,44,Finished
2011,12,Belgian Grand Prix,spa,2011-08-28,kobayashi,sauber,12,12,12,0.0,44,Finished
2011,12,Belgian Grand Prix,spa,2011-08-28,bruno_senna,renault,7,13,13,0.0,44,Finished
2011,12,Belgian Grand Prix,spa,2011-08-28,trulli,lotus_racing,18,14,14,0.0,43,+1 Lap
2011,12,Belgian Grand Prix,spa,2011-08-28,kovalainen,lotus_racing,16,15,15,0.0,43,+1 Lap
2011,12,Belgian Grand Prix,spa,2011-08-28,barrichello,williams,14,16,16,0.0,43,+1 Lap
2011,12,Belgian Grand Prix,spa,2011-08-28,ambrosio,virgin,20,17,17,0.0,43,+1 Lap
2011,12,Belgian Grand Prix,spa,2011-08-28,glock,virgin,19,18,18,0.0,43,+1 Lap
2011,12,Belgian Grand Prix,spa,2011-08-28,liuzzi,hrt,22,19,19,0.0,43,+1 Lap
2011,12,Belgian Grand Prix,spa,2011-08-28,perez,sauber,9,20,R,0.0,27,Suspension
2011,12,Belgian Grand Prix,spa,2011-08-28,ricciardo,hrt,23,21,R,0.0,13,Engine
2011,12,Belgian Grand Prix,spa,2011-08-28,hamilton,mclaren,2,22,R,0.0,12,Collision
2011,12,Belgian Grand Prix,spa,2011-08-28,buemi,toro_rosso,11,23,R,0.0,6,Rear wing
2011,12,Belgian Grand Prix,spa,2011-08-28,alguersuari,toro_rosso,6,24,R,0.0,0,Collision
2011,13,Italian Grand Prix,monza,2011-09-11,vettel,red_bull,1,1,1,25.0,53,Finished
2011,13,Italian Grand Prix,monza,2011-09-11,button,mclaren,3,2,2,18.0,53,Finished
2011,13,Italian Grand Prix,monza,2011-09-11,alonso,ferrari,4,3,3,15.0,53,Finished
2011,13,Italian Grand Prix,monza,2011-09-11,hamilton,mclaren,2,4,4,12.0,53,Finished
2011,13,Italian Grand Prix,monza,2011-09-11,michael_schumacher,mercedes,8,5,5,10.0,53,Finished
2011,13,Italian Grand Prix,monza,2011-09-11,massa,ferrari,6,6,6,8.0,53,Finished
2011,13,Italian Grand Prix,monza,2011-09-11,alguersuari,toro_rosso,18,7,7,6.0,52,+1 Lap
2011,13,Italian Grand Prix,monza,2011-09-11,resta,force_india,11,8,8,4.0,52,+1 Lap
2011,13,Italian Grand Prix,monza,2011-09-11,bruno_senna,renault,10,9,9,2.0,52,+1 Lap
2011,13,Italian Grand Prix,monza,2011-09-11,buemi,toro_rosso,16,10,10,1.0,52,+1 Lap
2011,13,Italian Grand Prix,monza,2011-09-11,maldonado,williams,14,11,11,0.0,52,+1 Lap
2011,13,Italian Grand Prix,monza,2011-09-11,barrichello,williams,13,12,12,0.0,52,+1 Lap
2011,13,Italian Grand Prix,monza,2011-09-11,kovalainen,lotus_racing,20,13,13,0.0,51,+2 Laps
2011,13,Italian Grand Prix,monza,2011-09-11,trulli,lotus_racing,19,14,14,0.0,51,+2 Laps
2011,13,Italian Grand Prix,monza,2011-09-11,glock,virgin,21,15,15,0.0,51,+2 Laps
2011,13,Italian Grand Prix,monza,2011-09-11,ricciardo,hrt,23,16,R,0.0,39,+14 Laps
2011,13,Italian Grand Prix,monza,2011-09-11,perez,sauber,15,17,R,0.0,32,Gearbox
2011,13,Italian Grand Prix,monza,2011-09-11,kobayashi,sauber,17,18,R,0.0,21,Gearbox
2011,13,Italian Grand Prix,monza,2011-09-11,sutil,force_india,12,19,R,0.0,9,Hydraulics
2011,13,Italian Grand Prix,monza,2011-09-11,webber,red_bull,5,20,R,0.0,4,Accident
2011,13,Italian Grand Prix,monza,2011-09-11,ambrosio,virgin,22,21,R,0.0,1,Gearbox
2011,13,Italian Grand Prix,monza,2011-09-11,petrov,renault,7,22,R,0.0,0,Collision
2011,13,Italian Grand Prix,monza,2011-09-11,rosberg,mercedes,9,23,R,0.0,0,Collision
2011,13,Italian Grand Prix,monza,2011-09-11,liuzzi,hrt,24,24,R,0.0,0,Collision
2011,14,Singapore Grand Prix,marina_bay,2011-09-25,vettel,red_bull,1,1,1,25.0,61,Finished
2011,14,Singapore Grand Prix,marina_bay,2011-09-25,button,mclaren,3,2,2,18.0,61,Finished
2011,14,Singapore Grand Prix,marina_bay,2011-09-25,webber,red_bull,2,3,3,15.0,61,Finished
2011,14,Singapore Grand Prix,marina_bay,2011-09-25,alonso,ferrari,5,4,4,12.0,61,Finished
2011,14,Singapore Grand Prix,marina_bay,2011-09-25,hamilton,mclaren,4,5,5,10.0,61,Finished
2011,14,Singapore Grand Prix,marina_bay,2011-09-25,resta,force_india,10,6,6,8.0,61,Finished
2011,14,Singapore Grand Prix,marina_bay,2011-09-25,rosberg,mercedes,7,7,7,6.0,60,+1 Lap
2011,14,Singapore Grand Prix,marina_bay,2011-09-25,sutil,force_india,9,8,8,4.0,60,+1 Lap
2011,14,Singapore Grand Prix,marina_bay,2011-09-25,massa,ferrari,6,9,9,2.0,60,+1 Lap
2011,14,Singapore Grand Prix,marina_bay,2011-09-25,perez,sauber,11,10,10,1.0,60,+1 Lap
2011,14,Singapore Grand Prix,marina_bay,2011-09-25,maldonado,williams,13,11,11,0.0,60,+1 Lap
2011,14,Singapore Grand Prix,marina_bay,2011-09-25,buemi,toro_rosso,14,12,12,0.0,60,+1 Lap
2011,14,Singapore Grand Prix,marina_bay,2011-09-25,barrichello,williams,12,13,13,0.0,60,+1 Lap
2011,14,Singapore Grand Prix,marina_bay,2011-09-25,kobayashi,sauber,17,14,14,0.0,59,+2 Laps
2011,14,Singapore Grand Prix,marina_bay,2011-09-25,bruno_senna,renault,15,15,15,0.0,59,+2 Laps
2011,14,Singapore Grand Prix,marina_bay,2011-09-25,kovalainen,lotus_racing,19,16,16,0.0,59,+2 Laps
2011,14,Singapore Grand Prix,marina_bay,2011-09-25,petrov,renault,18,17,17,0.0,59,+2 Laps
2011,14,Singapore Grand Prix,marina_bay,2011-09-25,ambrosio,virgin,22,18,18,0.0,59,+2 Laps
2011,14,Singapore Grand Prix,marina_bay,2011-09-25,ricciardo,hrt,23,19,19,0.0,57,+4 Laps
2011,14,Singapore Grand Prix,marina_bay,2011-09-25,liuzzi,hrt,24,20,20,0.0,57,+4 Laps
2011,14,Singapore Grand Prix,marina_bay,2011-09-25,alguersuari,toro_rosso,16,21,21,0.0,56,Accident
2011,14,Singapore Grand Prix,marina_bay,2011-09-25,trulli,lotus_racing,20,22,R,0.0,47,Gearbox
2011,14,Singapore Grand Prix,marina_bay,2011-09-25,michael_schumacher,mercedes,8,23,R,0.0,28,Accident
2011,14,Singapore Grand Prix,marina_bay,2011-09-25,glock,virgin,21,24,R,0.0,9,Accident
2011,15,Japanese Grand Prix,suzuka,2011-10-09,button,mclaren,2,1,1,25.0,53,Finished
2011,15,Japanese Grand Prix,suzuka,2011-10-09,alonso,ferrari,5,2,2,18.0,53,Finished
2011,15,Japanese Grand Prix,suzuka,2011-10-09,vettel,red_bull,1,3,3,15.0,53,Finished
2011,15,Japanese Grand Prix,suzuka,2011-10-09,webber,red_bull,6,4,4,12.0,53,Finished
2011,15,Japanese Grand Prix,suzuka,2011-10-09,hamilton,mclaren,3,5,5,10.0,53,Finished
2011,15,Japanese Grand Prix,suzuka,2011-10-09,michael_schumacher,mercedes,8,6,6,8.0,53,Finished
2011,15,Japanese Grand Prix,suzuka,2011-10-09,massa,ferrari,4,7,7,6.0,53,Finished
2011,15,Japanese Grand Prix,suzuka,2011-10-09,perez,sauber,17,8,8,4.0,53,Finished
2011,15,Japanese Grand Prix,suzuka,2011-10-09,petrov,renault,10,9,9,2.0,53,Finished
2011,15,Japanese Grand Prix,suzuka,2011-10-09,rosberg,mercedes,23,10,10,1.0,53,Finished
2011,15,Japanese Grand Prix,suzuka,2011-10-09,sutil,force_india,11,11,11,0.0,53,Finished
2011,15,Japanese Grand Prix,suzuka,2011-10-09,resta,force_india,12,12,12,0.0,53,Finished
2011,15,Japanese Grand Prix,suzuka,2011-10-09,kobayashi,sauber,7,13,13,0.0,53,Finished
2011,15,Japanese Grand Prix,suzuka,2011-10-09,maldonado,williams,14,14,14,0.0,53,Finished
2011,15,Japanese Grand Prix,suzuka,2011-10-09,alguersuari,toro_rosso,16,15,15,0.0,53,Finished
2011,15,Japanese Grand Prix,suzuka,2011-10-09,bruno_senna,renault,9,16,16,0.0,53,Finished
2011,15,Japanese Grand Prix,suzuka,2011-10-09,barrichello,williams,13,17,17,0.0,53,Finished
2011,15,Japanese Grand Prix,suzuka,2011-10-09,kovalainen,lotus_racing,18,18,18,0.0,53,Finished
2011,15,Japanese Grand Prix,suzuka,2011-10-09,trulli,lotus_racing,19,19,19,0.0,53,Finished
2011,15,Japanese Grand Prix,suzuka,2011-10-09,glock,virgin,21,20,20,0.0,51,+2 Laps
2011,15,Japanese Grand Prix,suzuka,2011-10-09,ambrosio,virgin,20,21,21,0.0,51,+2 Laps
2011,15,Japanese Grand Prix,suzuka,2011-10-09,ricciardo,hrt,22,22,22,0.0,51,+2 Laps
2011,15,Japanese Grand Prix,suzuka,2011-10-09,liuzzi,hrt,24,23,23,0.0,50,+3 Laps
2011,15,Japanese Grand Prix,suzuka,2011-10-09,buemi,toro_rosso,15,24,R,0.0,11,Wheel
2011,16,Korean Grand Prix,yeongam,2011-10-16,vettel,red_bull,2,1,1,25.0,55,Finished
2011,16,Korean Grand Prix,yeongam,2011-10-16,hamilton,mclaren,1,2,2,18.0,55,Finished
2011,16,Korean Grand Prix,yeongam,2011-10-16,webber,red_bull,4,3,3,15.0,55,Finished
2011,16,Korean Grand Prix,yeongam,2011-10-16,button,mclaren,3,4,4,12.0,55,Finished
2011,16,Korean Grand Prix,yeongam,2011-10-16,alonso,ferrari,6,5,5,10.0,55,Finished
2011,16,Korean Grand Prix,yeongam,2011-10-16,massa,ferrari,5,6,6,8.0,55,Finished
2011,16,Korean Grand Prix,yeongam,2011-10-16,alguersuari,toro_rosso,11,7,7,6.0,55,Finished
2011,16,Korean Grand Prix,yeongam,2011-10-16,rosberg,mercedes,7,8,8,4.0,55,Finished
2011,16,Korean Grand Prix,yeongam,2011-10-16,buemi,toro_rosso,13,9,9,2.0,55,Finished
2011,16,Korean Grand Prix,yeongam,2011-10-16,resta,force_india,9,10,10,1.0,55,Finished
2011,16,Korean Grand Prix,yeongam,2011-10-16,sutil,force_india,10,11,11,0.0,55,Finished
2011,16,Korean Grand Prix,yeongam,2011-10-16,barrichello,williams,18,12,12,0.0,55,Finished
2011,16,Korean Grand Prix,yeongam,2011-10-16,bruno_senna,renault,15,13,13,0.0,54,+1 Lap
2011,16,Korean Grand Prix,yeongam,2011-10-16,kovalainen,lotus_racing,19,14,14,0.0,54,+1 Lap
2011,16,Korean Grand Prix,yeongam,2011-10-16,kobayashi,sauber,14,15,15,0.0,54,+1 Lap
2011,16,Korean Grand Prix,yeongam,2011-10-16,perez,sauber,17,16,16,0.0,54,+1 Lap
2011,16,Korean Grand Prix,yeongam,2011-10-16,trulli,lotus_racing,20,17,17,0.0,54,+1 Lap
2011,16,Korean Grand Prix,yeongam,2011-10-16,glock,virgin,21,18,18,0.0,54,+1 Lap
2011,16,Korean Grand Prix,yeongam,2011-10-16,ricciardo,hrt,24,19,19,0.0,54,+1 Lap
2011,16,Korean Grand Prix,yeongam,2011-10-16,ambrosio,virgin,22,20,20,0.0,54,+1 Lap
2011,16,Korean Grand Prix,yeongam,2011-10-16,liuzzi,hrt,23,21,21,0.0,52,+3 Laps
2011,16,Korean Grand Prix,yeongam,2011-10-16,maldonado,williams,16,22,R,0.0,30,Clutch
2011,16,Korean Grand Prix,yeongam,2011-10-16,petrov,renault,8,23,R,0.0,16,Collision
2011,16,Korean Grand Prix,yeongam,2011-10-16,michael_schumacher,mercedes,12,24,R,0.0,15,Collision
2011,17,Indian Grand Prix,buddh,2011-10-30,vettel,red_bull,1,1,1,25.0,60,Finished
2011,17,Indian Grand Prix,buddh,2011-10-30,button,mclaren,4,2,2,18.0,60,Finished
2011,17,Indian Grand Prix,buddh,2011-10-30,alonso,ferrari,3,3,3,15.0,60,Finished
2011,17,Indian Grand Prix,buddh,2011-10-30,webber,red_bull,2,4,4,12.0,60,Finished
2011,17,Indian Grand Prix,buddh,2011-10-30,michael_schumacher,mercedes,11,5,5,10.0,60,Finished
2011,17,Indian Grand Prix,buddh,2011-10-30,rosberg,mercedes,7,6,6,8.0,60,Finished
2011,17,Indian Grand Prix,buddh,2011-10-30,hamilton,mclaren,5,7,7,6.0,60,Finished
2011,17,Indian Grand Prix,buddh,2011-10-30,alguersuari,toro_rosso,10,8,8,4.0,59,+1 Lap
2011,17,Indian Grand Prix,buddh,2011-10-30,sutil,force_india,8,9,9,2.0,59,+1 Lap
2011,17,Indian Grand Prix,buddh,2011-10-30,perez,sauber,20,10,10,1.0,59,+1 Lap
2011,17,Indian Grand Prix,buddh,2011-10-30,petrov,renault,16,11,11,0.0,59,+1 Lap
2011,17,Indian Grand Prix,buddh,2011-10-30,bruno_senna,renault,14,12,12,0.0,59,+1 Lap
2011,17,Indian Grand Prix,buddh,2011-10-30,resta,force_india,12,13,13,0.0,59,+1 Lap
2011,17,Indian Grand Prix,buddh,2011-10-30,kovalainen,lotus_racing,18,14,14,0.0,58,+2 Laps
2011,17,Indian Grand Prix,buddh,2011-10-30,barrichello,williams,15,15,15,0.0,58,+2 Laps
2011,17,Indian Grand Prix,buddh,2011-10-30,ambrosio,virgin,21,16,16,0.0,57,+3 Laps
2011,17,Indian Grand Prix,buddh,2011-10-30,karthikeyan,hrt,24,17,17,0.0,57,+3 Laps
2011,17,Indian Grand Prix,buddh,2011-10-30,ricciardo,hrt,23,18,18,0.0,57,+3 Laps
2011,17,Indian Grand Prix,buddh,2011-10-30,trulli,lotus_racing,19,19,19,0.0,55,+5 Laps
2011,17,Indian Grand Prix,buddh,2011-10-30,massa,ferrari,6,20,R,0.0,32,Suspension
2011,17,Indian Grand Prix,buddh,2011-10-30,buemi,toro_rosso,9,21,R,0.0,24,Engine
2011,17,Indian Grand Prix,buddh,2011-10-30,maldonado,williams,13,22,R,0.0,12,Gearbox
2011,17,Indian Grand Prix,buddh,2011-10-30,glock,virgin,22,23,R,0.0,2,Collision
2011,17,Indian Grand Prix,buddh,2011-10-30,kobayashi,sauber,17,24,R,0.0,0,Collision
2011,18,Abu Dhabi Grand Prix,yas_marina,2011-11-13,hamilton,mclaren,2,1,1,25.0,55,Finished
2011,18,Abu Dhabi Grand Prix,yas_marina,2011-11-13,alonso,ferrari,5,2,2,18.0,55,Finished
2011,18,Abu Dhabi Grand Prix,yas_marina,2011-11-13,button,mclaren,3,3,3,15.0,55,Finished
2011,18,Abu Dhabi Grand Prix,yas_marina,2011-11-13,webber,red_bull,4,4,4,12.0,55,Finished
2011,18,Abu Dhabi Grand Prix,yas_marina,2011-11-13,massa,ferrari,6,5,5,10.0,55,Finished
2011,18,Abu Dhabi Grand Prix,yas_marina,2011-11-13,rosberg,mercedes,7,6,6,8.0,55,Finished
2011,18,Abu Dhabi Grand Prix,yas_marina,2011-11-13,michael_schumacher,mercedes,8,7,7,6.0,55,Finished
2011,18,Abu Dhabi Grand Prix,yas_marina,2011-11-13,sutil,force_india,9,8,8,4.0,55,Finished
2011,18,Abu Dhabi Grand Prix,yas_marina,2011-11-13,resta,force_india,10,9,9,2.0,55,Finished
2011,18,Abu Dhabi Grand Prix,yas_marina,2011-11-13,kobayashi,sauber,16,10,10,1.0,54,+1 Lap
2011,18,Abu Dhabi Grand Prix,yas_marina,2011-11-13,perez,sauber,11,11,11,0.0,54,+1 Lap
2011,18,Abu Dhabi Grand Prix,yas_marina,2011-11-13,barrichello,williams,24,12,12,0.0,54,+1 Lap
2011,18,Abu Dhabi Grand Prix,yas_marina,2011-11-13,petrov,renault,12,13,13,0.0,54,+1 Lap
2011,18,Abu Dhabi Grand Prix,yas_marina,2011-11-13,maldonado,williams,23,14,14,0.0,54,+1 Lap
2011,18,Abu Dhabi Grand Prix,yas_marina,2011-11-13,alguersuari,toro_rosso,15,15,15,0.0,54,+1 Lap
2011,18,Abu Dhabi Grand Prix,yas_marina,2011-11-13,bruno_senna,renault,14,16,16,0.0,54,+1 Lap
2011,18,Abu Dhabi Grand Prix,yas_marina,2011-11-13,kovalainen,lotus_racing,17,17,17,0.0,54,+1 Lap
2011,18,Abu Dhabi Grand Prix,yas_marina,2011-11-13,trulli,lotus_racing,18,18,18,0.0,53,+2 Laps
2011,18,Abu Dhabi Grand Prix,yas_marina,2011-11-13,glock,virgin,19,19,19,0.0,53,+2 Laps
2011,18,Abu Dhabi Grand Prix,yas_marina,2011-11-13,liuzzi,hrt,22,20,20,0.0,53,+2 Laps
2011,18,Abu Dhabi Grand Prix,yas_marina,2011-11-13,ricciardo,hrt,20,21,R,0.0,48,Mechanical
2011,18,Abu Dhabi Grand Prix,yas_marina,2011-11-13,buemi,toro_rosso,13,22,R,0.0,19,Hydraulics
2011,18,Abu Dhabi Grand Prix,yas_marina,2011-11-13,ambrosio,virgin,21,23,R,0.0,18,Brakes
2011,18,Abu Dhabi Grand Prix,yas_marina,2011-11-13,vettel,red_bull,1,24,R,0.0,1,Puncture
2011,19,Brazilian Grand Prix,interlagos,2011-11-27,webber,red_bull,2,1,1,25.0,71,Finished
2011,19,Brazilian Grand Prix,interlagos,2011-11-27,vettel,red_bull,1,2,2,18.0,71,Finished
2011,19,Brazilian Grand Prix,interlagos,2011-11-27,button,mclaren,3,3,3,15.0,71,Finished
2011,19,Brazilian Grand Prix,interlagos,2011-11-27,alonso,ferrari,5,4,4,12.0,71,Finished
2011,19,Brazilian Grand Prix,interlagos,2011-11-27,massa,ferrari,7,5,5,10.0,71,Finished
2011,19,Brazilian Grand Prix,interlagos,2011-11-27,sutil,force_india,8,6,6,8.0,70,+1 Lap
2011,19,Brazilian Grand Prix,interlagos,2011-11-27,rosberg,mercedes,6,7,7,6.0,70,+1 Lap
2011,19,Brazilian Grand Prix,interlagos,2011-11-27,resta,force_india,11,8,8,4.0,70,+1 Lap
2011,19,Brazilian Grand Prix,interlagos,2011-11-27,kobayashi,sauber,16,9,9,2.0,70,+1 Lap
2011,19,Brazilian Grand Prix,interlagos,2011-11-27,petrov,renault,15,10,10,1.0,70,+1 Lap
2011,19,Brazilian Grand Prix,interlagos,2011-11-27,alguersuari,toro_rosso,13,11,11,0.0,70,+1 Lap
2011,19,Brazilian Grand Prix,interlagos,2011-11-27,buemi,toro_rosso,14,12,12,0.0,70,+1 Lap
2011,19,Brazilian Grand Prix,interlagos,2011-11-27,perez,sauber,17,13,13,0.0,70,+1 Lap
2011,19,Brazilian Grand Prix,interlagos,2011-11-27,barrichello,williams,12,14,14,0.0,70,+1 Lap
2011,19,Brazilian Grand Prix,interlagos,2011-11-27,michael_schumacher,mercedes,10,15,15,0.0,70,+1 Lap
2011,19,Brazilian Grand Prix,interlagos,2011-11-27,kovalainen,lotus_racing,19,16,16,0.0,69,+2 Laps
2011,19,Brazilian Grand Prix,interlagos,2011-11-27,bruno_senna,renault,9,17,17,0.0,69,+2 Laps
2011,19,Brazilian Grand Prix,interlagos,2011-11-27,trulli,lotus_racing,20,18,18,0.0,69,+2 Laps
2011,19,Brazilian Grand Prix,interlagos,2011-11-27,ambrosio,virgin,23,19,19,0.0,68,+3 Laps
2011,19,Brazilian Grand Prix,interlagos,2011-11-27,ricciardo,hrt,22,20,20,0.0,68,+3 Laps
2011,19,Brazilian Grand Prix,interlagos,2011-11-27,liuzzi,hrt,21,21,R,0.0,61,Retired
2011,19,Brazilian Grand Prix,interlagos,2011-11-27,hamilton,mclaren,4,22,R,0.0,46,Gearbox
2011,19,Brazilian Grand Prix,interlagos,2011-11-27,maldonado,williams,18,23,R,0.0,26,Retired
2011,19,Brazilian Grand Prix,interlagos,2011-11-27,glock,virgin,24,24,R,0.0,21,Retired
2012,1,Australian Grand Prix,albert_park,2012-03-18,button,mclaren,2,1,1,25.0,58,Finished
2012,1,Australian Grand Prix,albert_park,2012-03-18,vettel,red_bull,6,2,2,18.0,58,Finished
2012,1,Australian Grand Prix,albert_park,2012-03-18,hamilton,mclaren,1,3,3,15.0,58,Finished
2012,1,Australian Grand Prix,albert_park,2012-03-18,webber,red_bull,5,4,4,12.0,58,Finished
2012,1,Australian Grand Prix,albert_park,2012-03-18,alonso,ferrari,12,5,5,10.0,58,Finished
2012,1,Australian Grand Prix,albert_park,2012-03-18,kobayashi,sauber,13,6,6,8.0,58,Finished
2012,1,Australian Grand Prix,albert_park,2012-03-18,raikkonen,lotus_f1,17,7,7,6.0,58,Finished
2012,1,Australian Grand Prix,albert_park,2012-03-18,perez,sauber,22,8,8,4.0,58,Finished
2012,1,Australian Grand Prix,albert_park,2012-03-18,ricciardo,toro_rosso,10,9,9,2.0,58,Finished
2012,1,Australian Grand Prix,albert_park,2012-03-18,resta,force_india,15,10,10,1.0,58,Finished
2012,1,Australian Grand Prix,albert_park,2012-03-18,vergne,toro_rosso,11,11,11,0.0,58,Finished
2012,1,Australian Grand Prix,albert_park,2012-03-18,rosberg,mercedes,7,12,12,0.0,58,Finished
2012,1,Australian Grand Prix,albert_park,2012-03-18,maldonado,williams,8,13,13,0.0,57,Accident
2012,1,Australian Grand Prix,albert_park,2012-03-18,glock,marussia,20,14,14,0.0,57,+1 Lap
2012,1,Australian Grand Prix,albert_park,2012-03-18,pic,marussia,21,15,15,0.0,53,+5 Laps
2012,1,Australian Grand Prix,albert_park,2012-03-18,bruno_senna,williams,14,16,16,0.0,52,Collision
2012,1,Australian Grand Prix,albert_park,2012-03-18,massa,ferrari,16,17,R,0.0,46,Collision
2012,1,Australian Grand Prix,albert_park,2012-03-18,kovalainen,caterham,18,18,R,0.0,38,Suspension
2012,1,Australian Grand Prix,albert_park,2012-03-18,petrov,caterham,19,19,R,0.0,34,Steering
2012,1,Australian Grand Prix,albert_park,2012-03-18,michael_schumacher,mercedes,4,20,R,0.0,10,Gearbox
2012,1,Australian Grand Prix,albert_park,2012-03-18,grosjean,lotus_f1,3,21,R,0.0,1,Collision
2012,1,Australian Grand Prix,albert_park,2012-03-18,hulkenberg,force_india,9,22,R,0.0,0,Collision
2012,2,Malaysian Grand Prix,sepang,2012-03-25,alonso,ferrari,8,1,1,25.0,56,Finished
2012,2,Malaysian Grand Prix,sepang,2012-03-25,perez,sauber,9,2,2,18.0,56,Finished
2012,2,Malaysian Grand Prix,sepang,2012-03-25,hamilton,mclaren,1,3,3,15.0,56,Finished
2012,2,Malaysian Grand Prix,sepang,2012-03-25,webber,red_bull,4,4,4,12.0,56,Finished
2012,2,Malaysian Grand Prix,sepang,2012-03-25,raikkonen,lotus_f1,10,5,5,10.0,56,Finished
2012,2,Malaysian Grand Prix,sepang,2012-03-25,bruno_senna,williams,13,6,6,8.0,56,Finished
2012,2,Malaysian Grand Prix,sepang,2012-03-25,resta,force_india,14,7,7,6.0,56,Finished
2012,2,Malaysian Grand Prix,sepang,2012-03-25,vergne,toro_rosso,18,8,8,4.0,56,Finished
2012,2,Malaysian Grand Prix,sepang,2012-03-25,hulkenberg,force_india,16,9,9,2.0,56,Finished
2012,2,Malaysian Grand Prix,sepang,2012-03-25,michael_schumacher,mercedes,3,10,10,1.0,56,Finished
2012,2,Malaysian Grand Prix,sepang,2012-03-25,vettel,red_bull,5,11,11,0.0,56,Finished
2012,2,Malaysian Grand Prix,sepang,2012-03-25,ricciardo,toro_rosso,15,12,12,0.0,56,Finished
2012,2,Malaysian Grand Prix,sepang,2012-03-25,rosberg,mercedes,7,13,13,0.0,56,Finished
2012,2,Malaysian Grand Prix,sepang,2012-03-25,button,mclaren,2,14,14,0.0,56,Finished
2012,2,Malaysian Grand Prix,sepang,2012-03-25,massa,ferrari,12,15,15,0.0,56,Finished
2012,2,Malaysian Grand Prix,sepang,2012-03-25,petrov,caterham,19,16,16,0.0,55,+1 Lap
2012,2,Malaysian Grand Prix,sepang,2012-03-25,glock,marussia,20,17,17,0.0,55,+1 Lap
2012,2,Malaysian Grand Prix,sepang,2012-03-25,kovalainen,caterham,24,18,18,0.0,55,+1 Lap
2012,2,Malaysian Grand Prix,sepang,2012-03-25,maldonado,williams,11,19,19,0.0,54,Engine
2012,2,Malaysian Grand Prix,sepang,2012-03-25,pic,marussia,21,20,20,0.0,54,+2 Laps
2012,2,Malaysian Grand Prix,sepang,2012-03-25,karthikeyan,hrt,23,21,21,0.0,54,+2 Laps
2012,2,Malaysian Grand Prix,sepang,2012-03-25,rosa,hrt,22,22,22,0.0,54,+2 Laps
2012,2,Malaysian Grand Prix,sepang,2012-03-25,kobayashi,sauber,17,23,R,0.0,46,Retired
2012,2,Malaysian Grand Prix,sepang,2012-03-25,grosjean,lotus_f1,6,24,R,0.0,3,Collision
2012,3,Chinese Grand Prix,shanghai,2012-04-15,rosberg,mercedes,1,1,1,25.0,56,Finished
2012,3,Chinese Grand Prix,shanghai,2012-04-15,button,mclaren,5,2,2,18.0,56,Finished
2012,3,Chinese Grand Prix,shanghai,2012-04-15,hamilton,mclaren,7,3,3,15.0,56,Finished
2012,3,Chinese Grand Prix,shanghai,2012-04-15,webber,red_bull,6,4,4,12.0,56,Finished
2012,3,Chinese Grand Prix,shanghai,2012-04-15,vettel,red_bull,11,5,5,10.0,56,Finished
2012,3,Chinese Grand Prix,shanghai,2012-04-15,grosjean,lotus_f1,10,6,6,8.0,56,Finished
2012,3,Chinese Grand Prix,shanghai,2012-04-15,bruno_senna,williams,14,7,7,6.0,56,Finished
2012,3,Chinese Grand Prix,shanghai,2012-04-15,maldonado,williams,13,8,8,4.0,56,Finished
2012,3,Chinese Grand Prix,shanghai,2012-04-15,alonso,ferrari,9,9,9,2.0,56,Finished
2012,3,Chinese Grand Prix,shanghai,2012-04-15,kobayashi,sauber,3,10,10,1.0,56,Finished
2012,3,Chinese Grand Prix,shanghai,2012-04-15,perez,sauber,8,11,11,0.0,56,Finished
2012,3,Chinese Grand Prix,shanghai,2012-04-15,resta,force_india,15,12,12,0.0,56,Finished
2012,3,Chinese Grand Prix,shanghai,2012-04-15,massa,ferrari,12,13,13,0.0,56,Finished
2012,3,Chinese Grand Prix,shanghai,2012-04-15,raikkonen,lotus_f1,4,14,14,0.0,56,Finished
2012,3,Chinese Grand Prix,shanghai,2012-04-15,hulkenberg,force_india,16,15,15,0.0,56,Finished
2012,3,Chinese Grand Prix,shanghai,2012-04-15,vergne,toro_rosso,24,16,16,0.0,56,Finished
2012,3,Chinese Grand Prix,shanghai,2012-04-15,ricciardo,toro_rosso,17,17,17,0.0,56,Finished
2012,3,Chinese Grand Prix,shanghai,2012-04-15,petrov,caterham,19,18,18,0.0,55,+1 Lap
2012,3,Chinese Grand Prix,shanghai,2012-04-15,glock,marussia,20,19,19,0.0,55,+1 Lap
2012,3,Chinese Grand Prix,shanghai,2012-04-15,pic,marussia,21,20,20,0.0,55,+1 Lap
2012,3,Chinese Grand Prix,shanghai,2012-04-15,rosa,hrt,22,21,21,0.0,55,+1 Lap
2012,3,Chinese Grand Prix,shanghai,2012-04-15,karthikeyan,hrt,23,22,22,0.0,54,+2 Laps
2012,3,Chinese Grand Prix,shanghai,2012-04-15,kovalainen,caterham,18,23,23,0.0,53,+3 Laps
2012,3,Chinese Grand Prix,shanghai,2012-04-15,michael_schumacher,mercedes,2,24,R,0.0,12,Wheel nut
2012,4,Bahrain Grand Prix,bahrain,2012-04-22,vettel,red_bull,1,1,1,25.0,57,Finished
2012,4,Bahrain Grand Prix,bahrain,2012-04-22,raikkonen,lotus_f1,11,2,2,18.0,57,Finished
2012,4,Bahrain Grand Prix,bahrain,2012-04-22,grosjean,lotus_f1,7,3,3,15.0,57,Finished
2012,4,Bahrain Grand Prix,bahrain,2012-04-22,webber,red_bull,3,4,4,12.0,57,Finished
2012,4,Bahrain Grand Prix,bahrain,2012-04-22,rosberg,mercedes,5,5,5,10.0,57,Finished
2012,4,Bahrain Grand Prix,bahrain,2012-04-22,resta,force_india,10,6,6,8.0,57,Finished
2012,4,Bahrain Grand Prix,bahrain,2012-04-22,alonso,ferrari,9,7,7,6.0,57,Finished
2012,4,Bahrain Grand Prix,bahrain,2012-04-22,hamilton,mclaren,2,8,8,4.0,57,Finished
2012,4,Bahrain Grand Prix,bahrain,2012-04-22,massa,ferrari,14,9,9,2.0,57,Finished
2012,4,Bahrain Grand Prix,bahrain,2012-04-22,michael_schumacher,mercedes,22,10,10,1.0,57,Finished
2012,4,Bahrain Grand Prix,bahrain,2012-04-22,perez,sauber,8,11,11,0.0,57,Finished
2012,4,Bahrain Grand Prix,bahrain,2012-04-22,hulkenberg,force_india,13,12,12,0.0,57,Finished
2012,4,Bahrain Grand Prix,bahrain,2012-04-22,kobayashi,sauber,12,13,13,0.0,57,Finished
2012,4,Bahrain Grand Prix,bahrain,2012-04-22,vergne,toro_rosso,17,14,14,0.0,57,Finished
2012,4,Bahrain Grand Prix,bahrain,2012-04-22,ricciardo,toro_rosso,6,15,15,0.0,56,+1 Lap
2012,4,Bahrain Grand Prix,bahrain,2012-04-22,petrov,caterham,18,16,16,0.0,56,+1 Lap
2012,4,Bahrain Grand Prix,bahrain,2012-04-22,kovalainen,caterham,16,17,17,0.0,56,+1 Lap
2012,4,Bahrain Grand Prix,bahrain,2012-04-22,button,mclaren,4,18,18,0.0,55,Exhaust
2012,4,Bahrain Grand Prix,bahrain,2012-04-22,glock,marussia,23,19,19,0.0,55,+2 Laps
2012,4,Bahrain Grand Prix,bahrain,2012-04-22,rosa,hrt,20,20,20,0.0,55,+2 Laps
2012,4,Bahrain Grand Prix,bahrain,2012-04-22,karthikeyan,hrt,24,21,21,0.0,55,+2 Laps
2012,4,Bahrain Grand Prix,bahrain,2012-04-22,bruno_senna,williams,15,22,22,0.0,54,Vibrations
2012,4,Bahrain Grand Prix,bahrain,2012-04-22,maldonado,williams,21,23,R,0.0,25,Puncture
2012,4,Bahrain Grand Prix,bahrain,2012-04-22,pic,marussia,19,24,R,0.0,24,Engine
2012,5,Spanish Grand Prix,catalunya,2012-05-13,maldonado,williams,1,1,1,25.0,66,Finished
2012,5,Spanish Grand Prix,catalunya,2012-05-13,alonso,ferrari,2,2,2,18.0,66,Finished
2012,5,Spanish Grand Prix,catalunya,2012-05-13,raikkonen,lotus_f1,4,3,3,15.0,66,Finished
2012,5,Spanish Grand Prix,catalunya,2012-05-13,grosjean,lotus_f1,3,4,4,12.0,66,Finished
2012,5,Spanish Grand Prix,catalunya,2012-05-13,kobayashi,sauber,9,5,5,10.0,66,Finished
2012,5,Spanish Grand Prix,catalunya,2012-05-13,vettel,red_bull,7,6,6,8.0,66,Finished
2012,5,Spanish Grand Prix,catalunya,2012-05-13,rosberg,mercedes,6,7,7,6.0,66,Finished
2012,5,Spanish Grand Prix,catalunya,2012-05-13,hamilton,mclaren,24,8,8,4.0,66,Finished
2012,5,Spanish Grand Prix,catalunya,2012-05-13,button,mclaren,10,9,9,2.0,66,Finished
2012,5,Spanish Grand Prix,catalunya,2012-05-13,hulkenberg,force_india,13,10,10,1.0,65,+1 Lap
2012,5,Spanish Grand Prix,catalunya,2012-05-13,webber,red_bull,11,11,11,0.0,65,+1 Lap
2012,5,Spanish Grand Prix,catalunya,2012-05-13,vergne,toro_rosso,14,12,12,0.0,65,+1 Lap
2012,5,Spanish Grand Prix,catalunya,2012-05-13,ricciardo,toro_rosso,15,13,13,0.0,65,+1 Lap
2012,5,Spanish Grand Prix,catalunya,2012-05-13,resta,force_india,12,14,14,0.0,65,+1 Lap
2012,5,Spanish Grand Prix,catalunya,2012-05-13,massa,ferrari,16,15,15,0.0,65,+1 Lap
2012,5,Spanish Grand Prix,catalunya,2012-05-13,kovalainen,caterham,19,16,16,0.0,65,+1 Lap
2012,5,Spanish Grand Prix,catalunya,2012-05-13,petrov,caterham,18,17,17,0.0,65,+1 Lap
2012,5,Spanish Grand Prix,catalunya,2012-05-13,glock,marussia,21,18,18,0.0,64,+2 Laps
2012,5,Spanish Grand Prix,catalunya,2012-05-13,rosa,hrt,22,19,19,0.0,63,+3 Laps
2012,5,Spanish Grand Prix,catalunya,2012-05-13,perez,sauber,5,20,R,0.0,37,Wheel nut
2012,5,Spanish Grand Prix,catalunya,2012-05-13,pic,marussia,20,21,R,0.0,35,Mechanical
2012,5,Spanish Grand Prix,catalunya,2012-05-13,karthikeyan,hrt,23,22,R,0.0,22,Mechanical
2012,5,Spanish Grand Prix,catalunya,2012-05-13,bruno_senna,williams,17,23,R,0.0,12,Collision
2012,5,Spanish Grand Prix,catalunya,2012-05-13,michael_schumacher,mercedes,8,24,R,0.0,12,Collision
2012,6,Monaco Grand Prix,monaco,2012-05-27,webber,red_bull,1,1,1,25.0,78,Finished
2012,6,Monaco Grand Prix,monaco,2012-05-27,rosberg,mercedes,2,2,2,18.0,78,Finished
2012,6,Monaco Grand Prix,monaco,2012-05-27,alonso,ferrari,5,3,3,15.0,78,Finished
2012,6,Monaco Grand Prix,monaco,2012-05-27,vettel,red_bull,9,4,4,12.0,78,Finished
2012,6,Monaco Grand Prix,monaco,2012-05-27,hamilton,mclaren,3,5,5,10.0,78,Finished
2012,6,Monaco Grand Prix,monaco,2012-05-27,massa,ferrari,7,6,6,8.0,78,Finished
2012,6,Monaco Grand Prix,monaco,2012-05-27,resta,force_india,14,7,7,6.0,78,Finished
2012,6,Monaco Grand Prix,monaco,2012-05-27,hulkenberg,force_india,10,8,8,4.0,78,Finished
2012,6,Monaco Grand Prix,monaco,2012-05-27,raikkonen,lotus_f1,8,9,9,2.0,78,Finished
2012,6,Monaco Grand Prix,monaco,2012-05-27,bruno_senna,williams,13,10,10,1.0,78,Finished
2012,6,Monaco Grand Prix,monaco,2012-05-27,perez,sauber,23,11,11,0.0,77,+1 Lap
2012,6,Monaco Grand Prix,monaco,2012-05-27,vergne,toro_rosso,16,12,12,0.0,77,+1 Lap
2012,6,Monaco Grand Prix,monaco,2012-05-27,kovalainen,caterham,17,13,13,0.0,77,+1 Lap
2012,6,Monaco Grand Prix,monaco,2012-05-27,glock,marussia,19,14,14,0.0,77,+1 Lap
2012,6,Monaco Grand Prix,monaco,2012-05-27,karthikeyan,hrt,22,15,15,0.0,76,+2 Laps
2012,6,Monaco Grand Prix,monaco,2012-05-27,button,mclaren,12,16,16,0.0,70,Collision
2012,6,Monaco Grand Prix,monaco,2012-05-27,ricciardo,toro_rosso,15,17,R,0.0,65,Retired
2012,6,Monaco Grand Prix,monaco,2012-05-27,pic,marussia,21,18,R,0.0,64,Retired
2012,6,Monaco Grand Prix,monaco,2012-05-27,michael_schumacher,mercedes,6,19,R,0.0,63,Fuel pressure
2012,6,Monaco Grand Prix,monaco,2012-05-27,petrov,caterham,18,20,R,0.0,15,Electrical
2012,6,Monaco Grand Prix,monaco,2012-05-27,kobayashi,sauber,11,21,R,0.0,5,Accident
2012,6,Monaco Grand Prix,monaco,2012-05-27,rosa,hrt,20,22,R,0.0,0,Accident
2012,6,Monaco Grand Prix,monaco,2012-05-27,maldonado,williams,24,23,R,0.0,0,Accident
2012,6,Monaco Grand Prix,monaco,2012-05-27,grosjean,lotus_f1,4,24,R,0.0,0,Accident
2012,7,Canadian Grand Prix,villeneuve,2012-06-10,hamilton,mclaren,2,1,1,25.0,70,Finished
2012,7,Canadian Grand Prix,villeneuve,2012-06-10,grosjean,lotus_f1,7,2,2,18.0,70,Finished
2012,7,Canadian Grand Prix,villeneuve,2012-06-10,perez,sauber,15,3,3,15.0,70,Finished
2012,7,Canadian Grand Prix,villeneuve,2012-06-10,vettel,red_bull,1,4,4,12.0,70,Finished
2012,7,Canadian Grand Prix,villeneuve,2012-06-10,alonso,ferrari,3,5,5,10.0,70,Finished
2012,7,Canadian Grand Prix,villeneuve,2012-06-10,rosberg,mercedes,5,6,6,8.0,70,Finished
2012,7,Canadian Grand Prix,villeneuve,2012-06-10,webber,red_bull,4,7,7,6.0,70,Finished
2012,7,Canadian Grand Prix,villeneuve,2012-06-10,raikkonen,lotus_f1,12,8,8,4.0,70,Finished
2012,7,Canadian Grand Prix,villeneuve,2012-06-10,kobayashi,sauber,11,9,9,2.0,70,Finished
2012,7,Canadian Grand Prix,villeneuve,2012-06-10,massa,ferrari,6,10,10,1.0,70,Finished
2012,7,Canadian Grand Prix,villeneuve,2012-06-10,resta,force_india,8,11,11,0.0,70,Finished
2012,7,Canadian Grand Prix,villeneuve,2012-06-10,hulkenberg,force_india,13,12,12,0.0,70,Finished
2012,7,Canadian Grand Prix,villeneuve,2012-06-10,maldonado,williams,22,13,13,0.0,70,Finished
2012,7,Canadian Grand Prix,villeneuve,2012-06-10,ricciardo,toro_rosso,14,14,14,0.0,70,Finished
2012,7,Canadian Grand Prix,villeneuve,2012-06-10,vergne,toro_rosso,19,15,15,0.0,69,+1 Lap
2012,7,Canadian Grand Prix,villeneuve,2012-06-10,button,mclaren,10,16,16,0.0,69,+1 Lap
2012,7,Canadian Grand Prix,villeneuve,2012-06-10,bruno_senna,williams,16,17,17,0.0,69,+1 Lap
2012,7,Canadian Grand Prix,villeneuve,2012-06-10,kovalainen,caterham,17,18,18,0.0,69,+1 Lap
2012,7,Canadian Grand Prix,villeneuve,2012-06-10,petrov,caterham,18,19,19,0.0,69,+1 Lap
2012,7,Canadian Grand Prix,villeneuve,2012-06-10,pic,marussia,23,20,20,0.0,69,+3 Laps
2012,7,Canadian Grand Prix,villeneuve,2012-06-10,glock,marussia,21,21,21,0.0,56,Suspension
2012,7,Canadian Grand Prix,villeneuve,2012-06-10,michael_schumacher,mercedes,9,22,R,0.0,43,Rear wing
2012,7,Canadian Grand Prix,villeneuve,2012-06-10,rosa,hrt,20,23,R,0.0,24,Brakes
2012,7,Canadian Grand Prix,villeneuve,2012-06-10,karthikeyan,hrt,24,24,R,0.0,22,Suspension
2012,8,European Grand Prix,valencia,2012-06-24,alonso,ferrari,11,1,1,25.0,57,Finished
2012,8,European Grand Prix,valencia,2012-06-24,raikkonen,lotus_f1,5,2,2,18.0,57,Finished
2012,8,European Grand Prix,valencia,2012-06-24,michael_schumacher,mercedes,12,3,3,15.0,57,Finished
2012,8,European Grand Prix,valencia,2012-06-24,webber,red_bull,19,4,4,12.0,57,Finished
2012,8,European Grand Prix,valencia,2012-06-24,hulkenberg,force_india,8,5,5,10.0,57,Finished
2012,8,European Grand Prix,valencia,2012-06-24,rosberg,mercedes,6,6,6,8.0,57,Finished
2012,8,European Grand Prix,valencia,2012-06-24,resta,force_india,10,7,7,6.0,57,Finished
2012,8,European Grand Prix,valencia,2012-06-24,button,mclaren,9,8,8,4.0,57,Finished
2012,8,European Grand Prix,valencia,2012-06-24,perez,sauber,15,9,9,2.0,57,Finished
2012,8,European Grand Prix,valencia,2012-06-24,bruno_senna,williams,14,10,10,1.0,57,Finished
2012,8,European Grand Prix,valencia,2012-06-24,ricciardo,toro_rosso,17,11,11,0.0,57,Finished
2012,8,European Grand Prix,valencia,2012-06-24,maldonado,williams,3,12,12,0.0,57,Finished
2012,8,European Grand Prix,valencia,2012-06-24,petrov,caterham,20,13,13,0.0,57,Finished
2012,8,European Grand Prix,valencia,2012-06-24,kovalainen,caterham,16,14,14,0.0,57,Finished
2012,8,European Grand Prix,valencia,2012-06-24,pic,marussia,23,15,15,0.0,57,Finished
2012,8,European Grand Prix,valencia,2012-06-24,massa,ferrari,13,16,16,0.0,56,+1 Lap
2012,8,European Grand Prix,valencia,2012-06-24,rosa,hrt,21,17,17,0.0,56,+1 Lap
2012,8,European Grand Prix,valencia,2012-06-24,karthikeyan,hrt,22,18,18,0.0,56,+1 Lap
2012,8,European Grand Prix,valencia,2012-06-24,hamilton,mclaren,2,19,19,0.0,55,Collision
2012,8,European Grand Prix,valencia,2012-06-24,grosjean,lotus_f1,4,20,R,0.0,40,Electronics
2012,8,European Grand Prix,valencia,2012-06-24,vettel,red_bull,1,21,R,0.0,33,Gearbox
2012,8,European Grand Prix,valencia,2012-06-24,kobayashi,sauber,7,22,R,0.0,33,Collision
2012,8,European Grand Prix,valencia,2012-06-24,vergne,toro_rosso,18,23,R,0.0,26,Collision
2012,8,European Grand Prix,valencia,2012-06-24,glock,marussia,0,24,W,0.0,0,Withdrew
2012,9,British Grand Prix,silverstone,2012-07-08,webber,red_bull,2,1,1,25.0,52,Finished
2012,9,British Grand Prix,silverstone,2012-07-08,alonso,ferrari,1,2,2,18.0,52,Finished
2012,9,British Grand Prix,silverstone,2012-07-08,vettel,red_bull,4,3,3,15.0,52,Finished
2012,9,British Grand Prix,silverstone,2012-07-08,massa,ferrari,5,4,4,12.0,52,Finished
2012,9,British Grand Prix,silverstone,2012-07-08,raikkonen,lotus_f1,6,5,5,10.0,52,Finished
2012,9,British Grand Prix,silverstone,2012-07-08,grosjean,lotus_f1,9,6,6,8.0,52,Finished
2012,9,British Grand Prix,silverstone,2012-07-08,michael_schumacher,mercedes,3,7,7,6.0,52,Finished
2012,9,British Grand Prix,silverstone,2012-07-08,hamilton,mclaren,8,8,8,4.0,52,Finished
2012,9,British Grand Prix,silverstone,2012-07-08,bruno_senna,williams,13,9,9,2.0,52,Finished
2012,9,British Grand Prix,silverstone,2012-07-08,button,mclaren,16,10,10,1.0,52,Finished
2012,9,British Grand Prix,silverstone,2012-07-08,kobayashi,sauber,17,11,11,0.0,52,Finished
2012,9,British Grand Prix,silverstone,2012-07-08,hulkenberg,force_india,14,12,12,0.0,52,Finished
2012,9,British Grand Prix,silverstone,2012-07-08,ricciardo,toro_rosso,12,13,13,0.0,52,Finished
2012,9,British Grand Prix,silverstone,2012-07-08,vergne,toro_rosso,23,14,14,0.0,52,Finished
2012,9,British Grand Prix,silverstone,2012-07-08,rosberg,mercedes,11,15,15,0.0,52,Finished
2012,9,British Grand Prix,silverstone,2012-07-08,maldonado,williams,7,16,16,0.0,51,+1 Lap
2012,9,British Grand Prix,silverstone,2012-07-08,kovalainen,caterham,19,17,17,0.0,51,+1 Lap
2012,9,British Grand Prix,silverstone,2012-07-08,glock,marussia,20,18,18,0.0,51,+1 Lap
2012,9,British Grand Prix,silverstone,2012-07-08,pic,marussia,24,19,19,0.0,51,+1 Lap
2012,9,British Grand Prix,silverstone,2012-07-08,rosa,hrt,21,20,20,0.0,50,+2 Laps
2012,9,British Grand Prix,silverstone,2012-07-08,karthikeyan,hrt,22,21,21,0.0,50,+2 Laps
2012,9,British Grand Prix,silverstone,2012-07-08,perez,sauber,15,22,R,0.0,11,Collision
2012,9,British Grand Prix,silverstone,2012-07-08,resta,force_india,10,23,R,0.0,2,Collision
2012,9,British Grand Prix,silverstone,2012-07-08,petrov,caterham,18,24,W,0.0,0,Engine
2012,10,German Grand Prix,hockenheimring,2012-07-22,alonso,ferrari,1,1,1,25.0,67,Finished
2012,10,German Grand Prix,hockenheimring,2012-07-22,button,mclaren,6,2,2,18.0,67,Finished
2012,10,German Grand Prix,hockenheimring,2012-07-22,raikkonen,lotus_f1,10,3,3,15.0,67,Finished
2012,10,German Grand Prix,hockenheimring,2012-07-22,kobayashi,sauber,12,4,4,12.0,67,Finished
2012,10,German Grand Prix,hockenheimring,2012-07-22,vettel,red_bull,2,5,5,10.0,67,Finished
2012,10,German Grand Prix,hockenheimring,2012-07-22,perez,sauber,17,6,6,8.0,67,Finished
2012,10,German Grand Prix,hockenheimring,2012-07-22,michael_schumacher,mercedes,3,7,7,6.0,67,Finished
2012,10,German Grand Prix,hockenheimring,2012-07-22,webber,red_bull,8,8,8,4.0,67,Finished
2012,10,German Grand Prix,hockenheimring,2012-07-22,hulkenberg,force_india,4,9,9,2.0,67,Finished
2012,10,German Grand Prix,hockenheimring,2012-07-22,rosberg,mercedes,21,10,10,1.0,67,Finished
2012,10,German Grand Prix,hockenheimring,2012-07-22,resta,force_india,9,11,11,0.0,67,Finished
2012,10,German Grand Prix,hockenheimring,2012-07-22,massa,ferrari,13,12,12,0.0,67,Finished
2012,10,German Grand Prix,hockenheimring,2012-07-22,ricciardo,toro_rosso,11,13,13,0.0,67,Finished
2012,10,German Grand Prix,hockenheimring,2012-07-22,vergne,toro_rosso,15,14,14,0.0,67,Finished
2012,10,German Grand Prix,hockenheimring,2012-07-22,maldonado,williams,5,15,15,0.0,66,+1 Lap
2012,10,German Grand Prix,hockenheimring,2012-07-22,petrov,caterham,18,16,16,0.0,66,+1 Lap
2012,10,German Grand Prix,hockenheimring,2012-07-22,bruno_senna,williams,14,17,17,0.0,66,+1 Lap
2012,10,German Grand Prix,hockenheimring,2012-07-22,grosjean,lotus_f1,19,18,18,0.0,66,+1 Lap
2012,10,German Grand Prix,hockenheimring,2012-07-22,kovalainen,caterham,16,19,19,0.0,65,+2 Laps
2012,10,German Grand Prix,hockenheimring,2012-07-22,pic,marussia,20,20,20,0.0,65,+2 Laps
2012,10,German Grand Prix,hockenheimring,2012-07-22,rosa,hrt,23,21,21,0.0,64,+3 Laps
2012,10,German Grand Prix,hockenheimring,2012-07-22,glock,marussia,22,22,22,0.0,64,+3 Laps
2012,10,German Grand Prix,hockenheimring,2012-07-22,karthikeyan,hrt,24,23,23,0.0,64,+3 Laps
2012,10,German Grand Prix,hockenheimring,2012-07-22,hamilton,mclaren,7,24,R,0.0,56,Puncture
2012,11,Hungarian Grand Prix,hungaroring,2012-07-29,hamilton,mclaren,1,1,1,25.0,69,Finished
2012,11,Hungarian Grand Prix,hungaroring,2012-07-29,raikkonen,lotus_f1,5,2,2,18.0,69,Finished
2012,11,Hungarian Grand Prix,hungaroring,2012-07-29,grosjean,lotus_f1,2,3,3,15.0,69,Finished
2012,11,Hungarian Grand Prix,hungaroring,2012-07-29,vettel,red_bull,3,4,4,12.0,69,Finished
2012,11,Hungarian Grand Prix,hungaroring,2012-07-29,alonso,ferrari,6,5,5,10.0,69,Finished
2012,11,Hungarian Grand Prix,hungaroring,2012-07-29,button,mclaren,4,6,6,8.0,69,Finished
2012,11,Hungarian Grand Prix,hungaroring,2012-07-29,bruno_senna,williams,9,7,7,6.0,69,Finished
2012,11,Hungarian Grand Prix,hungaroring,2012-07-29,webber,red_bull,11,8,8,4.0,69,Finished
2012,11,Hungarian Grand Prix,hungaroring,2012-07-29,massa,ferrari,7,9,9,2.0,69,Finished
2012,11,Hungarian Grand Prix,hungaroring,2012-07-29,rosberg,mercedes,13,10,10,1.0,69,Finished
2012,11,Hungarian Grand Prix,hungaroring,2012-07-29,hulkenberg,force_india,10,11,11,0.0,69,Finished
2012,11,Hungarian Grand Prix,hungaroring,2012-07-29,resta,force_india,12,12,12,0.0,69,Finished
2012,11,Hungarian Grand Prix,hungaroring,2012-07-29,maldonado,williams,8,13,13,0.0,69,Finished
2012,11,Hungarian Grand Prix,hungaroring,2012-07-29,perez,sauber,14,14,14,0.0,69,Finished
2012,11,Hungarian Grand Prix,hungaroring,2012-07-29,ricciardo,toro_rosso,18,15,15,0.0,68,+1 Lap
2012,11,Hungarian Grand Prix,hungaroring,2012-07-29,vergne,toro_rosso,16,16,16,0.0,68,+1 Lap
2012,11,Hungarian Grand Prix,hungaroring,2012-07-29,kovalainen,caterham,19,17,17,0.0,68,+1 Lap
2012,11,Hungarian Grand Prix,hungaroring,2012-07-29,kobayashi,sauber,15,18,18,0.0,67,+2 Laps
2012,11,Hungarian Grand Prix,hungaroring,2012-07-29,petrov,caterham,20,19,19,0.0,67,+2 Laps
2012,11,Hungarian Grand Prix,hungaroring,2012-07-29,pic,marussia,21,20,20,0.0,67,+2 Laps
2012,11,Hungarian Grand Prix,hungaroring,2012-07-29,glock,marussia,22,21,21,0.0,66,+3 Laps
2012,11,Hungarian Grand Prix,hungaroring,2012-07-29,rosa,hrt,23,22,22,0.0,66,+3 Laps
2012,11,Hungarian Grand Prix,hungaroring,2012-07-29,karthikeyan,hrt,24,23,R,0.0,60,Suspension
2012,11,Hungarian Grand Prix,hungaroring,2012-07-29,michael_schumacher,mercedes,17,24,R,0.0,58,+11 Laps
2012,12,Belgian Grand Prix,spa,2012-09-02,button,mclaren,1,1,1,25.0,44,Finished
2012,12,Belgian Grand Prix,spa,2012-09-02,vettel,red_bull,10,2,2,18.0,44,Finished
2012,12,Belgian Grand Prix,spa,2012-09-02,raikkonen,lotus_f1,3,3,3,15.0,44,Finished
2012,12,Belgian Grand Prix,spa,2012-09-02,hulkenberg,force_india,11,4,4,12.0,44,Finished
2012,12,Belgian Grand Prix,spa,2012-09-02,massa,ferrari,14,5,5,10.0,44,Finished
2012,12,Belgian Grand Prix,spa,2012-09-02,webber,red_bull,12,6,6,8.0,44,Finished
2012,12,Belgian Grand Prix,spa,2012-09-02,michael_schumacher,mercedes,13,7,7,6.0,44,Finished
2012,12,Belgian Grand Prix,spa,2012-09-02,vergne,toro_rosso,15,8,8,4.0,44,Finished
2012,12,Belgian Grand Prix,spa,2012-09-02,ricciardo,toro_rosso,16,9,9,2.0,44,Finished
2012,12,Belgian Grand Prix,spa,2012-09-02,resta,force_india,9,10,10,1.0,44,Finished
2012,12,Belgian Grand Prix,spa,2012-09-02,rosberg,mercedes,23,11,11,0.0,44,Finished
2012,12,Belgian Grand Prix,spa,2012-09-02,bruno_senna,williams,17,12,12,0.0,44,Finished
2012,12,Belgian Grand Prix,spa,2012-09-02,kobayashi,sauber,2,13,13,0.0,44,Finished
2012,12,Belgian Grand Prix,spa,2012-09-02,petrov,caterham,19,14,14,0.0,43,+1 Lap
2012,12,Belgian Grand Prix,spa,2012-09-02,glock,marussia,20,15,15,0.0,43,+1 Lap
2012,12,Belgian Grand Prix,spa,2012-09-02,pic,marussia,22,16,16,0.0,43,+1 Lap
2012,12,Belgian Grand Prix,spa,2012-09-02,kovalainen,caterham,18,17,17,0.0,43,+1 Lap
2012,12,Belgian Grand Prix,spa,2012-09-02,rosa,hrt,21,18,18,0.0,43,+1 Lap
2012,12,Belgian Grand Prix,spa,2012-09-02,karthikeyan,hrt,24,19,R,0.0,29,Spun off
2012,12,Belgian Grand Prix,spa,2012-09-02,maldonado,williams,6,20,R,0.0,4,Collision
2012,12,Belgian Grand Prix,spa,2012-09-02,perez,sauber,4,21,R,0.0,0,Collision
2012,12,Belgian Grand Prix,spa,2012-09-02,alonso,ferrari,5,22,R,0.0,0,Collision
2012,12,Belgian Grand Prix,spa,2012-09-02,hamilton,mclaren,7,23,R,0.0,0,Collision
2012,12,Belgian Grand Prix,spa,2012-09-02,grosjean,lotus_f1,8,24,R,0.0,0,Collision
2012,13,Italian Grand Prix,monza,2012-09-09,hamilton,mclaren,1,1,1,25.0,53,Finished
2012,13,Italian Grand Prix,monza,2012-09-09,perez,sauber,12,2,2,18.0,53,Finished
2012,13,Italian Grand Prix,monza,2012-09-09,alonso,ferrari,10,3,3,15.0,53,Finished
2012,13,Italian Grand Prix,monza,2012-09-09,massa,ferrari,3,4,4,12.0,53,Finished
2012,13,Italian Grand Prix,monza,2012-09-09,raikkonen,lotus_f1,7,5,5,10.0,53,Finished
2012,13,Italian Grand Prix,monza,2012-09-09,michael_schumacher,mercedes,4,6,6,8.0,53,Finished
2012,13,Italian Grand Prix,monza,2012-09-09,rosberg,mercedes,6,7,7,6.0,53,Finished
2012,13,Italian Grand Prix,monza,2012-09-09,resta,force_india,9,8,8,4.0,53,Finished
2012,13,Italian Grand Prix,monza,2012-09-09,kobayashi,sauber,8,9,9,2.0,53,Finished
2012,13,Italian Grand Prix,monza,2012-09-09,bruno_senna,williams,13,10,10,1.0,53,Finished
2012,13,Italian Grand Prix,monza,2012-09-09,maldonado,williams,22,11,11,0.0,53,Finished
2012,13,Italian Grand Prix,monza,2012-09-09,ricciardo,toro_rosso,14,12,12,0.0,53,Finished
2012,13,Italian Grand Prix,monza,2012-09-09,ambrosio,lotus_f1,15,13,13,0.0,53,Finished
2012,13,Italian Grand Prix,monza,2012-09-09,kovalainen,caterham,17,14,14,0.0,52,+1 Lap
2012,13,Italian Grand Prix,monza,2012-09-09,petrov,caterham,18,15,15,0.0,52,+1 Lap
2012,13,Italian Grand Prix,monza,2012-09-09,pic,marussia,20,16,16,0.0,52,+1 Lap
2012,13,Italian Grand Prix,monza,2012-09-09,glock,marussia,19,17,17,0.0,52,+1 Lap
2012,13,Italian Grand Prix,monza,2012-09-09,rosa,hrt,23,18,18,0.0,52,+1 Lap
2012,13,Italian Grand Prix,monza,2012-09-09,karthikeyan,hrt,21,19,19,0.0,52,+1 Lap
2012,13,Italian Grand Prix,monza,2012-09-09,webber,red_bull,11,20,20,0.0,51,Vibrations
2012,13,Italian Grand Prix,monza,2012-09-09,hulkenberg,force_india,24,21,21,0.0,50,Brakes
2012,13,Italian Grand Prix,monza,2012-09-09,vettel,red_bull,5,22,22,0.0,47,Alternator
2012,13,Italian Grand Prix,monza,2012-09-09,button,mclaren,2,23,R,0.0,32,Fuel pressure
2012,13,Italian Grand Prix,monza,2012-09-09,vergne,toro_rosso,16,24,R,0.0,8,Suspension
2012,14,Singapore Grand Prix,marina_bay,2012-09-23,vettel,red_bull,3,1,1,25.0,59,Finished
2012,14,Singapore Grand Prix,marina_bay,2012-09-23,button,mclaren,4,2,2,18.0,59,Finished
2012,14,Singapore Grand Prix,marina_bay,2012-09-23,alonso,ferrari,5,3,3,15.0,59,Finished
2012,14,Singapore Grand Prix,marina_bay,2012-09-23,resta,force_india,6,4,4,12.0,59,Finished
2012,14,Singapore Grand Prix,marina_bay,2012-09-23,rosberg,mercedes,10,5,5,10.0,59,Finished
2012,14,Singapore Grand Prix,marina_bay,2012-09-23,raikkonen,lotus_f1,12,6,6,8.0,59,Finished
2012,14,Singapore Grand Prix,marina_bay,2012-09-23,grosjean,lotus_f1,8,7,7,6.0,59,Finished
2012,14,Singapore Grand Prix,marina_bay,2012-09-23,massa,ferrari,13,8,8,4.0,59,Finished
2012,14,Singapore Grand Prix,marina_bay,2012-09-23,ricciardo,toro_rosso,15,9,9,2.0,59,Finished
2012,14,Singapore Grand Prix,marina_bay,2012-09-23,perez,sauber,14,10,10,1.0,59,Finished
2012,14,Singapore Grand Prix,marina_bay,2012-09-23,webber,red_bull,7,11,11,0.0,59,Finished
2012,14,Singapore Grand Prix,marina_bay,2012-09-23,glock,marussia,20,12,12,0.0,59,Finished
2012,14,Singapore Grand Prix,marina_bay,2012-09-23,kobayashi,sauber,17,13,13,0.0,59,Finished
2012,14,Singapore Grand Prix,marina_bay,2012-09-23,hulkenberg,force_india,11,14,14,0.0,59,Finished
2012,14,Singapore Grand Prix,marina_bay,2012-09-23,kovalainen,caterham,19,15,15,0.0,59,Finished
2012,14,Singapore Grand Prix,marina_bay,2012-09-23,pic,marussia,21,16,16,0.0,59,Finished
2012,14,Singapore Grand Prix,marina_bay,2012-09-23,rosa,hrt,24,17,17,0.0,58,+1 Lap
2012,14,Singapore Grand Prix,marina_bay,2012-09-23,bruno_senna,williams,22,18,18,0.0,57,Retired
2012,14,Singapore Grand Prix,marina_bay,2012-09-23,petrov,caterham,18,19,19,0.0,57,+2 Laps
2012,14,Singapore Grand Prix,marina_bay,2012-09-23,vergne,toro_rosso,16,20,R,0.0,38,Collision
2012,14,Singapore Grand Prix,marina_bay,2012-09-23,michael_schumacher,mercedes,9,21,R,0.0,38,Collision
2012,14,Singapore Grand Prix,marina_bay,2012-09-23,maldonado,williams,2,22,R,0.0,36,Hydraulics
2012,14,Singapore Grand Prix,marina_bay,2012-09-23,karthikeyan,hrt,23,23,R,0.0,30,Accident
2012,14,Singapore Grand Prix,marina_bay,2012-09-23,hamilton,mclaren,1,24,R,0.0,22,Gearbox
2012,15,Japanese Grand Prix,suzuka,2012-10-07,vettel,red_bull,1,1,1,25.0,53,Finished
2012,15,Japanese Grand Prix,suzuka,2012-10-07,massa,ferrari,10,2,2,18.0,53,Finished
2012,15,Japanese Grand Prix,suzuka,2012-10-07,kobayashi,sauber,3,3,3,15.0,53,Finished
2012,15,Japanese Grand Prix,suzuka,2012-10-07,button,mclaren,8,4,4,12.0,53,Finished
2012,15,Japanese Grand Prix,suzuka,2012-10-07,hamilton,mclaren,9,5,5,10.0,53,Finished
2012,15,Japanese Grand Prix,suzuka,2012-10-07,raikkonen,lotus_f1,7,6,6,8.0,53,Finished
2012,15,Japanese Grand Prix,suzuka,2012-10-07,hulkenberg,force_india,15,7,7,6.0,53,Finished
2012,15,Japanese Grand Prix,suzuka,2012-10-07,maldonado,williams,12,8,8,4.0,53,Finished
2012,15,Japanese Grand Prix,suzuka,2012-10-07,webber,red_bull,2,9,9,2.0,53,Finished
2012,15,Japanese Grand Prix,suzuka,2012-10-07,ricciardo,toro_rosso,14,10,10,1.0,53,Finished
2012,15,Japanese Grand Prix,suzuka,2012-10-07,michael_schumacher,mercedes,23,11,11,0.0,53,Finished
2012,15,Japanese Grand Prix,suzuka,2012-10-07,resta,force_india,11,12,12,0.0,53,Finished
2012,15,Japanese Grand Prix,suzuka,2012-10-07,vergne,toro_rosso,19,13,13,0.0,53,Finished
2012,15,Japanese Grand Prix,suzuka,2012-10-07,bruno_senna,williams,16,14,14,0.0,53,Finished
2012,15,Japanese Grand Prix,suzuka,2012-10-07,kovalainen,caterham,17,15,15,0.0,52,+1 Lap
2012,15,Japanese Grand Prix,suzuka,2012-10-07,glock,marussia,18,16,16,0.0,52,+1 Lap
2012,15,Japanese Grand Prix,suzuka,2012-10-07,petrov,caterham,22,17,17,0.0,52,+1 Lap
2012,15,Japanese Grand Prix,suzuka,2012-10-07,rosa,hrt,20,18,18,0.0,52,+1 Lap
2012,15,Japanese Grand Prix,suzuka,2012-10-07,grosjean,lotus_f1,4,19,19,0.0,51,+2 Laps
2012,15,Japanese Grand Prix,suzuka,2012-10-07,pic,marussia,21,20,R,0.0,37,Engine
2012,15,Japanese Grand Prix,suzuka,2012-10-07,karthikeyan,hrt,24,21,R,0.0,32,Vibrations
2012,15,Japanese Grand Prix,suzuka,2012-10-07,perez,sauber,5,22,R,0.0,18,Spun off
2012,15,Japanese Grand Prix,suzuka,2012-10-07,alonso,ferrari,6,23,R,0.0,0,Collision
2012,15,Japanese Grand Prix,suzuka,2012-10-07,rosberg,mercedes,13,24,R,0.0,0,Collision
2012,16,Korean Grand Prix,yeongam,2012-10-14,vettel,red_bull,2,1,1,25.0,55,Finished
2012,16,Korean Grand Prix,yeongam,2012-10-14,webber,red_bull,1,2,2,18.0,55,Finished
2012,16,Korean Grand Prix,yeongam,2012-10-14,alonso,ferrari,4,3,3,15.0,55,Finished
2012,16,Korean Grand Prix,yeongam,2012-10-14,massa,ferrari,6,4,4,12.0,55,Finished
2012,16,Korean Grand Prix,yeongam,2012-10-14,raikkonen,lotus_f1,5,5,5,10.0,55,Finished
2012,16,Korean Grand Prix,yeongam,2012-10-14,hulkenberg,force_india,8,6,6,8.0,55,Finished
2012,16,Korean Grand Prix,yeongam,2012-10-14,grosjean,lotus_f1,7,7,7,6.0,55,Finished
2012,16,Korean Grand Prix,yeongam,2012-10-14,vergne,toro_rosso,16,8,8,4.0,55,Finished
2012,16,Korean Grand Prix,yeongam,2012-10-14,ricciardo,toro_rosso,21,9,9,2.0,55,Finished
2012,16,Korean Grand Prix,yeongam,2012-10-14,hamilton,mclaren,3,10,10,1.0,55,Finished
2012,16,Korean Grand Prix,yeongam,2012-10-14,perez,sauber,12,11,11,0.0,55,Finished
2012,16,Korean Grand Prix,yeongam,2012-10-14,resta,force_india,14,12,12,0.0,55,Finished
2012,16,Korean Grand Prix,yeongam,2012-10-14,michael_schumacher,mercedes,10,13,13,0.0,55,Finished
2012,16,Korean Grand Prix,yeongam,2012-10-14,maldonado,williams,15,14,14,0.0,55,Finished
2012,16,Korean Grand Prix,yeongam,2012-10-14,bruno_senna,williams,17,15,15,0.0,55,Finished
2012,16,Korean Grand Prix,yeongam,2012-10-14,petrov,caterham,18,16,16,0.0,54,+1 Lap
2012,16,Korean Grand Prix,yeongam,2012-10-14,kovalainen,caterham,19,17,17,0.0,54,+1 Lap
2012,16,Korean Grand Prix,yeongam,2012-10-14,glock,marussia,20,18,18,0.0,54,+1 Lap
2012,16,Korean Grand Prix,yeongam,2012-10-14,pic,marussia,24,19,19,0.0,53,+2 Laps
2012,16,Korean Grand Prix,yeongam,2012-10-14,karthikeyan,hrt,23,20,20,0.0,53,+2 Laps
2012,16,Korean Grand Prix,yeongam,2012-10-14,rosa,hrt,22,21,R,0.0,16,Throttle
2012,16,Korean Grand Prix,yeongam,2012-10-14,kobayashi,sauber,13,22,R,0.0,16,Collision damage
2012,16,Korean Grand Prix,yeongam,2012-10-14,rosberg,mercedes,9,23,R,0.0,1,Collision
2012,16,Korean Grand Prix,yeongam,2012-10-14,button,mclaren,11,24,R,0.0,0,Collision
2012,17,Indian Grand Prix,buddh,2012-10-28,vettel,red_bull,1,1,1,25.0,60,Finished
2012,17,Indian Grand Prix,buddh,2012-10-28,alonso,ferrari,5,2,2,18.0,60,Finished
2012,17,Indian Grand Prix,buddh,2012-10-28,webber,red_bull,2,3,3,15.0,60,Finished
2012,17,Indian Grand Prix,buddh,2012-10-28,hamilton,mclaren,3,4,4,12.0,60,Finished
2012,17,Indian Grand Prix,buddh,2012-10-28,button,mclaren,4,5,5,10.0,60,Finished
2012,17,Indian Grand Prix,buddh,2012-10-28,massa,ferrari,6,6,6,8.0,60,Finished
2012,17,Indian Grand Prix,buddh,2012-10-28,raikkonen,lotus_f1,7,7,7,6.0,60,Finished
2012,17,Indian Grand Prix,buddh,2012-10-28,hulkenberg,force_india,12,8,8,4.0,60,Finished
2012,17,Indian Grand Prix,buddh,2012-10-28,grosjean,lotus_f1,11,9,9,2.0,60,Finished
2012,17,Indian Grand Prix,buddh,2012-10-28,bruno_senna,williams,13,10,10,1.0,60,Finished
2012,17,Indian Grand Prix,buddh,2012-10-28,rosberg,mercedes,10,11,11,0.0,60,Finished
2012,17,Indian Grand Prix,buddh,2012-10-28,resta,force_india,16,12,12,0.0,60,Finished
2012,17,Indian Grand Prix,buddh,2012-10-28,ricciardo,toro_rosso,15,13,13,0.0,60,Finished
2012,17,Indian Grand Prix,buddh,2012-10-28,kobayashi,sauber,17,14,14,0.0,60,Finished
2012,17,Indian Grand Prix,buddh,2012-10-28,vergne,toro_rosso,18,15,15,0.0,59,+1 Lap
2012,17,Indian Grand Prix,buddh,2012-10-28,maldonado,williams,9,16,16,0.0,59,+1 Lap
2012,17,Indian Grand Prix,buddh,2012-10-28,petrov,caterham,19,17,17,0.0,59,+1 Lap
2012,17,Indian Grand Prix,buddh,2012-10-28,kovalainen,caterham,20,18,18,0.0,59,+1 Lap
2012,17,Indian Grand Prix,buddh,2012-10-28,pic,marussia,24,19,19,0.0,59,+1 Lap
2012,17,Indian Grand Prix,buddh,2012-10-28,glock,marussia,21,20,20,0.0,58,+2 Laps
2012,17,Indian Grand Prix,buddh,2012-10-28,karthikeyan,hrt,23,21,21,0.0,58,+2 Laps
2012,17,Indian Grand Prix,buddh,2012-10-28,michael_schumacher,mercedes,14,22,22,0.0,55,Retired
2012,17,Indian Grand Prix,buddh,2012-10-28,rosa,hrt,22,23,R,0.0,43,Accident
2012,17,Indian Grand Prix,buddh,2012-10-28,perez,sauber,8,24,R,0.0,21,Accident
2012,18,Abu Dhabi Grand Prix,yas_marina,2012-11-04,raikkonen,lotus_f1,4,1,1,25.0,55,Finished
2012,18,Abu Dhabi Grand Prix,yas_marina,2012-11-04,alonso,ferrari,6,2,2,18.0,55,Finished
2012,18,Abu Dhabi Grand Prix,yas_marina,2012-11-04,vettel,red_bull,24,3,3,15.0,55,Finished
2012,18,Abu Dhabi Grand Prix,yas_marina,2012-11-04,button,mclaren,5,4,4,12.0,55,Finished
2012,18,Abu Dhabi Grand Prix,yas_marina,2012-11-04,maldonado,williams,3,5,5,10.0,55,Finished
2012,18,Abu Dhabi Grand Prix,yas_marina,2012-11-04,kobayashi,sauber,15,6,6,8.0,55,Finished
2012,18,Abu Dhabi Grand Prix,yas_marina,2012-11-04,massa,ferrari,8,7,7,6.0,55,Finished
2012,18,Abu Dhabi Grand Prix,yas_marina,2012-11-04,bruno_senna,williams,14,8,8,4.0,55,Finished
2012,18,Abu Dhabi Grand Prix,yas_marina,2012-11-04,resta,force_india,12,9,9,2.0,55,Finished
2012,18,Abu Dhabi Grand Prix,yas_marina,2012-11-04,ricciardo,toro_rosso,16,10,10,1.0,55,Finished
2012,18,Abu Dhabi Grand Prix,yas_marina,2012-11-04,michael_schumacher,mercedes,13,11,11,0.0,55,Finished
2012,18,Abu Dhabi Grand Prix,yas_marina,2012-11-04,vergne,toro_rosso,17,12,12,0.0,55,Finished
2012,18,Abu Dhabi Grand Prix,yas_marina,2012-11-04,kovalainen,caterham,18,13,13,0.0,55,Finished
2012,18,Abu Dhabi Grand Prix,yas_marina,2012-11-04,glock,marussia,21,14,14,0.0,55,Finished
2012,18,Abu Dhabi Grand Prix,yas_marina,2012-11-04,perez,sauber,11,15,15,0.0,55,Finished
2012,18,Abu Dhabi Grand Prix,yas_marina,2012-11-04,petrov,caterham,20,16,16,0.0,55,Finished
2012,18,Abu Dhabi Grand Prix,yas_marina,2012-11-04,rosa,hrt,22,17,17,0.0,55,Finished
2012,18,Abu Dhabi Grand Prix,yas_marina,2012-11-04,pic,marussia,19,18,R,0.0,41,Retired
2012,18,Abu Dhabi Grand Prix,yas_marina,2012-11-04,grosjean,lotus_f1,9,19,R,0.0,37,Collision
2012,18,Abu Dhabi Grand Prix,yas_marina,2012-11-04,webber,red_bull,2,20,R,0.0,37,Collision
2012,18,Abu Dhabi Grand Prix,yas_marina,2012-11-04,hamilton,mclaren,1,21,R,0.0,19,Electrical
2012,18,Abu Dhabi Grand Prix,yas_marina,2012-11-04,karthikeyan,hrt,23,22,R,0.0,7,Collision
2012,18,Abu Dhabi Grand Prix,yas_marina,2012-11-04,rosberg,mercedes,7,23,R,0.0,7,Collision
2012,18,Abu Dhabi Grand Prix,yas_marina,2012-11-04,hulkenberg,force_india,10,24,R,0.0,0,Collision
2012,19,United States Grand Prix,americas,2012-11-18,hamilton,mclaren,2,1,1,25.0,56,Finished
2012,19,United States Grand Prix,americas,2012-11-18,vettel,red_bull,1,2,2,18.0,56,Finished
2012,19,United States Grand Prix,americas,2012-11-18,alonso,ferrari,7,3,3,15.0,56,Finished
2012,19,United States Grand Prix,americas,2012-11-18,massa,ferrari,11,4,4,12.0,56,Finished
2012,19,United States Grand Prix,americas,2012-11-18,button,mclaren,12,5,5,10.0,56,Finished
2012,19,United States Grand Prix,americas,2012-11-18,raikkonen,lotus_f1,4,6,6,8.0,56,Finished
2012,19,United States Grand Prix,americas,2012-11-18,grosjean,lotus_f1,8,7,7,6.0,56,Finished
2012,19,United States Grand Prix,americas,2012-11-18,hulkenberg,force_india,6,8,8,4.0,56,Finished
2012,19,United States Grand Prix,americas,2012-11-18,maldonado,williams,9,9,9,2.0,56,Finished
2012,19,United States Grand Prix,americas,2012-11-18,bruno_senna,williams,10,10,10,1.0,56,Finished
2012,19,United States Grand Prix,americas,2012-11-18,perez,sauber,15,11,11,0.0,56,Finished
2012,19,United States Grand Prix,americas,2012-11-18,ricciardo,toro_rosso,18,12,12,0.0,56,Finished
2012,19,United States Grand Prix,americas,2012-11-18,rosberg,mercedes,17,13,13,0.0,56,Finished
2012,19,United States Grand Prix,americas,2012-11-18,kobayashi,sauber,16,14,14,0.0,55,+1 Lap
2012,19,United States Grand Prix,americas,2012-11-18,resta,force_india,13,15,15,0.0,55,+1 Lap
2012,19,United States Grand Prix,americas,2012-11-18,michael_schumacher,mercedes,5,16,16,0.0,55,+1 Lap
2012,19,United States Grand Prix,americas,2012-11-18,petrov,caterham,21,17,17,0.0,55,+1 Lap
2012,19,United States Grand Prix,americas,2012-11-18,kovalainen,caterham,22,18,18,0.0,55,+1 Lap
2012,19,United States Grand Prix,americas,2012-11-18,glock,marussia,19,19,19,0.0,55,+1 Lap
2012,19,United States Grand Prix,americas,2012-11-18,pic,marussia,20,20,20,0.0,54,+2 Laps
2012,19,United States Grand Prix,americas,2012-11-18,rosa,hrt,23,21,21,0.0,54,+2 Laps
2012,19,United States Grand Prix,americas,2012-11-18,karthikeyan,hrt,24,22,22,0.0,54,+2 Laps
2012,19,United States Grand Prix,americas,2012-11-18,webber,red_bull,3,23,R,0.0,16,Alternator
2012,19,United States Grand Prix,americas,2012-11-18,vergne,toro_rosso,14,24,R,0.0,14,Suspension
2012,20,Brazilian Grand Prix,interlagos,2012-11-25,button,mclaren,2,1,1,25.0,71,Finished
2012,20,Brazilian Grand Prix,interlagos,2012-11-25,alonso,ferrari,7,2,2,18.0,71,Finished
2012,20,Brazilian Grand Prix,interlagos,2012-11-25,massa,ferrari,5,3,3,15.0,71,Finished
2012,20,Brazilian Grand Prix,interlagos,2012-11-25,webber,red_bull,3,4,4,12.0,71,Finished
2012,20,Brazilian Grand Prix,interlagos,2012-11-25,hulkenberg,force_india,6,5,5,10.0,71,Finished
2012,20,Brazilian Grand Prix,interlagos,2012-11-25,vettel,red_bull,4,6,6,8.0,71,Finished
2012,20,Brazilian Grand Prix,interlagos,2012-11-25,michael_schumacher,mercedes,13,7,7,6.0,71,Finished
2012,20,Brazilian Grand Prix,interlagos,2012-11-25,vergne,toro_rosso,17,8,8,4.0,71,Finished
2012,20,Brazilian Grand Prix,interlagos,2012-11-25,kobayashi,sauber,14,9,9,2.0,71,Finished
2012,20,Brazilian Grand Prix,interlagos,2012-11-25,raikkonen,lotus_f1,8,10,10,1.0,70,+1 Lap
2012,20,Brazilian Grand Prix,interlagos,2012-11-25,petrov,caterham,19,11,11,0.0,70,+1 Lap
2012,20,Brazilian Grand Prix,interlagos,2012-11-25,pic,marussia,22,12,12,0.0,70,+1 Lap
2012,20,Brazilian Grand Prix,interlagos,2012-11-25,ricciardo,toro_rosso,15,13,13,0.0,70,+1 Lap
2012,20,Brazilian Grand Prix,interlagos,2012-11-25,kovalainen,caterham,20,14,14,0.0,70,+1 Lap
2012,20,Brazilian Grand Prix,interlagos,2012-11-25,rosberg,mercedes,9,15,15,0.0,70,+1 Lap
2012,20,Brazilian Grand Prix,interlagos,2012-11-25,glock,marussia,21,16,16,0.0,70,+1 Lap
2012,20,Brazilian Grand Prix,interlagos,2012-11-25,rosa,hrt,24,17,17,0.0,69,+2 Laps
2012,20,Brazilian Grand Prix,interlagos,2012-11-25,karthikeyan,hrt,23,18,18,0.0,69,+2 Laps
2012,20,Brazilian Grand Prix,interlagos,2012-11-25,resta,force_india,10,19,19,0.0,68,Accident
2012,20,Brazilian Grand Prix,interlagos,2012-11-25,hamilton,mclaren,1,20,R,0.0,54,Collision
2012,20,Brazilian Grand Prix,interlagos,2012-11-25,grosjean,lotus_f1,18,21,R,0.0,5,Accident
2012,20,Brazilian Grand Prix,interlagos,2012-11-25,maldonado,williams,16,22,R,0.0,1,Collision
2012,20,Brazilian Grand Prix,interlagos,2012-11-25,bruno_senna,williams,11,23,R,0.0,0,Collision
2012,20,Brazilian Grand Prix,interlagos,2012-11-25,perez,sauber,12,24,R,0.0,0,Collision
2013,1,Australian Grand Prix,albert_park,2013-03-17,raikkonen,lotus_f1,7,1,1,25.0,58,Finished
2013,1,Australian Grand Prix,albert_park,2013-03-17,alonso,ferrari,5,2,2,18.0,58,Finished
2013,1,Australian Grand Prix,albert_park,2013-03-17,vettel,red_bull,1,3,3,15.0,58,Finished
2013,1,Australian Grand Prix,albert_park,2013-03-17,massa,ferrari,4,4,4,12.0,58,Finished
2013,1,Australian Grand Prix,albert_park,2013-03-17,hamilton,mercedes,3,5,5,10.0,58,Finished
2013,1,Australian Grand Prix,albert_park,2013-03-17,webber,red_bull,2,6,6,8.0,58,Finished
2013,1,Australian Grand Prix,albert_park,2013-03-17,sutil,force_india,12,7,7,6.0,58,Finished
2013,1,Australian Grand Prix,albert_park,2013-03-17,resta,force_india,9,8,8,4.0,58,Finished
2013,1,Australian Grand Prix,albert_park,2013-03-17,button,mclaren,10,9,9,2.0,58,Finished
2013,1,Australian Grand Prix,albert_park,2013-03-17,grosjean,lotus_f1,8,10,10,1.0,58,Finished
2013,1,Australian Grand Prix,albert_park,2013-03-17,perez,mclaren,15,11,11,0.0,58,Finished
2013,1,Australian Grand Prix,albert_park,2013-03-17,vergne,toro_rosso,13,12,12,0.0,58,Finished
2013,1,Australian Grand Prix,albert_park,2013-03-17,gutierrez,sauber,18,13,13,0.0,57,+1 Lap
2013,1,Australian Grand Prix,albert_park,2013-03-17,bottas,williams,16,14,14,0.0,57,+1 Lap
2013,1,Australian Grand Prix,albert_park,2013-03-17,jules_bianchi,marussia,19,15,15,0.0,57,+1 Lap
2013,1,Australian Grand Prix,albert_park,2013-03-17,pic,caterham,22,16,16,0.0,56,+2 Laps
2013,1,Australian Grand Prix,albert_park,2013-03-17,chilton,marussia,20,17,17,0.0,56,+2 Laps
2013,1,Australian Grand Prix,albert_park,2013-03-17,garde,caterham,21,18,18,0.0,56,+2 Laps
2013,1,Australian Grand Prix,albert_park,2013-03-17,ricciardo,toro_rosso,14,19,R,0.0,39,Hydraulics
2013,1,Australian Grand Prix,albert_park,2013-03-17,rosberg,mercedes,6,20,R,0.0,26,Electrical
2013,1,Australian Grand Prix,albert_park,2013-03-17,maldonado,williams,17,21,R,0.0,24,Spun off
2013,1,Australian Grand Prix,albert_park,2013-03-17,hulkenberg,sauber,11,22,W,0.0,0,Fuel system
2013,2,Malaysian Grand Prix,sepang,2013-03-24,vettel,red_bull,1,1,1,25.0,56,Finished
2013,2,Malaysian Grand Prix,sepang,2013-03-24,webber,red_bull,5,2,2,18.0,56,Finished
2013,2,Malaysian Grand Prix,sepang,2013-03-24,hamilton,mercedes,4,3,3,15.0,56,Finished
2013,2,Malaysian Grand Prix,sepang,2013-03-24,rosberg,mercedes,6,4,4,12.0,56,Finished
2013,2,Malaysian Grand Prix,sepang,2013-03-24,massa,ferrari,2,5,5,10.0,56,Finished
2013,2,Malaysian Grand Prix,sepang,2013-03-24,grosjean,lotus_f1,11,6,6,8.0,56,Finished
2013,2,Malaysian Grand Prix,sepang,2013-03-24,raikkonen,lotus_f1,10,7,7,6.0,56,Finished
2013,2,Malaysian Grand Prix,sepang,2013-03-24,hulkenberg,sauber,12,8,8,4.0,56,Finished
2013,2,Malaysian Grand Prix,sepang,2013-03-24,perez,mclaren,9,9,9,2.0,56,Finished
2013,2,Malaysian Grand Prix,sepang,2013-03-24,vergne,toro_rosso,17,10,10,1.0,56,Finished
2013,2,Malaysian Grand Prix,sepang,2013-03-24,bottas,williams,18,11,11,0.0,56,Finished
2013,2,Malaysian Grand Prix,sepang,2013-03-24,gutierrez,sauber,14,12,12,0.0,55,+1 Lap
2013,2,Malaysian Grand Prix,sepang,2013-03-24,jules_bianchi,marussia,19,13,13,0.0,55,+1 Lap
2013,2,Malaysian Grand Prix,sepang,2013-03-24,pic,caterham,20,14,14,0.0,55,+1 Lap
2013,2,Malaysian Grand Prix,sepang,2013-03-24,garde,caterham,22,15,15,0.0,55,+1 Lap
2013,2,Malaysian Grand Prix,sepang,2013-03-24,chilton,marussia,21,16,16,0.0,54,+2 Laps
2013,2,Malaysian Grand Prix,sepang,2013-03-24,button,mclaren,7,17,17,0.0,53,Withdrew
2013,2,Malaysian Grand Prix,sepang,2013-03-24,ricciardo,toro_rosso,13,18,18,0.0,51,Retired
2013,2,Malaysian Grand Prix,sepang,2013-03-24,maldonado,williams,16,19,R,0.0,45,Retired
2013,2,Malaysian Grand Prix,sepang,2013-03-24,sutil,force_india,8,20,R,0.0,27,Wheel nut
2013,2,Malaysian Grand Prix,sepang,2013-03-24,resta,force_india,15,21,R,0.0,22,Wheel nut
2013,2,Malaysian Grand Prix,sepang,2013-03-24,alonso,ferrari,3,22,R,0.0,1,Collision
2013,3,Chinese Grand Prix,shanghai,2013-04-14,alonso,ferrari,3,1,1,25.0,56,Finished
2013,3,Chinese Grand Prix,shanghai,2013-04-14,raikkonen,lotus_f1,2,2,2,18.0,56,Finished
2013,3,Chinese Grand Prix,shanghai,2013-04-14,hamilton,mercedes,1,3,3,15.0,56,Finished
2013,3,Chinese Grand Prix,shanghai,2013-04-14,vettel,red_bull,9,4,4,12.0,56,Finished
2013,3,Chinese Grand Prix,shanghai,2013-04-14,button,mclaren,8,5,5,10.0,56,Finished
2013,3,Chinese Grand Prix,shanghai,2013-04-14,massa,ferrari,5,6,6,8.0,56,Finished
2013,3,Chinese Grand Prix,shanghai,2013-04-14,ricciardo,toro_rosso,7,7,7,6.0,56,Finished
2013,3,Chinese Grand Prix,shanghai,2013-04-14,resta,force_india,11,8,8,4.0,56,Finished
2013,3,Chinese Grand Prix,shanghai,2013-04-14,grosjean,lotus_f1,6,9,9,2.0,56,Finished
2013,3,Chinese Grand Prix,shanghai,2013-04-14,hulkenberg,sauber,10,10,10,1.0,56,Finished
2013,3,Chinese Grand Prix,shanghai,2013-04-14,perez,mclaren,12,11,11,0.0,56,Finished
2013,3,Chinese Grand Prix,shanghai,2013-04-14,vergne,toro_rosso,15,12,12,0.0,56,Finished
2013,3,Chinese Grand Prix,shanghai,2013-04-14,bottas,williams,16,13,13,0.0,56,Finished
2013,3,Chinese Grand Prix,shanghai,2013-04-14,maldonado,williams,14,14,14,0.0,56,Finished
2013,3,Chinese Grand Prix,shanghai,2013-04-14,jules_bianchi,marussia,18,15,15,0.0,55,+1 Lap
2013,3,Chinese Grand Prix,shanghai,2013-04-14,pic,caterham,20,16,16,0.0,55,+1 Lap
2013,3,Chinese Grand Prix,shanghai,2013-04-14,chilton,marussia,19,17,17,0.0,55,+1 Lap
2013,3,Chinese Grand Prix,shanghai,2013-04-14,garde,caterham,21,18,18,0.0,55,+1 Lap
2013,3,Chinese Grand Prix,shanghai,2013-04-14,rosberg,mercedes,4,19,R,0.0,21,Suspension
2013,3,Chinese Grand Prix,shanghai,2013-04-14,webber,red_bull,22,20,R,0.0,15,Wheel
2013,3,Chinese Grand Prix,shanghai,2013-04-14,sutil,force_india,13,21,R,0.0,5,Collision
2013,3,Chinese Grand Prix,shanghai,2013-04-14,gutierrez,sauber,17,22,R,0.0,4,Collision
2013,4,Bahrain Grand Prix,bahrain,2013-04-21,vettel,red_bull,2,1,1,25.0,57,Finished
2013,4,Bahrain Grand Prix,bahrain,2013-04-21,raikkonen,lotus_f1,8,2,2,18.0,57,Finished
2013,4,Bahrain Grand Prix,bahrain,2013-04-21,grosjean,lotus_f1,11,3,3,15.0,57,Finished
2013,4,Bahrain Grand Prix,bahrain,2013-04-21,resta,force_india,5,4,4,12.0,57,Finished
2013,4,Bahrain Grand Prix,bahrain,2013-04-21,hamilton,mercedes,9,5,5,10.0,57,Finished
2013,4,Bahrain Grand Prix,bahrain,2013-04-21,perez,mclaren,12,6,6,8.0,57,Finished
2013,4,Bahrain Grand Prix,bahrain,2013-04-21,webber,red_bull,7,7,7,6.0,57,Finished
2013,4,Bahrain Grand Prix,bahrain,2013-04-21,alonso,ferrari,3,8,8,4.0,57,Finished
2013,4,Bahrain Grand Prix,bahrain,2013-04-21,rosberg,mercedes,1,9,9,2.0,57,Finished
2013,4,Bahrain Grand Prix,bahrain,2013-04-21,button,mclaren,10,10,10,1.0,57,Finished
2013,4,Bahrain Grand Prix,bahrain,2013-04-21,maldonado,williams,17,11,11,0.0,57,Finished
2013,4,Bahrain Grand Prix,bahrain,2013-04-21,hulkenberg,sauber,14,12,12,0.0,57,Finished
2013,4,Bahrain Grand Prix,bahrain,2013-04-21,sutil,force_india,6,13,13,0.0,57,Finished
2013,4,Bahrain Grand Prix,bahrain,2013-04-21,bottas,williams,15,14,14,0.0,57,Finished
2013,4,Bahrain Grand Prix,bahrain,2013-04-21,massa,ferrari,4,15,15,0.0,57,Finished
2013,4,Bahrain Grand Prix,bahrain,2013-04-21,ricciardo,toro_rosso,13,16,16,0.0,56,+1 Lap
2013,4,Bahrain Grand Prix,bahrain,2013-04-21,pic,caterham,18,17,17,0.0,56,+1 Lap
2013,4,Bahrain Grand Prix,bahrain,2013-04-21,gutierrez,sauber,22,18,18,0.0,56,+1 Lap
2013,4,Bahrain Grand Prix,bahrain,2013-04-21,jules_bianchi,marussia,19,19,19,0.0,56,+1 Lap
2013,4,Bahrain Grand Prix,bahrain,2013-04-21,chilton,marussia,21,20,20,0.0,56,+1 Lap
2013,4,Bahrain Grand Prix,bahrain,2013-04-21,garde,caterham,20,21,21,0.0,55,+2 Laps
2013,4,Bahrain Grand Prix,bahrain,2013-04-21,vergne,toro_rosso,16,22,R,0.0,16,Puncture
2013,5,Spanish Grand Prix,catalunya,2013-05-12,alonso,ferrari,5,1,1,25.0,66,Finished
2013,5,Spanish Grand Prix,catalunya,2013-05-12,raikkonen,lotus_f1,4,2,2,18.0,66,Finished
2013,5,Spanish Grand Prix,catalunya,2013-05-12,massa,ferrari,9,3,3,15.0,66,Finished
2013,5,Spanish Grand Prix,catalunya,2013-05-12,vettel,red_bull,3,4,4,12.0,66,Finished
2013,5,Spanish Grand Prix,catalunya,2013-05-12,webber,red_bull,7,5,5,10.0,66,Finished
2013,5,Spanish Grand Prix,catalunya,2013-05-12,rosberg,mercedes,1,6,6,8.0,66,Finished
2013,5,Spanish Grand Prix,catalunya,2013-05-12,resta,force_india,10,7,7,6.0,66,Finished
2013,5,Spanish Grand Prix,catalunya,2013-05-12,button,mclaren,14,8,8,4.0,66,Finished
2013,5,Spanish Grand Prix,catalunya,2013-05-12,perez,mclaren,8,9,9,2.0,66,Finished
2013,5,Spanish Grand Prix,catalunya,2013-05-12,ricciardo,toro_rosso,11,10,10,1.0,65,+1 Lap
2013,5,Spanish Grand Prix,catalunya,2013-05-12,gutierrez,sauber,19,11,11,0.0,65,+1 Lap
2013,5,Spanish Grand Prix,catalunya,2013-05-12,hamilton,mercedes,2,12,12,0.0,65,+1 Lap
2013,5,Spanish Grand Prix,catalunya,2013-05-12,sutil,force_india,13,13,13,0.0,65,+1 Lap
2013,5,Spanish Grand Prix,catalunya,2013-05-12,maldonado,williams,17,14,14,0.0,65,+1 Lap
2013,5,Spanish Grand Prix,catalunya,2013-05-12,hulkenberg,sauber,15,15,15,0.0,65,+1 Lap
2013,5,Spanish Grand Prix,catalunya,2013-05-12,bottas,williams,16,16,16,0.0,65,+1 Lap
2013,5,Spanish Grand Prix,catalunya,2013-05-12,pic,caterham,22,17,17,0.0,65,+1 Lap
2013,5,Spanish Grand Prix,catalunya,2013-05-12,jules_bianchi,marussia,20,18,18,0.0,64,+2 Laps
2013,5,Spanish Grand Prix,catalunya,2013-05-12,chilton,marussia,21,19,19,0.0,64,+2 Laps
2013,5,Spanish Grand Prix,catalunya,2013-05-12,vergne,toro_rosso,12,20,20,0.0,52,Accident
2013,5,Spanish Grand Prix,catalunya,2013-05-12,garde,caterham,18,21,21,0.0,21,Wheel
2013,5,Spanish Grand Prix,catalunya,2013-05-12,grosjean,lotus_f1,6,22,22,0.0,8,Suspension
2013,6,Monaco Grand Prix,monaco,2013-05-26,rosberg,mercedes,1,1,1,25.0,78,Finished
2013,6,Monaco Grand Prix,monaco,2013-05-26,vettel,red_bull,3,2,2,18.0,78,Finished
2013,6,Monaco Grand Prix,monaco,2013-05-26,webber,red_bull,4,3,3,15.0,78,Finished
2013,6,Monaco Grand Prix,monaco,2013-05-26,hamilton,mercedes,2,4,4,12.0,78,Finished
2013,6,Monaco Grand Prix,monaco,2013-05-26,sutil,force_india,8,5,5,10.0,78,Finished
2013,6,Monaco Grand Prix,monaco,2013-05-26,button,mclaren,9,6,6,8.0,78,Finished
2013,6,Monaco Grand Prix,monaco,2013-05-26,alonso,ferrari,6,7,7,6.0,78,Finished
2013,6,Monaco Grand Prix,monaco,2013-05-26,vergne,toro_rosso,10,8,8,4.0,78,Finished
2013,6,Monaco Grand Prix,monaco,2013-05-26,resta,force_india,17,9,9,2.0,78,Finished
2013,6,Monaco Grand Prix,monaco,2013-05-26,raikkonen,lotus_f1,5,10,10,1.0,78,Finished
2013,6,Monaco Grand Prix,monaco,2013-05-26,hulkenberg,sauber,11,11,11,0.0,78,Finished
2013,6,Monaco Grand Prix,monaco,2013-05-26,bottas,williams,14,12,12,0.0,78,Finished
2013,6,Monaco Grand Prix,monaco,2013-05-26,gutierrez,sauber,19,13,13,0.0,78,Finished
2013,6,Monaco Grand Prix,monaco,2013-05-26,chilton,marussia,22,14,14,0.0,78,Finished
2013,6,Monaco Grand Prix,monaco,2013-05-26,garde,caterham,15,15,15,0.0,78,Finished
2013,6,Monaco Grand Prix,monaco,2013-05-26,perez,mclaren,7,16,16,0.0,72,Suspension
2013,6,Monaco Grand Prix,monaco,2013-05-26,grosjean,lotus_f1,13,17,R,0.0,63,Collision
2013,6,Monaco Grand Prix,monaco,2013-05-26,ricciardo,toro_rosso,12,18,R,0.0,61,Collision
2013,6,Monaco Grand Prix,monaco,2013-05-26,jules_bianchi,marussia,20,19,R,0.0,58,Brakes
2013,6,Monaco Grand Prix,monaco,2013-05-26,maldonado,williams,16,20,R,0.0,44,Collision
2013,6,Monaco Grand Prix,monaco,2013-05-26,massa,ferrari,21,21,R,0.0,28,Accident
2013,6,Monaco Grand Prix,monaco,2013-05-26,pic,caterham,18,22,R,0.0,7,Gearbox
2013,7,Canadian Grand Prix,villeneuve,2013-06-09,vettel,red_bull,1,1,1,25.0,70,Finished
2013,7,Canadian Grand Prix,villeneuve,2013-06-09,alonso,ferrari,6,2,2,18.0,70,Finished
2013,7,Canadian Grand Prix,villeneuve,2013-06-09,hamilton,mercedes,2,3,3,15.0,70,Finished
2013,7,Canadian Grand Prix,villeneuve,2013-06-09,webber,red_bull,5,4,4,12.0,70,Finished
2013,7,Canadian Grand Prix,villeneuve,2013-06-09,rosberg,mercedes,4,5,5,10.0,70,Finished
2013,7,Canadian Grand Prix,villeneuve,2013-06-09,vergne,toro_rosso,7,6,6,8.0,69,+1 Lap
2013,7,Canadian Grand Prix,villeneuve,2013-06-09,resta,force_india,17,7,7,6.0,69,+1 Lap
2013,7,Canadian Grand Prix,villeneuve,2013-06-09,massa,ferrari,16,8,8,4.0,69,+1 Lap
2013,7,Canadian Grand Prix,villeneuve,2013-06-09,raikkonen,lotus_f1,10,9,9,2.0,69,+1 Lap
2013,7,Canadian Grand Prix,villeneuve,2013-06-09,sutil,force_india,8,10,10,1.0,69,+1 Lap
2013,7,Canadian Grand Prix,villeneuve,2013-06-09,perez,mclaren,12,11,11,0.0,69,+1 Lap
2013,7,Canadian Grand Prix,villeneuve,2013-06-09,button,mclaren,14,12,12,0.0,69,+1 Lap
2013,7,Canadian Grand Prix,villeneuve,2013-06-09,grosjean,lotus_f1,22,13,13,0.0,69,+1 Lap
2013,7,Canadian Grand Prix,villeneuve,2013-06-09,bottas,williams,3,14,14,0.0,69,+1 Lap
2013,7,Canadian Grand Prix,villeneuve,2013-06-09,ricciardo,toro_rosso,11,15,15,0.0,68,+2 Laps
2013,7,Canadian Grand Prix,villeneuve,2013-06-09,maldonado,williams,13,16,16,0.0,68,+2 Laps
2013,7,Canadian Grand Prix,villeneuve,2013-06-09,jules_bianchi,marussia,19,17,17,0.0,68,+2 Laps
2013,7,Canadian Grand Prix,villeneuve,2013-06-09,pic,caterham,18,18,18,0.0,67,+3 Laps
2013,7,Canadian Grand Prix,villeneuve,2013-06-09,chilton,marussia,20,19,19,0.0,67,+3 Laps
2013,7,Canadian Grand Prix,villeneuve,2013-06-09,gutierrez,sauber,15,20,20,0.0,63,Accident
2013,7,Canadian Grand Prix,villeneuve,2013-06-09,hulkenberg,sauber,9,21,R,0.0,45,Collision
2013,7,Canadian Grand Prix,villeneuve,2013-06-09,garde,caterham,21,22,R,0.0,43,Collision
2013,8,British Grand Prix,silverstone,2013-06-30,rosberg,mercedes,2,1,1,25.0,52,Finished
2013,8,British Grand Prix,silverstone,2013-06-30,webber,red_bull,4,2,2,18.0,52,Finished
2013,8,British Grand Prix,silverstone,2013-06-30,alonso,ferrari,9,3,3,15.0,52,Finished
2013,8,British Grand Prix,silverstone,2013-06-30,hamilton,mercedes,1,4,4,12.0,52,Finished
2013,8,British Grand Prix,silverstone,2013-06-30,raikkonen,lotus_f1,8,5,5,10.0,52,Finished
2013,8,British Grand Prix,silverstone,2013-06-30,massa,ferrari,11,6,6,8.0,52,Finished
2013,8,British Grand Prix,silverstone,2013-06-30,sutil,force_india,6,7,7,6.0,52,Finished
2013,8,British Grand Prix,silverstone,2013-06-30,ricciardo,toro_rosso,5,8,8,4.0,52,Finished
2013,8,British Grand Prix,silverstone,2013-06-30,resta,force_india,21,9,9,2.0,52,Finished
2013,8,British Grand Prix,silverstone,2013-06-30,hulkenberg,sauber,14,10,10,1.0,52,Finished
2013,8,British Grand Prix,silverstone,2013-06-30,maldonado,williams,15,11,11,0.0,52,Finished
2013,8,British Grand Prix,silverstone,2013-06-30,bottas,williams,16,12,12,0.0,52,Finished
2013,8,British Grand Prix,silverstone,2013-06-30,button,mclaren,10,13,13,0.0,52,Finished
2013,8,British Grand Prix,silverstone,2013-06-30,gutierrez,sauber,17,14,14,0.0,52,Finished
2013,8,British Grand Prix,silverstone,2013-06-30,pic,caterham,18,15,15,0.0,52,Finished
2013,8,British Grand Prix,silverstone,2013-06-30,jules_bianchi,marussia,19,16,16,0.0,52,Finished
2013,8,British Grand Prix,silverstone,2013-06-30,chilton,marussia,20,17,17,0.0,52,Finished
2013,8,British Grand Prix,silverstone,2013-06-30,garde,caterham,22,18,18,0.0,52,Finished
2013,8,British Grand Prix,silverstone,2013-06-30,grosjean,lotus_f1,7,19,19,0.0,51,Retired
2013,8,British Grand Prix,silverstone,2013-06-30,perez,mclaren,13,20,20,0.0,46,Wheel
2013,8,British Grand Prix,silverstone,2013-06-30,vettel,red_bull,3,21,R,0.0,41,Gearbox
2013,8,British Grand Prix,silverstone,2013-06-30,vergne,toro_rosso,12,22,R,0.0,35,Tyre
2013,9,German Grand Prix,nurburgring,2013-07-07,vettel,red_bull,2,1,1,25.0,60,Finished
2013,9,German Grand Prix,nurburgring,2013-07-07,raikkonen,lotus_f1,4,2,2,18.0,60,Finished
2013,9,German Grand Prix,nurburgring,2013-07-07,grosjean,lotus_f1,5,3,3,15.0,60,Finished
2013,9,German Grand Prix,nurburgring,2013-07-07,alonso,ferrari,8,4,4,12.0,60,Finished
2013,9,German Grand Prix,nurburgring,2013-07-07,hamilton,mercedes,1,5,5,10.0,60,Finished
2013,9,German Grand Prix,nurburgring,2013-07-07,button,mclaren,9,6,6,8.0,60,Finished
2013,9,German Grand Prix,nurburgring,2013-07-07,webber,red_bull,3,7,7,6.0,60,Finished
2013,9,German Grand Prix,nurburgring,2013-07-07,perez,mclaren,13,8,8,4.0,60,Finished
2013,9,German Grand Prix,nurburgring,2013-07-07,rosberg,mercedes,11,9,9,2.0,60,Finished
2013,9,German Grand Prix,nurburgring,2013-07-07,hulkenberg,sauber,10,10,10,1.0,60,Finished
2013,9,German Grand Prix,nurburgring,2013-07-07,resta,force_india,12,11,11,0.0,60,Finished
2013,9,German Grand Prix,nurburgring,2013-07-07,ricciardo,toro_rosso,6,12,12,0.0,60,Finished
2013,9,German Grand Prix,nurburgring,2013-07-07,sutil,force_india,15,13,13,0.0,60,Finished
2013,9,German Grand Prix,nurburgring,2013-07-07,gutierrez,sauber,14,14,14,0.0,60,Finished
2013,9,German Grand Prix,nurburgring,2013-07-07,maldonado,williams,18,15,15,0.0,60,Finished
2013,9,German Grand Prix,nurburgring,2013-07-07,bottas,williams,17,16,16,0.0,59,+1 Lap
2013,9,German Grand Prix,nurburgring,2013-07-07,pic,caterham,22,17,17,0.0,59,+1 Lap
2013,9,German Grand Prix,nurburgring,2013-07-07,garde,caterham,20,18,18,0.0,59,+1 Lap
2013,9,German Grand Prix,nurburgring,2013-07-07,chilton,marussia,21,19,19,0.0,59,+1 Lap
2013,9,German Grand Prix,nurburgring,2013-07-07,vergne,toro_rosso,16,20,R,0.0,22,Hydraulics
2013,9,German Grand Prix,nurburgring,2013-07-07,jules_bianchi,marussia,19,21,R,0.0,21,Engine
2013,9,German Grand Prix,nurburgring,2013-07-07,massa,ferrari,7,22,R,0.0,3,Spun off
2013,10,Hungarian Grand Prix,hungaroring,2013-07-28,hamilton,mercedes,1,1,1,25.0,70,Finished
2013,10,Hungarian Grand Prix,hungaroring,2013-07-28,raikkonen,lotus_f1,6,2,2,18.0,70,Finished
2013,10,Hungarian Grand Prix,hungaroring,2013-07-28,vettel,red_bull,2,3,3,15.0,70,Finished
2013,10,Hungarian Grand Prix,hungaroring,2013-07-28,webber,red_bull,10,4,4,12.0,70,Finished
2013,10,Hungarian Grand Prix,hungaroring,2013-07-28,alonso,ferrari,5,5,5,10.0,70,Finished
2013,10,Hungarian Grand Prix,hungaroring,2013-07-28,grosjean,lotus_f1,3,6,6,8.0,70,Finished
2013,10,Hungarian Grand Prix,hungaroring,2013-07-28,button,mclaren,13,7,7,6.0,70,Finished
2013,10,Hungarian Grand Prix,hungaroring,2013-07-28,massa,ferrari,7,8,8,4.0,70,Finished
2013,10,Hungarian Grand Prix,hungaroring,2013-07-28,perez,mclaren,9,9,9,2.0,69,+1 Lap
2013,10,Hungarian Grand Prix,hungaroring,2013-07-28,maldonado,williams,15,10,10,1.0,69,+1 Lap
2013,10,Hungarian Grand Prix,hungaroring,2013-07-28,hulkenberg,sauber,12,11,11,0.0,69,+1 Lap
2013,10,Hungarian Grand Prix,hungaroring,2013-07-28,vergne,toro_rosso,14,12,12,0.0,69,+1 Lap
2013,10,Hungarian Grand Prix,hungaroring,2013-07-28,ricciardo,toro_rosso,8,13,13,0.0,69,+1 Lap
2013,10,Hungarian Grand Prix,hungaroring,2013-07-28,garde,caterham,20,14,14,0.0,68,+2 Laps
2013,10,Hungarian Grand Prix,hungaroring,2013-07-28,pic,caterham,19,15,15,0.0,68,+2 Laps
2013,10,Hungarian Grand Prix,hungaroring,2013-07-28,jules_bianchi,marussia,21,16,16,0.0,67,+3 Laps
2013,10,Hungarian Grand Prix,hungaroring,2013-07-28,chilton,marussia,22,17,17,0.0,67,+3 Laps
2013,10,Hungarian Grand Prix,hungaroring,2013-07-28,resta,force_india,18,18,18,0.0,66,Hydraulics
2013,10,Hungarian Grand Prix,hungaroring,2013-07-28,rosberg,mercedes,4,19,19,0.0,64,Engine
2013,10,Hungarian Grand Prix,hungaroring,2013-07-28,bottas,williams,16,20,R,0.0,42,Hydraulics
2013,10,Hungarian Grand Prix,hungaroring,2013-07-28,gutierrez,sauber,17,21,R,0.0,28,Transmission
2013,10,Hungarian Grand Prix,hungaroring,2013-07-28,sutil,force_india,11,22,R,0.0,19,Hydraulics
2013,11,Belgian Grand Prix,spa,2013-08-25,vettel,red_bull,2,1,1,25.0,44,Finished
2013,11,Belgian Grand Prix,spa,2013-08-25,alonso,ferrari,9,2,2,18.0,44,Finished
2013,11,Belgian Grand Prix,spa,2013-08-25,hamilton,mercedes,1,3,3,15.0,44,Finished
2013,11,Belgian Grand Prix,spa,2013-08-25,rosberg,mercedes,4,4,4,12.0,44,Finished
2013,11,Belgian Grand Prix,spa,2013-08-25,webber,red_bull,3,5,5,10.0,44,Finished
2013,11,Belgian Grand Prix,spa,2013-08-25,button,mclaren,6,6,6,8.0,44,Finished
2013,11,Belgian Grand Prix,spa,2013-08-25,massa,ferrari,10,7,7,6.0,44,Finished
2013,11,Belgian Grand Prix,spa,2013-08-25,grosjean,lotus_f1,7,8,8,4.0,44,Finished
2013,11,Belgian Grand Prix,spa,2013-08-25,sutil,force_india,12,9,9,2.0,44,Finished
2013,11,Belgian Grand Prix,spa,2013-08-25,ricciardo,toro_rosso,19,10,10,1.0,44,Finished
2013,11,Belgian Grand Prix,spa,2013-08-25,perez,mclaren,13,11,11,0.0,44,Finished
2013,11,Belgian Grand Prix,spa,2013-08-25,vergne,toro_rosso,18,12,12,0.0,44,Finished
2013,11,Belgian Grand Prix,spa,2013-08-25,hulkenberg,sauber,11,13,13,0.0,44,Finished
2013,11,Belgian Grand Prix,spa,2013-08-25,gutierrez,sauber,21,14,14,0.0,44,Finished
2013,11,Belgian Grand Prix,spa,2013-08-25,bottas,williams,20,15,15,0.0,44,Finished
2013,11,Belgian Grand Prix,spa,2013-08-25,garde,caterham,14,16,16,0.0,43,+1 Lap
2013,11,Belgian Grand Prix,spa,2013-08-25,maldonado,williams,17,17,17,0.0,43,+1 Lap
2013,11,Belgian Grand Prix,spa,2013-08-25,jules_bianchi,marussia,15,18,18,0.0,43,+1 Lap
2013,11,Belgian Grand Prix,spa,2013-08-25,chilton,marussia,16,19,19,0.0,42,+2 Laps
2013,11,Belgian Grand Prix,spa,2013-08-25,resta,force_india,5,20,R,0.0,26,Collision
2013,11,Belgian Grand Prix,spa,2013-08-25,raikkonen,lotus_f1,8,21,R,0.0,25,Brakes
2013,11,Belgian Grand Prix,spa,2013-08-25,pic,caterham,22,22,R,0.0,8,Oil leak
2013,12,Italian Grand Prix,monza,2013-09-08,vettel,red_bull,1,1,1,25.0,53,Finished
2013,12,Italian Grand Prix,monza,2013-09-08,alonso,ferrari,5,2,2,18.0,53,Finished
2013,12,Italian Grand Prix,monza,2013-09-08,webber,red_bull,2,3,3,15.0,53,Finished
2013,12,Italian Grand Prix,monza,2013-09-08,massa,ferrari,4,4,4,12.0,53,Finished
2013,12,Italian Grand Prix,monza,2013-09-08,hulkenberg,sauber,3,5,5,10.0,53,Finished
2013,12,Italian Grand Prix,monza,2013-09-08,rosberg,mercedes,6,6,6,8.0,53,Finished
2013,12,Italian Grand Prix,monza,2013-09-08,ricciardo,toro_rosso,7,7,7,6.0,53,Finished
2013,12,Italian Grand Prix,monza,2013-09-08,grosjean,lotus_f1,13,8,8,4.0,53,Finished
2013,12,Italian Grand Prix,monza,2013-09-08,hamilton,mercedes,12,9,9,2.0,53,Finished
2013,12,Italian Grand Prix,monza,2013-09-08,button,mclaren,9,10,10,1.0,53,Finished
2013,12,Italian Grand Prix,monza,2013-09-08,raikkonen,lotus_f1,11,11,11,0.0,53,Finished
2013,12,Italian Grand Prix,monza,2013-09-08,perez,mclaren,8,12,12,0.0,53,Finished
2013,12,Italian Grand Prix,monza,2013-09-08,gutierrez,sauber,16,13,13,0.0,53,Finished
2013,12,Italian Grand Prix,monza,2013-09-08,maldonado,williams,14,14,14,0.0,53,Finished
2013,12,Italian Grand Prix,monza,2013-09-08,bottas,williams,18,15,15,0.0,53,Finished
2013,12,Italian Grand Prix,monza,2013-09-08,sutil,force_india,17,16,16,0.0,52,+1 Lap
2013,12,Italian Grand Prix,monza,2013-09-08,pic,caterham,20,17,17,0.0,52,+1 Lap
2013,12,Italian Grand Prix,monza,2013-09-08,garde,caterham,19,18,18,0.0,52,+1 Lap
2013,12,Italian Grand Prix,monza,2013-09-08,jules_bianchi,marussia,21,19,19,0.0,52,+1 Lap
2013,12,Italian Grand Prix,monza,2013-09-08,chilton,marussia,22,20,20,0.0,52,+1 Lap
2013,12,Italian Grand Prix,monza,2013-09-08,vergne,toro_rosso,10,21,R,0.0,14,Transmission
2013,12,Italian Grand Prix,monza,2013-09-08,resta,force_india,15,22,R,0.0,0,Accident
2013,13,Singapore Grand Prix,marina_bay,2013-09-22,vettel,red_bull,1,1,1,25.0,61,Finished
2013,13,Singapore Grand Prix,marina_bay,2013-09-22,alonso,ferrari,7,2,2,18.0,61,Finished
2013,13,Singapore Grand Prix,marina_bay,2013-09-22,raikkonen,lotus_f1,13,3,3,15.0,61,Finished
2013,13,Singapore Grand Prix,marina_bay,2013-09-22,rosberg,mercedes,2,4,4,12.0,61,Finished
2013,13,Singapore Grand Prix,marina_bay,2013-09-22,hamilton,mercedes,5,5,5,10.0,61,Finished
2013,13,Singapore Grand Prix,marina_bay,2013-09-22,massa,ferrari,6,6,6,8.0,61,Finished
2013,13,Singapore Grand Prix,marina_bay,2013-09-22,button,mclaren,8,7,7,6.0,61,Finished
2013,13,Singapore Grand Prix,marina_bay,2013-09-22,perez,mclaren,14,8,8,4.0,61,Finished
2013,13,Singapore Grand Prix,marina_bay,2013-09-22,hulkenberg,sauber,11,9,9,2.0,61,Finished
2013,13,Singapore Grand Prix,marina_bay,2013-09-22,sutil,force_india,15,10,10,1.0,61,Finished
2013,13,Singapore Grand Prix,marina_bay,2013-09-22,maldonado,williams,18,11,11,0.0,61,Finished
2013,13,Singapore Grand Prix,marina_bay,2013-09-22,gutierrez,sauber,10,12,12,0.0,61,Finished
2013,13,Singapore Grand Prix,marina_bay,2013-09-22,bottas,williams,16,13,13,0.0,61,Finished
2013,13,Singapore Grand Prix,marina_bay,2013-09-22,vergne,toro_rosso,12,14,14,0.0,61,Finished
2013,13,Singapore Grand Prix,marina_bay,2013-09-22,webber,red_bull,4,15,15,0.0,60,Water pressure
2013,13,Singapore Grand Prix,marina_bay,2013-09-22,garde,caterham,20,16,16,0.0,60,+1 Lap
2013,13,Singapore Grand Prix,marina_bay,2013-09-22,chilton,marussia,22,17,17,0.0,60,+1 Lap
2013,13,Singapore Grand Prix,marina_bay,2013-09-22,jules_bianchi,marussia,21,18,18,0.0,60,+1 Lap
2013,13,Singapore Grand Prix,marina_bay,2013-09-22,pic,caterham,19,19,19,0.0,60,+1 Lap
2013,13,Singapore Grand Prix,marina_bay,2013-09-22,resta,force_india,17,20,20,0.0,54,Accident
2013,13,Singapore Grand Prix,marina_bay,2013-09-22,grosjean,lotus_f1,3,21,R,0.0,37,Pneumatics
2013,13,Singapore Grand Prix,marina_bay,2013-09-22,ricciardo,toro_rosso,9,22,R,0.0,23,Accident
2013,14,Korean Grand Prix,yeongam,2013-10-06,vettel,red_bull,1,1,1,25.0,55,Finished
2013,14,Korean Grand Prix,yeongam,2013-10-06,raikkonen,lotus_f1,9,2,2,18.0,55,Finished
2013,14,Korean Grand Prix,yeongam,2013-10-06,grosjean,lotus_f1,3,3,3,15.0,55,Finished
2013,14,Korean Grand Prix,yeongam,2013-10-06,hulkenberg,sauber,7,4,4,12.0,55,Finished
2013,14,Korean Grand Prix,yeongam,2013-10-06,hamilton,mercedes,2,5,5,10.0,55,Finished
2013,14,Korean Grand Prix,yeongam,2013-10-06,alonso,ferrari,5,6,6,8.0,55,Finished
2013,14,Korean Grand Prix,yeongam,2013-10-06,rosberg,mercedes,4,7,7,6.0,55,Finished
2013,14,Korean Grand Prix,yeongam,2013-10-06,button,mclaren,11,8,8,4.0,55,Finished
2013,14,Korean Grand Prix,yeongam,2013-10-06,massa,ferrari,6,9,9,2.0,55,Finished
2013,14,Korean Grand Prix,yeongam,2013-10-06,perez,mclaren,10,10,10,1.0,55,Finished
2013,14,Korean Grand Prix,yeongam,2013-10-06,gutierrez,sauber,8,11,11,0.0,55,Finished
2013,14,Korean Grand Prix,yeongam,2013-10-06,bottas,williams,17,12,12,0.0,55,Finished
2013,14,Korean Grand Prix,yeongam,2013-10-06,maldonado,williams,18,13,13,0.0,55,Finished
2013,14,Korean Grand Prix,yeongam,2013-10-06,pic,caterham,19,14,14,0.0,55,Finished
2013,14,Korean Grand Prix,yeongam,2013-10-06,garde,caterham,20,15,15,0.0,55,Finished
2013,14,Korean Grand Prix,yeongam,2013-10-06,jules_bianchi,marussia,22,16,16,0.0,55,Finished
2013,14,Korean Grand Prix,yeongam,2013-10-06,chilton,marussia,21,17,17,0.0,55,Finished
2013,14,Korean Grand Prix,yeongam,2013-10-06,vergne,toro_rosso,16,18,18,0.0,53,+2 Laps
2013,14,Korean Grand Prix,yeongam,2013-10-06,ricciardo,toro_rosso,12,19,19,0.0,52,+3 Laps
2013,14,Korean Grand Prix,yeongam,2013-10-06,sutil,force_india,14,20,20,0.0,50,Collision
2013,14,Korean Grand Prix,yeongam,2013-10-06,webber,red_bull,13,21,R,0.0,36,Collision
2013,14,Korean Grand Prix,yeongam,2013-10-06,resta,force_india,15,22,R,0.0,24,Spun off
2013,15,Japanese Grand Prix,suzuka,2013-10-13,vettel,red_bull,2,1,1,25.0,53,Finished
2013,15,Japanese Grand Prix,suzuka,2013-10-13,webber,red_bull,1,2,2,18.0,53,Finished
2013,15,Japanese Grand Prix,suzuka,2013-10-13,grosjean,lotus_f1,4,3,3,15.0,53,Finished
2013,15,Japanese Grand Prix,suzuka,2013-10-13,alonso,ferrari,8,4,4,12.0,53,Finished
2013,15,Japanese Grand Prix,suzuka,2013-10-13,raikkonen,lotus_f1,9,5,5,10.0,53,Finished
2013,15,Japanese Grand Prix,suzuka,2013-10-13,hulkenberg,sauber,7,6,6,8.0,53,Finished
2013,15,Japanese Grand Prix,suzuka,2013-10-13,gutierrez,sauber,14,7,7,6.0,53,Finished
2013,15,Japanese Grand Prix,suzuka,2013-10-13,rosberg,mercedes,6,8,8,4.0,53,Finished
2013,15,Japanese Grand Prix,suzuka,2013-10-13,button,mclaren,10,9,9,2.0,53,Finished
2013,15,Japanese Grand Prix,suzuka,2013-10-13,massa,ferrari,5,10,10,1.0,53,Finished
2013,15,Japanese Grand Prix,suzuka,2013-10-13,resta,force_india,12,11,11,0.0,53,Finished
2013,15,Japanese Grand Prix,suzuka,2013-10-13,vergne,toro_rosso,17,12,12,0.0,52,+1 Lap
2013,15,Japanese Grand Prix,suzuka,2013-10-13,ricciardo,toro_rosso,16,13,13,0.0,52,+1 Lap
2013,15,Japanese Grand Prix,suzuka,2013-10-13,sutil,force_india,22,14,14,0.0,52,+1 Lap
2013,15,Japanese Grand Prix,suzuka,2013-10-13,perez,mclaren,11,15,15,0.0,52,+1 Lap
2013,15,Japanese Grand Prix,suzuka,2013-10-13,maldonado,williams,15,16,16,0.0,52,+1 Lap
2013,15,Japanese Grand Prix,suzuka,2013-10-13,bottas,williams,13,17,17,0.0,52,+1 Lap
2013,15,Japanese Grand Prix,suzuka,2013-10-13,pic,caterham,20,18,18,0.0,52,+1 Lap
2013,15,Japanese Grand Prix,suzuka,2013-10-13,chilton,marussia,18,19,19,0.0,52,+1 Lap
2013,15,Japanese Grand Prix,suzuka,2013-10-13,hamilton,mercedes,3,20,R,0.0,7,Puncture
2013,15,Japanese Grand Prix,suzuka,2013-10-13,garde,caterham,19,21,R,0.0,0,Accident
2013,15,Japanese Grand Prix,suzuka,2013-10-13,jules_bianchi,marussia,21,22,R,0.0,0,Accident
2013,16,Indian Grand Prix,buddh,2013-10-27,vettel,red_bull,1,1,1,25.0,60,Finished
2013,16,Indian Grand Prix,buddh,2013-10-27,rosberg,mercedes,2,2,2,18.0,60,Finished
2013,16,Indian Grand Prix,buddh,2013-10-27,grosjean,lotus_f1,17,3,3,15.0,60,Finished
2013,16,Indian Grand Prix,buddh,2013-10-27,massa,ferrari,5,4,4,12.0,60,Finished
2013,16,Indian Grand Prix,buddh,2013-10-27,perez,mclaren,9,5,5,10.0,60,Finished
2013,16,Indian Grand Prix,buddh,2013-10-27,hamilton,mercedes,3,6,6,8.0,60,Finished
2013,16,Indian Grand Prix,buddh,2013-10-27,raikkonen,lotus_f1,6,7,7,6.0,60,Finished
2013,16,Indian Grand Prix,buddh,2013-10-27,resta,force_india,12,8,8,4.0,60,Finished
2013,16,Indian Grand Prix,buddh,2013-10-27,sutil,force_india,13,9,9,2.0,60,Finished
2013,16,Indian Grand Prix,buddh,2013-10-27,ricciardo,toro_rosso,11,10,10,1.0,60,Finished
2013,16,Indian Grand Prix,buddh,2013-10-27,alonso,ferrari,8,11,11,0.0,60,Finished
2013,16,Indian Grand Prix,buddh,2013-10-27,maldonado,williams,18,12,12,0.0,60,Finished
2013,16,Indian Grand Prix,buddh,2013-10-27,vergne,toro_rosso,14,13,13,0.0,59,+1 Lap
2013,16,Indian Grand Prix,buddh,2013-10-27,button,mclaren,10,14,14,0.0,59,+1 Lap
2013,16,Indian Grand Prix,buddh,2013-10-27,gutierrez,sauber,16,15,15,0.0,59,+1 Lap
2013,16,Indian Grand Prix,buddh,2013-10-27,bottas,williams,15,16,16,0.0,59,+1 Lap
2013,16,Indian Grand Prix,buddh,2013-10-27,chilton,marussia,22,17,17,0.0,58,+2 Laps
2013,16,Indian Grand Prix,buddh,2013-10-27,jules_bianchi,marussia,19,18,18,0.0,58,+2 Laps
2013,16,Indian Grand Prix,buddh,2013-10-27,hulkenberg,sauber,7,19,19,0.0,54,Mechanical
2013,16,Indian Grand Prix,buddh,2013-10-27,webber,red_bull,4,20,R,0.0,39,Alternator
2013,16,Indian Grand Prix,buddh,2013-10-27,pic,caterham,21,21,R,0.0,35,Hydraulics
2013,16,Indian Grand Prix,buddh,2013-10-27,garde,caterham,20,22,R,0.0,1,Collision
2013,17,Abu Dhabi Grand Prix,yas_marina,2013-11-03,vettel,red_bull,2,1,1,25.0,55,Finished
2013,17,Abu Dhabi Grand Prix,yas_marina,2013-11-03,webber,red_bull,1,2,2,18.0,55,Finished
2013,17,Abu Dhabi Grand Prix,yas_marina,2013-11-03,rosberg,mercedes,3,3,3,15.0,55,Finished
2013,17,Abu Dhabi Grand Prix,yas_marina,2013-11-03,grosjean,lotus_f1,6,4,4,12.0,55,Finished
2013,17,Abu Dhabi Grand Prix,yas_marina,2013-11-03,alonso,ferrari,10,5,5,10.0,55,Finished
2013,17,Abu Dhabi Grand Prix,yas_marina,2013-11-03,resta,force_india,11,6,6,8.0,55,Finished
2013,17,Abu Dhabi Grand Prix,yas_marina,2013-11-03,hamilton,mercedes,4,7,7,6.0,55,Finished
2013,17,Abu Dhabi Grand Prix,yas_marina,2013-11-03,massa,ferrari,7,8,8,4.0,55,Finished
2013,17,Abu Dhabi Grand Prix,yas_marina,2013-11-03,perez,mclaren,8,9,9,2.0,55,Finished
2013,17,Abu Dhabi Grand Prix,yas_marina,2013-11-03,sutil,force_india,17,10,10,1.0,55,Finished
2013,17,Abu Dhabi Grand Prix,yas_marina,2013-11-03,maldonado,williams,14,11,11,0.0,55,Finished
2013,17,Abu Dhabi Grand Prix,yas_marina,2013-11-03,button,mclaren,12,12,12,0.0,55,Finished
2013,17,Abu Dhabi Grand Prix,yas_marina,2013-11-03,gutierrez,sauber,16,13,13,0.0,55,Finished
2013,17,Abu Dhabi Grand Prix,yas_marina,2013-11-03,hulkenberg,sauber,5,14,14,0.0,54,+1 Lap
2013,17,Abu Dhabi Grand Prix,yas_marina,2013-11-03,bottas,williams,15,15,15,0.0,54,+1 Lap
2013,17,Abu Dhabi Grand Prix,yas_marina,2013-11-03,ricciardo,toro_rosso,9,16,16,0.0,54,+1 Lap
2013,17,Abu Dhabi Grand Prix,yas_marina,2013-11-03,vergne,toro_rosso,13,17,17,0.0,54,+1 Lap
2013,17,Abu Dhabi Grand Prix,yas_marina,2013-11-03,garde,caterham,18,18,18,0.0,54,+1 Lap
2013,17,Abu Dhabi Grand Prix,yas_marina,2013-11-03,pic,caterham,19,19,19,0.0,54,+1 Lap
2013,17,Abu Dhabi Grand Prix,yas_marina,2013-11-03,jules_bianchi,marussia,21,20,20,0.0,53,+2 Laps
2013,17,Abu Dhabi Grand Prix,yas_marina,2013-11-03,chilton,marussia,20,21,21,0.0,53,+2 Laps
2013,17,Abu Dhabi Grand Prix,yas_marina,2013-11-03,raikkonen,lotus_f1,22,22,R,0.0,0,Accident
2013,18,United States Grand Prix,americas,2013-11-17,vettel,red_bull,1,1,1,25.0,56,Finished
2013,18,United States Grand Prix,americas,2013-11-17,grosjean,lotus_f1,3,2,2,18.0,56,Finished
2013,18,United States Grand Prix,americas,2013-11-17,webber,red_bull,2,3,3,15.0,56,Finished
2013,18,United States Grand Prix,americas,2013-11-17,hamilton,mercedes,5,4,4,12.0,56,Finished
2013,18,United States Grand Prix,americas,2013-11-17,alonso,ferrari,6,5,5,10.0,56,Finished
2013,18,United States Grand Prix,americas,2013-11-17,hulkenberg,sauber,4,6,6,8.0,56,Finished
2013,18,United States Grand Prix,americas,2013-11-17,perez,mclaren,7,7,7,6.0,56,Finished
2013,18,United States Grand Prix,americas,2013-11-17,bottas,williams,9,8,8,4.0,56,Finished
2013,18,United States Grand Prix,americas,2013-11-17,rosberg,mercedes,12,9,9,2.0,56,Finished
2013,18,United States Grand Prix,americas,2013-11-17,button,mclaren,15,10,10,1.0,56,Finished
2013,18,United States Grand Prix,americas,2013-11-17,ricciardo,toro_rosso,10,11,11,0.0,56,Finished
2013,18,United States Grand Prix,americas,2013-11-17,vergne,toro_rosso,14,12,12,0.0,56,Finished
2013,18,United States Grand Prix,americas,2013-11-17,massa,ferrari,13,13,13,0.0,56,Finished
2013,18,United States Grand Prix,americas,2013-11-17,gutierrez,sauber,20,14,14,0.0,56,Finished
2013,18,United States Grand Prix,americas,2013-11-17,kovalainen,lotus_f1,8,15,15,0.0,56,Finished
2013,18,United States Grand Prix,americas,2013-11-17,resta,force_india,11,16,16,0.0,56,Finished
2013,18,United States Grand Prix,americas,2013-11-17,maldonado,williams,17,17,17,0.0,55,+1 Lap
2013,18,United States Grand Prix,americas,2013-11-17,jules_bianchi,marussia,19,18,18,0.0,55,+1 Lap
2013,18,United States Grand Prix,americas,2013-11-17,garde,caterham,18,19,19,0.0,55,+1 Lap
2013,18,United States Grand Prix,americas,2013-11-17,pic,caterham,22,20,20,0.0,55,+1 Lap
2013,18,United States Grand Prix,americas,2013-11-17,chilton,marussia,21,21,21,0.0,54,+2 Laps
2013,18,United States Grand Prix,americas,2013-11-17,sutil,force_india,16,22,R,0.0,0,Accident
2013,19,Brazilian Grand Prix,interlagos,2013-11-24,vettel,red_bull,1,1,1,25.0,71,Finished
2013,19,Brazilian Grand Prix,interlagos,2013-11-24,webber,red_bull,4,2,2,18.0,71,Finished
2013,19,Brazilian Grand Prix,interlagos,2013-11-24,alonso,ferrari,3,3,3,15.0,71,Finished
2013,19,Brazilian Grand Prix,interlagos,2013-11-24,button,mclaren,14,4,4,12.0,71,Finished
2013,19,Brazilian Grand Prix,interlagos,2013-11-24,rosberg,mercedes,2,5,5,10.0,71,Finished
2013,19,Brazilian Grand Prix,interlagos,2013-11-24,perez,mclaren,19,6,6,8.0,71,Finished
2013,19,Brazilian Grand Prix,interlagos,2013-11-24,massa,ferrari,9,7,7,6.0,71,Finished
2013,19,Brazilian Grand Prix,interlagos,2013-11-24,hulkenberg,sauber,10,8,8,4.0,71,Finished
2013,19,Brazilian Grand Prix,interlagos,2013-11-24,hamilton,mercedes,5,9,9,2.0,71,Finished
2013,19,Brazilian Grand Prix,interlagos,2013-11-24,ricciardo,toro_rosso,7,10,10,1.0,70,+1 Lap
2013,19,Brazilian Grand Prix,interlagos,2013-11-24,resta,force_india,12,11,11,0.0,70,+1 Lap
2013,19,Brazilian Grand Prix,interlagos,2013-11-24,gutierrez,sauber,17,12,12,0.0,70,+1 Lap
2013,19,Brazilian Grand Prix,interlagos,2013-11-24,sutil,force_india,15,13,13,0.0,70,+1 Lap
2013,19,Brazilian Grand Prix,interlagos,2013-11-24,kovalainen,lotus_f1,11,14,14,0.0,70,+1 Lap
2013,19,Brazilian Grand Prix,interlagos,2013-11-24,vergne,toro_rosso,8,15,15,0.0,70,+1 Lap
2013,19,Brazilian Grand Prix,interlagos,2013-11-24,maldonado,williams,16,16,16,0.0,70,+1 Lap
2013,19,Brazilian Grand Prix,interlagos,2013-11-24,jules_bianchi,marussia,21,17,17,0.0,69,+2 Laps
2013,19,Brazilian Grand Prix,interlagos,2013-11-24,garde,caterham,20,18,18,0.0,69,+2 Laps
2013,19,Brazilian Grand Prix,interlagos,2013-11-24,chilton,marussia,22,19,19,0.0,69,+2 Laps
2013,19,Brazilian Grand Prix,interlagos,2013-11-24,pic,caterham,18,20,R,0.0,58,Mechanical
2013,19,Brazilian Grand Prix,interlagos,2013-11-24,bottas,williams,13,21,R,0.0,45,Accident
2013,19,Brazilian Grand Prix,interlagos,2013-11-24,grosjean,lotus_f1,6,22,R,0.0,2,Engine
2014,1,Australian Grand Prix,albert_park,2014-03-16,rosberg,mercedes,3,1,1,25.0,57,Finished
2014,1,Australian Grand Prix,albert_park,2014-03-16,kevin_magnussen,mclaren,4,2,2,18.0,57,Finished
2014,1,Australian Grand Prix,albert_park,2014-03-16,button,mclaren,10,3,3,15.0,57,Finished
2014,1,Australian Grand Prix,albert_park,2014-03-16,alonso,ferrari,5,4,4,12.0,57,Finished
2014,1,Australian Grand Prix,albert_park,2014-03-16,bottas,williams,15,5,5,10.0,57,Finished
2014,1,Australian Grand Prix,albert_park,2014-03-16,hulkenberg,force_india,7,6,6,8.0,57,Finished
2014,1,Australian Grand Prix,albert_park,2014-03-16,raikkonen,ferrari,11,7,7,6.0,57,Finished
2014,1,Australian Grand Prix,albert_park,2014-03-16,vergne,toro_rosso,6,8,8,4.0,57,Finished
2014,1,Australian Grand Prix,albert_park,2014-03-16,kvyat,toro_rosso,8,9,9,2.0,57,Finished
2014,1,Australian Grand Prix,albert_park,2014-03-16,perez,force_india,16,10,10,1.0,57,Finished
2014,1,Australian Grand Prix,albert_park,2014-03-16,sutil,sauber,13,11,11,0.0,56,+1 Lap
2014,1,Australian Grand Prix,albert_park,2014-03-16,gutierrez,sauber,20,12,12,0.0,56,+1 Lap
2014,1,Australian Grand Prix,albert_park,2014-03-16,chilton,marussia,17,13,13,0.0,55,+2 Laps
2014,1,Australian Grand Prix,albert_park,2014-03-16,jules_bianchi,marussia,18,14,R,0.0,49,+8 Laps
2014,1,Australian Grand Prix,albert_park,2014-03-16,grosjean,lotus_f1,22,15,R,0.0,43,ERS
2014,1,Australian Grand Prix,albert_park,2014-03-16,maldonado,lotus_f1,21,16,R,0.0,29,ERS
2014,1,Australian Grand Prix,albert_park,2014-03-16,ericsson,caterham,19,17,R,0.0,27,Oil pressure
2014,1,Australian Grand Prix,albert_park,2014-03-16,vettel,red_bull,12,18,R,0.0,3,Engine
2014,1,Australian Grand Prix,albert_park,2014-03-16,hamilton,mercedes,1,19,R,0.0,2,Engine
2014,1,Australian Grand Prix,albert_park,2014-03-16,massa,williams,9,20,R,0.0,0,Collision
2014,1,Australian Grand Prix,albert_park,2014-03-16,kobayashi,caterham,14,21,R,0.0,0,Collision
2014,1,Australian Grand Prix,albert_park,2014-03-16,ricciardo,red_bull,2,22,D,0.0,57,Disqualified
2014,2,Malaysian Grand Prix,sepang,2014-03-30,hamilton,mercedes,1,1,1,25.0,56,Finished
2014,2,Malaysian Grand Prix,sepang,2014-03-30,rosberg,mercedes,3,2,2,18.0,56,Finished
2014,2,Malaysian Grand Prix,sepang,2014-03-30,vettel,red_bull,2,3,3,15.0,56,Finished
2014,2,Malaysian Grand Prix,sepang,2014-03-30,alonso,ferrari,4,4,4,12.0,56,Finished
2014,2,Malaysian Grand Prix,sepang,2014-03-30,hulkenberg,force_india,7,5,5,10.0,56,Finished
2014,2,Malaysian Grand Prix,sepang,2014-03-30,button,mclaren,10,6,6,8.0,56,Finished
2014,2,Malaysian Grand Prix,sepang,2014-03-30,massa,williams,13,7,7,6.0,56,Finished
2014,2,Malaysian Grand Prix,sepang,2014-03-30,bottas,williams,18,8,8,4.0,56,Finished
2014,2,Malaysian Grand Prix,sepang,2014-03-30,kevin_magnussen,mclaren,8,9,9,2.0,55,+1 Lap
2014,2,Malaysian Grand Prix,sepang,2014-03-30,kvyat,toro_rosso,11,10,10,1.0,55,+1 Lap
2014,2,Malaysian Grand Prix,sepang,2014-03-30,grosjean,lotus_f1,15,11,11,0.0,55,+1 Lap
2014,2,Malaysian Grand Prix,sepang,2014-03-30,raikkonen,ferrari,6,12,12,0.0,55,+1 Lap
2014,2,Malaysian Grand Prix,sepang,2014-03-30,kobayashi,caterham,20,13,13,0.0,55,+1 Lap
2014,2,Malaysian Grand Prix,sepang,2014-03-30,ericsson,caterham,22,14,14,0.0,54,+2 Laps
2014,2,Malaysian Grand Prix,sepang,2014-03-30,chilton,marussia,21,15,15,0.0,54,+2 Laps
2014,2,Malaysian Grand Prix,sepang,2014-03-30,ricciardo,red_bull,5,16,R,0.0,49,Technical
2014,2,Malaysian Grand Prix,sepang,2014-03-30,gutierrez,sauber,12,17,R,0.0,35,Gearbox
2014,2,Malaysian Grand Prix,sepang,2014-03-30,sutil,sauber,17,18,R,0.0,32,Electrical
2014,2,Malaysian Grand Prix,sepang,2014-03-30,vergne,toro_rosso,9,19,R,0.0,18,Power Unit
2014,2,Malaysian Grand Prix,sepang,2014-03-30,jules_bianchi,marussia,19,20,R,0.0,8,Brakes
2014,2,Malaysian Grand Prix,sepang,2014-03-30,maldonado,lotus_f1,16,21,R,0.0,7,Engine
2014,2,Malaysian Grand Prix,sepang,2014-03-30,perez,force_india,14,22,W,0.0,0,Withdrew
2014,3,Bahrain Grand Prix,bahrain,2014-04-06,hamilton,mercedes,2,1,1,25.0,57,Finished
2014,3,Bahrain Grand Prix,bahrain,2014-04-06,rosberg,mercedes,1,2,2,18.0,57,Finished
2014,3,Bahrain Grand Prix,bahrain,2014-04-06,perez,force_india,4,3,3,15.0,57,Finished
2014,3,Bahrain Grand Prix,bahrain,2014-04-06,ricciardo,red_bull,13,4,4,12.0,57,Finished
2014,3,Bahrain Grand Prix,bahrain,2014-04-06,hulkenberg,force_india,11,5,5,10.0,57,Finished
2014,3,Bahrain Grand Prix,bahrain,2014-04-06,vettel,red_bull,10,6,6,8.0,57,Finished
2014,3,Bahrain Grand Prix,bahrain,2014-04-06,massa,williams,7,7,7,6.0,57,Finished
2014,3,Bahrain Grand Prix,bahrain,2014-04-06,bottas,williams,3,8,8,4.0,57,Finished
2014,3,Bahrain Grand Prix,bahrain,2014-04-06,alonso,ferrari,9,9,9,2.0,57,Finished
2014,3,Bahrain Grand Prix,bahrain,2014-04-06,raikkonen,ferrari,5,10,10,1.0,57,Finished
2014,3,Bahrain Grand Prix,bahrain,2014-04-06,kvyat,toro_rosso,12,11,11,0.0,57,Finished
2014,3,Bahrain Grand Prix,bahrain,2014-04-06,grosjean,lotus_f1,16,12,12,0.0,57,Finished
2014,3,Bahrain Grand Prix,bahrain,2014-04-06,chilton,marussia,21,13,13,0.0,57,Finished
2014,3,Bahrain Grand Prix,bahrain,2014-04-06,maldonado,lotus_f1,17,14,14,0.0,57,Finished
2014,3,Bahrain Grand Prix,bahrain,2014-04-06,kobayashi,caterham,18,15,15,0.0,57,Finished
2014,3,Bahrain Grand Prix,bahrain,2014-04-06,jules_bianchi,marussia,19,16,16,0.0,56,+1 Lap
2014,3,Bahrain Grand Prix,bahrain,2014-04-06,button,mclaren,6,17,17,0.0,55,Clutch
2014,3,Bahrain Grand Prix,bahrain,2014-04-06,kevin_magnussen,mclaren,8,18,R,0.0,40,Clutch
2014,3,Bahrain Grand Prix,bahrain,2014-04-06,gutierrez,sauber,15,19,R,0.0,39,Collision
2014,3,Bahrain Grand Prix,bahrain,2014-04-06,ericsson,caterham,20,20,R,0.0,33,Retired
2014,3,Bahrain Grand Prix,bahrain,2014-04-06,vergne,toro_rosso,14,21,R,0.0,18,Retired
2014,3,Bahrain Grand Prix,bahrain,2014-04-06,sutil,sauber,22,22,R,0.0,17,Collision
2014,4,Chinese Grand Prix,shanghai,2014-04-20,hamilton,mercedes,1,1,1,25.0,54,Finished
2014,4,Chinese Grand Prix,shanghai,2014-04-20,rosberg,mercedes,4,2,2,18.0,54,Finished
2014,4,Chinese Grand Prix,shanghai,2014-04-20,alonso,ferrari,5,3,3,15.0,54,Finished
2014,4,Chinese Grand Prix,shanghai,2014-04-20,ricciardo,red_bull,2,4,4,12.0,54,Finished
2014,4,Chinese Grand Prix,shanghai,2014-04-20,vettel,red_bull,3,5,5,10.0,54,Finished
2014,4,Chinese Grand Prix,shanghai,2014-04-20,hulkenberg,force_india,8,6,6,8.0,54,Finished
2014,4,Chinese Grand Prix,shanghai,2014-04-20,bottas,williams,7,7,7,6.0,54,Finished
2014,4,Chinese Grand Prix,shanghai,2014-04-20,raikkonen,ferrari,11,8,8,4.0,54,Finished
2014,4,Chinese Grand Prix,shanghai,2014-04-20,perez,force_india,16,9,9,2.0,54,Finished
2014,4,Chinese Grand Prix,shanghai,2014-04-20,kvyat,toro_rosso,13,10,10,1.0,53,+1 Lap
2014,4,Chinese Grand Prix,shanghai,2014-04-20,button,mclaren,12,11,11,0.0,53,+1 Lap
2014,4,Chinese Grand Prix,shanghai,2014-04-20,vergne,toro_rosso,9,12,12,0.0,53,+1 Lap
2014,4,Chinese Grand Prix,shanghai,2014-04-20,kevin_magnussen,mclaren,15,13,13,0.0,53,+1 Lap
2014,4,Chinese Grand Prix,shanghai,2014-04-20,maldonado,lotus_f1,22,14,14,0.0,53,+1 Lap
2014,4,Chinese Grand Prix,shanghai,2014-04-20,massa,williams,6,15,15,0.0,53,+1 Lap
2014,4,Chinese Grand Prix,shanghai,2014-04-20,gutierrez,sauber,17,16,16,0.0,53,+1 Lap
2014,4,Chinese Grand Prix,shanghai,2014-04-20,jules_bianchi,marussia,19,17,17,0.0,53,+1 Lap
2014,4,Chinese Grand Prix,shanghai,2014-04-20,kobayashi,caterham,18,18,18,0.0,53,+1 Lap
2014,4,Chinese Grand Prix,shanghai,2014-04-20,chilton,marussia,21,19,19,0.0,52,+2 Laps
2014,4,Chinese Grand Prix,shanghai,2014-04-20,ericsson,caterham,20,20,20,0.0,52,+2 Laps
2014,4,Chinese Grand Prix,shanghai,2014-04-20,grosjean,lotus_f1,10,21,R,0.0,28,Gearbox
2014,4,Chinese Grand Prix,shanghai,2014-04-20,sutil,sauber,14,22,R,0.0,5,Engine
2014,5,Spanish Grand Prix,catalunya,2014-05-11,hamilton,mercedes,1,1,1,25.0,66,Finished
2014,5,Spanish Grand Prix,catalunya,2014-05-11,rosberg,mercedes,2,2,2,18.0,66,Finished
2014,5,Spanish Grand Prix,catalunya,2014-05-11,ricciardo,red_bull,3,3,3,15.0,66,Finished
2014,5,Spanish Grand Prix,catalunya,2014-05-11,vettel,red_bull,15,4,4,12.0,66,Finished
2014,5,Spanish Grand Prix,catalunya,2014-05-11,bottas,williams,4,5,5,10.0,66,Finished
2014,5,Spanish Grand Prix,catalunya,2014-05-11,alonso,ferrari,7,6,6,8.0,66,Finished
2014,5,Spanish Grand Prix,catalunya,2014-05-11,raikkonen,ferrari,6,7,7,6.0,65,+1 Lap
2014,5,Spanish Grand Prix,catalunya,2014-05-11,grosjean,lotus_f1,5,8,8,4.0,65,+1 Lap
2014,5,Spanish Grand Prix,catalunya,2014-05-11,perez,force_india,11,9,9,2.0,65,+1 Lap
2014,5,Spanish Grand Prix,catalunya,2014-05-11,hulkenberg,force_india,10,10,10,1.0,65,+1 Lap
2014,5,Spanish Grand Prix,catalunya,2014-05-11,button,mclaren,8,11,11,0.0,65,+1 Lap
2014,5,Spanish Grand Prix,catalunya,2014-05-11,kevin_magnussen,mclaren,14,12,12,0.0,65,+1 Lap
2014,5,Spanish Grand Prix,catalunya,2014-05-11,massa,williams,9,13,13,0.0,65,+1 Lap
2014,5,Spanish Grand Prix,catalunya,2014-05-11,kvyat,toro_rosso,12,14,14,0.0,65,+1 Lap
2014,5,Spanish Grand Prix,catalunya,2014-05-11,maldonado,lotus_f1,22,15,15,0.0,65,+1 Lap
2014,5,Spanish Grand Prix,catalunya,2014-05-11,gutierrez,sauber,13,16,16,0.0,65,+1 Lap
2014,5,Spanish Grand Prix,catalunya,2014-05-11,sutil,sauber,16,17,17,0.0,65,+1 Lap
2014,5,Spanish Grand Prix,catalunya,2014-05-11,jules_bianchi,marussia,18,18,18,0.0,64,+2 Laps
2014,5,Spanish Grand Prix,catalunya,2014-05-11,chilton,marussia,17,19,19,0.0,64,+2 Laps
2014,5,Spanish Grand Prix,catalunya,2014-05-11,ericsson,caterham,19,20,20,0.0,64,+2 Laps
2014,5,Spanish Grand Prix,catalunya,2014-05-11,kobayashi,caterham,20,21,R,0.0,34,Brakes
2014,5,Spanish Grand Prix,catalunya,2014-05-11,vergne,toro_rosso,21,22,R,0.0,24,Exhaust
2014,6,Monaco Grand Prix,monaco,2014-05-25,rosberg,mercedes,1,1,1,25.0,78,Finished
2014,6,Monaco Grand Prix,monaco,2014-05-25,hamilton,mercedes,2,2,2,18.0,78,Finished
2014,6,Monaco Grand Prix,monaco,2014-05-25,ricciardo,red_bull,3,3,3,15.0,78,Finished
2014,6,Monaco Grand Prix,monaco,2014-05-25,alonso,ferrari,5,4,4,12.0,78,Finished
2014,6,Monaco Grand Prix,monaco,2014-05-25,hulkenberg,force_india,11,5,5,10.0,77,+1 Lap
2014,6,Monaco Grand Prix,monaco,2014-05-25,button,mclaren,12,6,6,8.0,77,+1 Lap
2014,6,Monaco Grand Prix,monaco,2014-05-25,massa,williams,16,7,7,6.0,77,+1 Lap
2014,6,Monaco Grand Prix,monaco,2014-05-25,grosjean,lotus_f1,14,8,8,4.0,77,+1 Lap
2014,6,Monaco Grand Prix,monaco,2014-05-25,jules_bianchi,marussia,21,9,9,2.0,77,+1 Lap
2014,6,Monaco Grand Prix,monaco,2014-05-25,kevin_magnussen,mclaren,8,10,10,1.0,77,+1 Lap
2014,6,Monaco Grand Prix,monaco,2014-05-25,ericsson,caterham,22,11,11,0.0,77,+1 Lap
2014,6,Monaco Grand Prix,monaco,2014-05-25,raikkonen,ferrari,6,12,12,0.0,77,+1 Lap
2014,6,Monaco Grand Prix,monaco,2014-05-25,kobayashi,caterham,20,13,13,0.0,75,+2 Laps
2014,6,Monaco Grand Prix,monaco,2014-05-25,chilton,marussia,19,14,14,0.0,75,+3 Laps
2014,6,Monaco Grand Prix,monaco,2014-05-25,gutierrez,sauber,17,15,R,0.0,59,Accident
2014,6,Monaco Grand Prix,monaco,2014-05-25,bottas,williams,13,16,R,0.0,55,Engine
2014,6,Monaco Grand Prix,monaco,2014-05-25,vergne,toro_rosso,7,17,R,0.0,50,Engine
2014,6,Monaco Grand Prix,monaco,2014-05-25,sutil,sauber,18,18,R,0.0,23,Accident
2014,6,Monaco Grand Prix,monaco,2014-05-25,kvyat,toro_rosso,9,19,R,0.0,10,Mechanical
2014,6,Monaco Grand Prix,monaco,2014-05-25,vettel,red_bull,4,20,R,0.0,5,Turbo
2014,6,Monaco Grand Prix,monaco,2014-05-25,perez,force_india,10,21,R,0.0,0,Collision
2014,6,Monaco Grand Prix,monaco,2014-05-25,maldonado,lotus_f1,15,22,W,0.0,0,Withdrew
2014,7,Canadian Grand Prix,villeneuve,2014-06-08,ricciardo,red_bull,6,1,1,25.0,70,Finished
2014,7,Canadian Grand Prix,villeneuve,2014-06-08,rosberg,mercedes,1,2,2,18.0,70,Finished
2014,7,Canadian Grand Prix,villeneuve,2014-06-08,vettel,red_bull,3,3,3,15.0,70,Finished
2014,7,Canadian Grand Prix,villeneuve,2014-06-08,button,mclaren,9,4,4,12.0,70,Finished
2014,7,Canadian Grand Prix,villeneuve,2014-06-08,hulkenberg,force_india,11,5,5,10.0,70,Finished
2014,7,Canadian Grand Prix,villeneuve,2014-06-08,alonso,ferrari,7,6,6,8.0,70,Finished
2014,7,Canadian Grand Prix,villeneuve,2014-06-08,bottas,williams,4,7,7,6.0,70,Finished
2014,7,Canadian Grand Prix,villeneuve,2014-06-08,vergne,toro_rosso,8,8,8,4.0,70,Finished
2014,7,Canadian Grand Prix,villeneuve,2014-06-08,kevin_magnussen,mclaren,12,9,9,2.0,70,Finished
2014,7,Canadian Grand Prix,villeneuve,2014-06-08,raikkonen,ferrari,10,10,10,1.0,70,Finished
2014,7,Canadian Grand Prix,villeneuve,2014-06-08,perez,force_india,13,11,11,0.0,69,Collision
2014,7,Canadian Grand Prix,villeneuve,2014-06-08,massa,williams,5,12,12,0.0,69,Collision
2014,7,Canadian Grand Prix,villeneuve,2014-06-08,sutil,sauber,16,13,13,0.0,69,+1 Lap
2014,7,Canadian Grand Prix,villeneuve,2014-06-08,gutierrez,sauber,22,14,14,0.0,64,ERS
2014,7,Canadian Grand Prix,villeneuve,2014-06-08,grosjean,lotus_f1,14,15,R,0.0,59,Rear wing
2014,7,Canadian Grand Prix,villeneuve,2014-06-08,kvyat,toro_rosso,15,16,R,0.0,47,Drivetrain
2014,7,Canadian Grand Prix,villeneuve,2014-06-08,hamilton,mercedes,2,17,R,0.0,46,Brakes
2014,7,Canadian Grand Prix,villeneuve,2014-06-08,kobayashi,caterham,21,18,R,0.0,23,Suspension
2014,7,Canadian Grand Prix,villeneuve,2014-06-08,maldonado,lotus_f1,17,19,R,0.0,21,Power Unit
2014,7,Canadian Grand Prix,villeneuve,2014-06-08,ericsson,caterham,20,20,R,0.0,7,Turbo
2014,7,Canadian Grand Prix,villeneuve,2014-06-08,chilton,marussia,18,21,R,0.0,0,Collision
2014,7,Canadian Grand Prix,villeneuve,2014-06-08,jules_bianchi,marussia,19,22,R,0.0,0,Collision
2014,8,Austrian Grand Prix,red_bull_ring,2014-06-22,rosberg,mercedes,3,1,1,25.0,71,Finished
2014,8,Austrian Grand Prix,red_bull_ring,2014-06-22,hamilton,mercedes,9,2,2,18.0,71,Finished
2014,8,Austrian Grand Prix,red_bull_ring,2014-06-22,bottas,williams,2,3,3,15.0,71,Finished
2014,8,Austrian Grand Prix,red_bull_ring,2014-06-22,massa,williams,1,4,4,12.0,71,Finished
2014,8,Austrian Grand Prix,red_bull_ring,2014-06-22,alonso,ferrari,4,5,5,10.0,71,Finished
2014,8,Austrian Grand Prix,red_bull_ring,2014-06-22,perez,force_india,15,6,6,8.0,71,Finished
2014,8,Austrian Grand Prix,red_bull_ring,2014-06-22,kevin_magnussen,mclaren,6,7,7,6.0,71,Finished
2014,8,Austrian Grand Prix,red_bull_ring,2014-06-22,ricciardo,red_bull,5,8,8,4.0,71,Finished
2014,8,Austrian Grand Prix,red_bull_ring,2014-06-22,hulkenberg,force_india,10,9,9,2.0,71,Finished
2014,8,Austrian Grand Prix,red_bull_ring,2014-06-22,raikkonen,ferrari,8,10,10,1.0,71,Finished
2014,8,Austrian Grand Prix,red_bull_ring,2014-06-22,button,mclaren,11,11,11,0.0,71,Finished
2014,8,Austrian Grand Prix,red_bull_ring,2014-06-22,maldonado,lotus_f1,13,12,12,0.0,70,+1 Lap
2014,8,Austrian Grand Prix,red_bull_ring,2014-06-22,sutil,sauber,16,13,13,0.0,70,+1 Lap
2014,8,Austrian Grand Prix,red_bull_ring,2014-06-22,grosjean,lotus_f1,22,14,14,0.0,70,+1 Lap
2014,8,Austrian Grand Prix,red_bull_ring,2014-06-22,jules_bianchi,marussia,18,15,15,0.0,69,+2 Laps
2014,8,Austrian Grand Prix,red_bull_ring,2014-06-22,kobayashi,caterham,19,16,16,0.0,69,+2 Laps
2014,8,Austrian Grand Prix,red_bull_ring,2014-06-22,chilton,marussia,21,17,17,0.0,69,+2 Laps
2014,8,Austrian Grand Prix,red_bull_ring,2014-06-22,ericsson,caterham,20,18,18,0.0,69,+2 Laps
2014,8,Austrian Grand Prix,red_bull_ring,2014-06-22,gutierrez,sauber,17,19,19,0.0,69,+2 Laps
2014,8,Austrian Grand Prix,red_bull_ring,2014-06-22,vergne,toro_rosso,14,20,R,0.0,59,Brakes
2014,8,Austrian Grand Prix,red_bull_ring,2014-06-22,vettel,red_bull,12,21,R,0.0,34,Electrical
2014,8,Austrian Grand Prix,red_bull_ring,2014-06-22,kvyat,toro_rosso,7,22,R,0.0,24,Suspension
2014,9,British Grand Prix,silverstone,2014-07-06,hamilton,mercedes,6,1,1,25.0,52,Finished
2014,9,British Grand Prix,silverstone,2014-07-06,bottas,williams,14,2,2,18.0,52,Finished
2014,9,British Grand Prix,silverstone,2014-07-06,ricciardo,red_bull,8,3,3,15.0,52,Finished
2014,9,British Grand Prix,silverstone,2014-07-06,button,mclaren,3,4,4,12.0,52,Finished
2014,9,British Grand Prix,silverstone,2014-07-06,vettel,red_bull,2,5,5,10.0,52,Finished
2014,9,British Grand Prix,silverstone,2014-07-06,alonso,ferrari,16,6,6,8.0,52,Finished
2014,9,British Grand Prix,silverstone,2014-07-06,kevin_magnussen,mclaren,5,7,7,6.0,52,Finished
2014,9,British Grand Prix,silverstone,2014-07-06,hulkenberg,force_india,4,8,8,4.0,52,Finished
2014,9,British Grand Prix,silverstone,2014-07-06,kvyat,toro_rosso,9,9,9,2.0,52,Finished
2014,9,British Grand Prix,silverstone,2014-07-06,vergne,toro_rosso,10,10,10,1.0,51,+1 Lap
2014,9,British Grand Prix,silverstone,2014-07-06,perez,force_india,7,11,11,0.0,51,+1 Lap
2014,9,British Grand Prix,silverstone,2014-07-06,grosjean,lotus_f1,11,12,12,0.0,51,+1 Lap
2014,9,British Grand Prix,silverstone,2014-07-06,sutil,sauber,13,13,13,0.0,51,+1 Lap
2014,9,British Grand Prix,silverstone,2014-07-06,jules_bianchi,marussia,12,14,14,0.0,51,+1 Lap
2014,9,British Grand Prix,silverstone,2014-07-06,kobayashi,caterham,22,15,15,0.0,50,+2 Laps
2014,9,British Grand Prix,silverstone,2014-07-06,chilton,marussia,17,16,16,0.0,50,+2 Laps
2014,9,British Grand Prix,silverstone,2014-07-06,maldonado,lotus_f1,20,17,17,0.0,49,+3 Laps
2014,9,British Grand Prix,silverstone,2014-07-06,rosberg,mercedes,1,18,R,0.0,28,Gearbox
2014,9,British Grand Prix,silverstone,2014-07-06,ericsson,caterham,21,19,R,0.0,11,Suspension
2014,9,British Grand Prix,silverstone,2014-07-06,gutierrez,sauber,19,20,R,0.0,9,Collision
2014,9,British Grand Prix,silverstone,2014-07-06,massa,williams,15,21,R,0.0,0,Collision
2014,9,British Grand Prix,silverstone,2014-07-06,raikkonen,ferrari,18,22,R,0.0,0,Collision
2014,10,German Grand Prix,hockenheimring,2014-07-20,rosberg,mercedes,1,1,1,25.0,67,Finished
2014,10,German Grand Prix,hockenheimring,2014-07-20,bottas,williams,2,2,2,18.0,67,Finished
2014,10,German Grand Prix,hockenheimring,2014-07-20,hamilton,mercedes,20,3,3,15.0,67,Finished
2014,10,German Grand Prix,hockenheimring,2014-07-20,vettel,red_bull,6,4,4,12.0,67,Finished
2014,10,German Grand Prix,hockenheimring,2014-07-20,alonso,ferrari,7,5,5,10.0,67,Finished
2014,10,German Grand Prix,hockenheimring,2014-07-20,ricciardo,red_bull,5,6,6,8.0,67,Finished
2014,10,German Grand Prix,hockenheimring,2014-07-20,hulkenberg,force_india,9,7,7,6.0,67,Finished
2014,10,German Grand Prix,hockenheimring,2014-07-20,button,mclaren,11,8,8,4.0,67,Finished
2014,10,German Grand Prix,hockenheimring,2014-07-20,kevin_magnussen,mclaren,4,9,9,2.0,66,+1 Lap
2014,10,German Grand Prix,hockenheimring,2014-07-20,perez,force_india,10,10,10,1.0,66,+1 Lap
2014,10,German Grand Prix,hockenheimring,2014-07-20,raikkonen,ferrari,12,11,11,0.0,66,+1 Lap
2014,10,German Grand Prix,hockenheimring,2014-07-20,maldonado,lotus_f1,18,12,12,0.0,66,+1 Lap
2014,10,German Grand Prix,hockenheimring,2014-07-20,vergne,toro_rosso,13,13,13,0.0,66,+1 Lap
2014,10,German Grand Prix,hockenheimring,2014-07-20,gutierrez,sauber,16,14,14,0.0,66,+1 Lap
2014,10,German Grand Prix,hockenheimring,2014-07-20,jules_bianchi,marussia,17,15,15,0.0,66,+1 Lap
2014,10,German Grand Prix,hockenheimring,2014-07-20,kobayashi,caterham,19,16,16,0.0,65,+2 Laps
2014,10,German Grand Prix,hockenheimring,2014-07-20,chilton,marussia,21,17,17,0.0,65,+2 Laps
2014,10,German Grand Prix,hockenheimring,2014-07-20,ericsson,caterham,22,18,18,0.0,65,+2 Laps
2014,10,German Grand Prix,hockenheimring,2014-07-20,sutil,sauber,15,19,R,0.0,47,Brakes
2014,10,German Grand Prix,hockenheimring,2014-07-20,kvyat,toro_rosso,8,20,R,0.0,44,Oil leak
2014,10,German Grand Prix,hockenheimring,2014-07-20,grosjean,lotus_f1,14,21,R,0.0,26,Water leak
2014,10,German Grand Prix,hockenheimring,2014-07-20,massa,williams,3,22,R,0.0,0,Collision
2014,11,Hungarian Grand Prix,hungaroring,2014-07-27,ricciardo,red_bull,4,1,1,25.0,70,Finished
2014,11,Hungarian Grand Prix,hungaroring,2014-07-27,alonso,ferrari,5,2,2,18.0,70,Finished
2014,11,Hungarian Grand Prix,hungaroring,2014-07-27,hamilton,mercedes,22,3,3,15.0,70,Finished
2014,11,Hungarian Grand Prix,hungaroring,2014-07-27,rosberg,mercedes,1,4,4,12.0,70,Finished
2014,11,Hungarian Grand Prix,hungaroring,2014-07-27,massa,williams,6,5,5,10.0,70,Finished
2014,11,Hungarian Grand Prix,hungaroring,2014-07-27,raikkonen,ferrari,16,6,6,8.0,70,Finished
2014,11,Hungarian Grand Prix,hungaroring,2014-07-27,vettel,red_bull,2,7,7,6.0,70,Finished
2014,11,Hungarian Grand Prix,hungaroring,2014-07-27,bottas,williams,3,8,8,4.0,70,Finished
2014,11,Hungarian Grand Prix,hungaroring,2014-07-27,vergne,toro_rosso,8,9,9,2.0,70,Finished
2014,11,Hungarian Grand Prix,hungaroring,2014-07-27,button,mclaren,7,10,10,1.0,70,Finished
2014,11,Hungarian Grand Prix,hungaroring,2014-07-27,sutil,sauber,11,11,11,0.0,70,Finished
2014,11,Hungarian Grand Prix,hungaroring,2014-07-27,kevin_magnussen,mclaren,21,12,12,0.0,70,Finished
2014,11,Hungarian Grand Prix,hungaroring,2014-07-27,maldonado,lotus_f1,20,13,13,0.0,70,Finished
2014,11,Hungarian Grand Prix,hungaroring,2014-07-27,kvyat,toro_rosso,10,14,14,0.0,69,+1 Lap
2014,11,Hungarian Grand Prix,hungaroring,2014-07-27,jules_bianchi,marussia,15,15,15,0.0,69,+1 Lap
2014,11,Hungarian Grand Prix,hungaroring,2014-07-27,chilton,marussia,18,16,16,0.0,69,+1 Lap
2014,11,Hungarian Grand Prix,hungaroring,2014-07-27,gutierrez,sauber,13,17,R,0.0,33,Retired
2014,11,Hungarian Grand Prix,hungaroring,2014-07-27,kobayashi,caterham,17,18,R,0.0,26,Retired
2014,11,Hungarian Grand Prix,hungaroring,2014-07-27,perez,force_india,12,19,R,0.0,23,Accident
2014,11,Hungarian Grand Prix,hungaroring,2014-07-27,hulkenberg,force_india,9,20,R,0.0,16,Accident
2014,11,Hungarian Grand Prix,hungaroring,2014-07-27,grosjean,lotus_f1,14,21,R,0.0,11,Accident
2014,11,Hungarian Grand Prix,hungaroring,2014-07-27,ericsson,caterham,19,22,R,0.0,8,Accident
2014,12,Belgian Grand Prix,spa,2014-08-24,ricciardo,red_bull,5,1,1,25.0,44,Finished
2014,12,Belgian Grand Prix,spa,2014-08-24,rosberg,mercedes,1,2,2,18.0,44,Finished
2014,12,Belgian Grand Prix,spa,2014-08-24,bottas,williams,6,3,3,15.0,44,Finished
2014,12,Belgian Grand Prix,spa,2014-08-24,raikkonen,ferrari,8,4,4,12.0,44,Finished
2014,12,Belgian Grand Prix,spa,2014-08-24,vettel,red_bull,3,5,5,10.0,44,Finished
2014,12,Belgian Grand Prix,spa,2014-08-24,button,mclaren,10,6,6,8.0,44,Finished
2014,12,Belgian Grand Prix,spa,2014-08-24,alonso,ferrari,4,7,7,6.0,44,Finished
2014,12,Belgian Grand Prix,spa,2014-08-24,perez,force_india,13,8,8,4.0,44,Finished
2014,12,Belgian Grand Prix,spa,2014-08-24,kvyat,toro_rosso,11,9,9,2.0,44,Finished
2014,12,Belgian Grand Prix,spa,2014-08-24,hulkenberg,force_india,18,10,10,1.0,44,Finished
2014,12,Belgian Grand Prix,spa,2014-08-24,vergne,toro_rosso,12,11,11,0.0,44,Finished
2014,12,Belgian Grand Prix,spa,2014-08-24,kevin_magnussen,mclaren,7,12,12,0.0,44,Finished
2014,12,Belgian Grand Prix,spa,2014-08-24,massa,williams,9,13,13,0.0,44,Finished
2014,12,Belgian Grand Prix,spa,2014-08-24,sutil,sauber,14,14,14,0.0,44,Finished
2014,12,Belgian Grand Prix,spa,2014-08-24,gutierrez,sauber,20,15,15,0.0,44,Finished
2014,12,Belgian Grand Prix,spa,2014-08-24,chilton,marussia,19,16,16,0.0,43,+1 Lap
2014,12,Belgian Grand Prix,spa,2014-08-24,ericsson,caterham,22,17,17,0.0,43,+1 Lap
2014,12,Belgian Grand Prix,spa,2014-08-24,jules_bianchi,marussia,16,18,18,0.0,39,Gearbox
2014,12,Belgian Grand Prix,spa,2014-08-24,hamilton,mercedes,2,19,R,0.0,38,Retired
2014,12,Belgian Grand Prix,spa,2014-08-24,grosjean,lotus_f1,15,20,R,0.0,33,Retired
2014,12,Belgian Grand Prix,spa,2014-08-24,maldonado,lotus_f1,17,21,R,0.0,1,Mechanical
2014,12,Belgian Grand Prix,spa,2014-08-24,lotterer,caterham,21,22,R,0.0,1,Power Unit
2014,13,Italian Grand Prix,monza,2014-09-07,hamilton,mercedes,1,1,1,25.0,53,Finished
2014,13,Italian Grand Prix,monza,2014-09-07,rosberg,mercedes,2,2,2,18.0,53,Finished
2014,13,Italian Grand Prix,monza,2014-09-07,massa,williams,4,3,3,15.0,53,Finished
2014,13,Italian Grand Prix,monza,2014-09-07,bottas,williams,3,4,4,12.0,53,Finished
2014,13,Italian Grand Prix,monza,2014-09-07,ricciardo,red_bull,9,5,5,10.0,53,Finished
2014,13,Italian Grand Prix,monza,2014-09-07,vettel,red_bull,8,6,6,8.0,53,Finished
2014,13,Italian Grand Prix,monza,2014-09-07,perez,force_india,10,7,7,6.0,53,Finished
2014,13,Italian Grand Prix,monza,2014-09-07,button,mclaren,6,8,8,4.0,53,Finished
2014,13,Italian Grand Prix,monza,2014-09-07,raikkonen,ferrari,11,9,9,2.0,53,Finished
2014,13,Italian Grand Prix,monza,2014-09-07,kevin_magnussen,mclaren,5,10,10,1.0,53,Finished
2014,13,Italian Grand Prix,monza,2014-09-07,kvyat,toro_rosso,21,11,11,0.0,53,Finished
2014,13,Italian Grand Prix,monza,2014-09-07,hulkenberg,force_india,13,12,12,0.0,53,Finished
2014,13,Italian Grand Prix,monza,2014-09-07,vergne,toro_rosso,12,13,13,0.0,53,Finished
2014,13,Italian Grand Prix,monza,2014-09-07,maldonado,lotus_f1,16,14,14,0.0,52,+1 Lap
2014,13,Italian Grand Prix,monza,2014-09-07,sutil,sauber,14,15,15,0.0,52,+1 Lap
2014,13,Italian Grand Prix,monza,2014-09-07,grosjean,lotus_f1,17,16,16,0.0,52,+1 Lap
2014,13,Italian Grand Prix,monza,2014-09-07,kobayashi,caterham,18,17,17,0.0,52,+1 Lap
2014,13,Italian Grand Prix,monza,2014-09-07,jules_bianchi,marussia,19,18,18,0.0,52,+1 Lap
2014,13,Italian Grand Prix,monza,2014-09-07,gutierrez,sauber,15,19,19,0.0,51,+2 Laps
2014,13,Italian Grand Prix,monza,2014-09-07,ericsson,caterham,22,20,20,0.0,51,+2 Laps
2014,13,Italian Grand Prix,monza,2014-09-07,alonso,ferrari,7,21,R,0.0,28,Engine
2014,13,Italian Grand Prix,monza,2014-09-07,chilton,marussia,20,22,R,0.0,5,Accident
2014,14,Singapore Grand Prix,marina_bay,2014-09-21,hamilton,mercedes,1,1,1,25.0,60,Finished
2014,14,Singapore Grand Prix,marina_bay,2014-09-21,vettel,red_bull,4,2,2,18.0,60,Finished
2014,14,Singapore Grand Prix,marina_bay,2014-09-21,ricciardo,red_bull,3,3,3,15.0,60,Finished
2014,14,Singapore Grand Prix,marina_bay,2014-09-21,alonso,ferrari,5,4,4,12.0,60,Finished
2014,14,Singapore Grand Prix,marina_bay,2014-09-21,massa,williams,6,5,5,10.0,60,Finished
2014,14,Singapore Grand Prix,marina_bay,2014-09-21,vergne,toro_rosso,12,6,6,8.0,60,Finished
2014,14,Singapore Grand Prix,marina_bay,2014-09-21,perez,force_india,15,7,7,6.0,60,Finished
2014,14,Singapore Grand Prix,marina_bay,2014-09-21,raikkonen,ferrari,7,8,8,4.0,60,Finished
2014,14,Singapore Grand Prix,marina_bay,2014-09-21,hulkenberg,force_india,13,9,9,2.0,60,Finished
2014,14,Singapore Grand Prix,marina_bay,2014-09-21,kevin_magnussen,mclaren,9,10,10,1.0,60,Finished
2014,14,Singapore Grand Prix,marina_bay,2014-09-21,bottas,williams,8,11,11,0.0,60,Finished
2014,14,Singapore Grand Prix,marina_bay,2014-09-21,maldonado,lotus_f1,18,12,12,0.0,60,Finished
2014,14,Singapore Grand Prix,marina_bay,2014-09-21,grosjean,lotus_f1,16,13,13,0.0,60,Finished
2014,14,Singapore Grand Prix,marina_bay,2014-09-21,kvyat,toro_rosso,10,14,14,0.0,60,Finished
2014,14,Singapore Grand Prix,marina_bay,2014-09-21,ericsson,caterham,22,15,15,0.0,60,Finished
2014,14,Singapore Grand Prix,marina_bay,2014-09-21,jules_bianchi,marussia,19,16,16,0.0,60,Finished
2014,14,Singapore Grand Prix,marina_bay,2014-09-21,chilton,marussia,21,17,17,0.0,59,+1 Lap
2014,14,Singapore Grand Prix,marina_bay,2014-09-21,button,mclaren,11,18,R,0.0,52,Retired
2014,14,Singapore Grand Prix,marina_bay,2014-09-21,sutil,sauber,17,19,R,0.0,40,Water pressure
2014,14,Singapore Grand Prix,marina_bay,2014-09-21,gutierrez,sauber,14,20,R,0.0,17,Electrical
2014,14,Singapore Grand Prix,marina_bay,2014-09-21,rosberg,mercedes,2,21,R,0.0,13,Electrical
2014,14,Singapore Grand Prix,marina_bay,2014-09-21,kobayashi,caterham,20,22,W,0.0,0,Power Unit
2014,15,Japanese Grand Prix,suzuka,2014-10-05,hamilton,mercedes,2,1,1,25.0,44,Finished
2014,15,Japanese Grand Prix,suzuka,2014-10-05,rosberg,mercedes,1,2,2,18.0,44,Finished
2014,15,Japanese Grand Prix,suzuka,2014-10-05,vettel,red_bull,9,3,3,15.0,44,Finished
2014,15,Japanese Grand Prix,suzuka,2014-10-05,ricciardo,red_bull,6,4,4,12.0,44,Finished
2014,15,Japanese Grand Prix,suzuka,2014-10-05,button,mclaren,8,5,5,10.0,44,Finished
2014,15,Japanese Grand Prix,suzuka,2014-10-05,bottas,williams,3,6,6,8.0,44,Finished
2014,15,Japanese Grand Prix,suzuka,2014-10-05,massa,williams,4,7,7,6.0,44,Finished
2014,15,Japanese Grand Prix,suzuka,2014-10-05,hulkenberg,force_india,13,8,8,4.0,44,Finished
2014,15,Japanese Grand Prix,suzuka,2014-10-05,vergne,toro_rosso,20,9,9,2.0,44,Finished
2014,15,Japanese Grand Prix,suzuka,2014-10-05,perez,force_india,11,10,10,1.0,43,+1 Lap
2014,15,Japanese Grand Prix,suzuka,2014-10-05,kvyat,toro_rosso,12,11,11,0.0,43,+1 Lap
2014,15,Japanese Grand Prix,suzuka,2014-10-05,raikkonen,ferrari,10,12,12,0.0,43,+1 Lap
2014,15,Japanese Grand Prix,suzuka,2014-10-05,gutierrez,sauber,15,13,13,0.0,43,+1 Lap
2014,15,Japanese Grand Prix,suzuka,2014-10-05,kevin_magnussen,mclaren,7,14,14,0.0,43,+1 Lap
2014,15,Japanese Grand Prix,suzuka,2014-10-05,grosjean,lotus_f1,16,15,15,0.0,43,+1 Lap
2014,15,Japanese Grand Prix,suzuka,2014-10-05,maldonado,lotus_f1,22,16,16,0.0,43,+1 Lap
2014,15,Japanese Grand Prix,suzuka,2014-10-05,ericsson,caterham,17,17,17,0.0,43,+1 Lap
2014,15,Japanese Grand Prix,suzuka,2014-10-05,chilton,marussia,21,18,18,0.0,43,+1 Lap
2014,15,Japanese Grand Prix,suzuka,2014-10-05,kobayashi,caterham,19,19,19,0.0,43,+1 Lap
2014,15,Japanese Grand Prix,suzuka,2014-10-05,jules_bianchi,marussia,18,20,20,0.0,41,Accident
2014,15,Japanese Grand Prix,suzuka,2014-10-05,sutil,sauber,14,21,21,0.0,40,Accident
2014,15,Japanese Grand Prix,suzuka,2014-10-05,alonso,ferrari,5,22,R,0.0,2,Electronics
2014,16,Russian Grand Prix,sochi,2014-10-12,hamilton,mercedes,1,1,1,25.0,53,Finished
2014,16,Russian Grand Prix,sochi,2014-10-12,rosberg,mercedes,2,2,2,18.0,53,Finished
2014,16,Russian Grand Prix,sochi,2014-10-12,bottas,williams,3,3,3,15.0,53,Finished
2014,16,Russian Grand Prix,sochi,2014-10-12,button,mclaren,4,4,4,12.0,53,Finished
2014,16,Russian Grand Prix,sochi,2014-10-12,kevin_magnussen,mclaren,11,5,5,10.0,53,Finished
2014,16,Russian Grand Prix,sochi,2014-10-12,alonso,ferrari,7,6,6,8.0,53,Finished
2014,16,Russian Grand Prix,sochi,2014-10-12,ricciardo,red_bull,6,7,7,6.0,53,Finished
2014,16,Russian Grand Prix,sochi,2014-10-12,vettel,red_bull,10,8,8,4.0,53,Finished
2014,16,Russian Grand Prix,sochi,2014-10-12,raikkonen,ferrari,8,9,9,2.0,53,Finished
2014,16,Russian Grand Prix,sochi,2014-10-12,perez,force_india,12,10,10,1.0,53,Finished
2014,16,Russian Grand Prix,sochi,2014-10-12,massa,williams,18,11,11,0.0,53,Finished
2014,16,Russian Grand Prix,sochi,2014-10-12,hulkenberg,force_india,17,12,12,0.0,53,Finished
2014,16,Russian Grand Prix,sochi,2014-10-12,vergne,toro_rosso,9,13,13,0.0,53,Finished
2014,16,Russian Grand Prix,sochi,2014-10-12,kvyat,toro_rosso,5,14,14,0.0,52,+1 Lap
2014,16,Russian Grand Prix,sochi,2014-10-12,gutierrez,sauber,13,15,15,0.0,52,+1 Lap
2014,16,Russian Grand Prix,sochi,2014-10-12,sutil,sauber,14,16,16,0.0,52,+1 Lap
2014,16,Russian Grand Prix,sochi,2014-10-12,grosjean,lotus_f1,15,17,17,0.0,52,+1 Lap
2014,16,Russian Grand Prix,sochi,2014-10-12,maldonado,lotus_f1,21,18,18,0.0,52,+1 Lap
2014,16,Russian Grand Prix,sochi,2014-10-12,ericsson,caterham,16,19,19,0.0,51,+2 Laps
2014,16,Russian Grand Prix,sochi,2014-10-12,kobayashi,caterham,19,20,R,0.0,21,Brakes
2014,16,Russian Grand Prix,sochi,2014-10-12,chilton,marussia,20,21,R,0.0,9,Suspension
2014,17,United States Grand Prix,americas,2014-11-02,hamilton,mercedes,2,1,1,25.0,56,Finished
2014,17,United States Grand Prix,americas,2014-11-02,rosberg,mercedes,1,2,2,18.0,56,Finished
2014,17,United States Grand Prix,americas,2014-11-02,ricciardo,red_bull,5,3,3,15.0,56,Finished
2014,17,United States Grand Prix,americas,2014-11-02,massa,williams,4,4,4,12.0,56,Finished
2014,17,United States Grand Prix,americas,2014-11-02,bottas,williams,3,5,5,10.0,56,Finished
2014,17,United States Grand Prix,americas,2014-11-02,alonso,ferrari,6,6,6,8.0,56,Finished
2014,17,United States Grand Prix,americas,2014-11-02,vettel,red_bull,18,7,7,6.0,56,Finished
2014,17,United States Grand Prix,americas,2014-11-02,kevin_magnussen,mclaren,7,8,8,4.0,56,Finished
2014,17,United States Grand Prix,americas,2014-11-02,maldonado,lotus_f1,10,9,9,2.0,56,Finished
2014,17,United States Grand Prix,americas,2014-11-02,vergne,toro_rosso,14,10,10,1.0,56,Finished
2014,17,United States Grand Prix,americas,2014-11-02,grosjean,lotus_f1,16,11,11,0.0,55,+1 Lap
2014,17,United States Grand Prix,americas,2014-11-02,button,mclaren,12,12,12,0.0,55,+1 Lap
2014,17,United States Grand Prix,americas,2014-11-02,raikkonen,ferrari,8,13,13,0.0,55,+1 Lap
2014,17,United States Grand Prix,americas,2014-11-02,gutierrez,sauber,15,14,14,0.0,55,+1 Lap
2014,17,United States Grand Prix,americas,2014-11-02,kvyat,toro_rosso,17,15,15,0.0,55,+1 Lap
2014,17,United States Grand Prix,americas,2014-11-02,hulkenberg,force_india,13,16,R,0.0,16,Engine
2014,17,United States Grand Prix,americas,2014-11-02,perez,force_india,11,17,R,0.0,1,Collision damage
2014,17,United States Grand Prix,americas,2014-11-02,sutil,sauber,9,18,R,0.0,0,Collision
2014,18,Brazilian Grand Prix,interlagos,2014-11-09,rosberg,mercedes,1,1,1,25.0,71,Finished
2014,18,Brazilian Grand Prix,interlagos,2014-11-09,hamilton,mercedes,2,2,2,18.0,71,Finished
2014,18,Brazilian Grand Prix,interlagos,2014-11-09,massa,williams,3,3,3,15.0,71,Finished
2014,18,Brazilian Grand Prix,interlagos,2014-11-09,button,mclaren,5,4,4,12.0,71,Finished
2014,18,Brazilian Grand Prix,interlagos,2014-11-09,vettel,red_bull,6,5,5,10.0,71,Finished
2014,18,Brazilian Grand Prix,interlagos,2014-11-09,alonso,ferrari,8,6,6,8.0,71,Finished
2014,18,Brazilian Grand Prix,interlagos,2014-11-09,raikkonen,ferrari,10,7,7,6.0,71,Finished
2014,18,Brazilian Grand Prix,interlagos,2014-11-09,hulkenberg,force_india,12,8,8,4.0,71,Finished
2014,18,Brazilian Grand Prix,interlagos,2014-11-09,kevin_magnussen,mclaren,7,9,9,2.0,71,Finished
2014,18,Brazilian Grand Prix,interlagos,2014-11-09,bottas,williams,4,10,10,1.0,70,+1 Lap
2014,18,Brazilian Grand Prix,interlagos,2014-11-09,kvyat,toro_rosso,17,11,11,0.0,70,+1 Lap
2014,18,Brazilian Grand Prix,interlagos,2014-11-09,maldonado,lotus_f1,16,12,12,0.0,70,+1 Lap
2014,18,Brazilian Grand Prix,interlagos,2014-11-09,vergne,toro_rosso,15,13,13,0.0,70,+1 Lap
2014,18,Brazilian Grand Prix,interlagos,2014-11-09,gutierrez,sauber,11,14,14,0.0,70,+1 Lap
2014,18,Brazilian Grand Prix,interlagos,2014-11-09,perez,force_india,18,15,15,0.0,70,+1 Lap
2014,18,Brazilian Grand Prix,interlagos,2014-11-09,sutil,sauber,13,16,16,0.0,70,+1 Lap
2014,18,Brazilian Grand Prix,interlagos,2014-11-09,grosjean,lotus_f1,14,17,17,0.0,63,+8 Laps
2014,18,Brazilian Grand Prix,interlagos,2014-11-09,ricciardo,red_bull,9,18,R,0.0,39,Suspension
2014,19,Abu Dhabi Grand Prix,yas_marina,2014-11-23,hamilton,mercedes,2,1,1,50.0,55,Finished
2014,19,Abu Dhabi Grand Prix,yas_marina,2014-11-23,massa,williams,4,2,2,36.0,55,Finished
2014,19,Abu Dhabi Grand Prix,yas_marina,2014-11-23,bottas,williams,3,3,3,30.0,55,Finished
2014,19,Abu Dhabi Grand Prix,yas_marina,2014-11-23,ricciardo,red_bull,20,4,4,24.0,55,Finished
2014,19,Abu Dhabi Grand Prix,yas_marina,2014-11-23,button,mclaren,6,5,5,20.0,55,Finished
2014,19,Abu Dhabi Grand Prix,yas_marina,2014-11-23,hulkenberg,force_india,12,6,6,16.0,55,Finished
2014,19,Abu Dhabi Grand Prix,yas_marina,2014-11-23,perez,force_india,11,7,7,12.0,55,Finished
2014,19,Abu Dhabi Grand Prix,yas_marina,2014-11-23,vettel,red_bull,19,8,8,8.0,55,Finished
2014,19,Abu Dhabi Grand Prix,yas_marina,2014-11-23,alonso,ferrari,8,9,9,4.0,55,Finished
2014,19,Abu Dhabi Grand Prix,yas_marina,2014-11-23,raikkonen,ferrari,7,10,10,2.0,55,Finished
2014,19,Abu Dhabi Grand Prix,yas_marina,2014-11-23,kevin_magnussen,mclaren,9,11,11,0.0,55,Finished
2014,19,Abu Dhabi Grand Prix,yas_marina,2014-11-23,vergne,toro_rosso,10,12,12,0.0,55,Finished
2014,19,Abu Dhabi Grand Prix,yas_marina,2014-11-23,grosjean,lotus_f1,18,13,13,0.0,54,+1 Lap
2014,19,Abu Dhabi Grand Prix,yas_marina,2014-11-23,rosberg,mercedes,1,14,14,0.0,54,+1 Lap
2014,19,Abu Dhabi Grand Prix,yas_marina,2014-11-23,gutierrez,sauber,14,15,15,0.0,54,+1 Lap
2014,19,Abu Dhabi Grand Prix,yas_marina,2014-11-23,sutil,sauber,13,16,16,0.0,54,+1 Lap
2014,19,Abu Dhabi Grand Prix,yas_marina,2014-11-23,stevens,caterham,17,17,17,0.0,54,+1 Lap
2014,19,Abu Dhabi Grand Prix,yas_marina,2014-11-23,kobayashi,caterham,16,18,R,0.0,42,Retired
2014,19,Abu Dhabi Grand Prix,yas_marina,2014-11-23,maldonado,lotus_f1,15,19,R,0.0,26,Power Unit
2014,19,Abu Dhabi Grand Prix,yas_marina,2014-11-23,kvyat,toro_rosso,5,20,R,0.0,14,Power Unit
2015,1,Australian Grand Prix,albert_park,2015-03-15,hamilton,mercedes,1,1,1,25.0,58,Finished
2015,1,Australian Grand Prix,albert_park,2015-03-15,rosberg,mercedes,2,2,2,18.0,58,Finished
2015,1,Australian Grand Prix,albert_park,2015-03-15,vettel,ferrari,4,3,3,15.0,58,Finished
2015,1,Australian Grand Prix,albert_park,2015-03-15,massa,williams,3,4,4,12.0,58,Finished
2015,1,Australian Grand Prix,albert_park,2015-03-15,nasr,sauber,10,5,5,10.0,58,Finished
2015,1,Australian Grand Prix,albert_park,2015-03-15,ricciardo,red_bull,6,6,6,8.0,57,+1 Lap
2015,1,Australian Grand Prix,albert_park,2015-03-15,hulkenberg,force_india,13,7,7,6.0,57,+1 Lap
2015,1,Australian Grand Prix,albert_park,2015-03-15,ericsson,sauber,15,8,8,4.0,57,+1 Lap
2015,1,Australian Grand Prix,albert_park,2015-03-15,sainz,toro_rosso,7,9,9,2.0,57,+1 Lap
2015,1,Australian Grand Prix,albert_park,2015-03-15,perez,force_india,14,10,10,1.0,57,+1 Lap
2015,1,Australian Grand Prix,albert_park,2015-03-15,button,mclaren,16,11,11,0.0,56,+2 Laps
2015,1,Australian Grand Prix,albert_park,2015-03-15,raikkonen,ferrari,5,12,R,0.0,40,Wheel
2015,1,Australian Grand Prix,albert_park,2015-03-15,max_verstappen,toro_rosso,11,13,R,0.0,32,Engine
2015,1,Australian Grand Prix,albert_park,2015-03-15,grosjean,lotus_f1,8,14,R,0.0,0,Power loss
2015,1,Australian Grand Prix,albert_park,2015-03-15,maldonado,lotus_f1,9,15,R,0.0,0,Accident
2015,1,Australian Grand Prix,albert_park,2015-03-15,kvyat,red_bull,12,16,W,0.0,0,Withdrew
2015,1,Australian Grand Prix,albert_park,2015-03-15,kevin_magnussen,mclaren,17,17,W,0.0,0,Withdrew
2015,1,Australian Grand Prix,albert_park,2015-03-15,bottas,williams,0,18,W,0.0,0,Withdrew
2015,2,Malaysian Grand Prix,sepang,2015-03-29,vettel,ferrari,2,1,1,25.0,56,Finished
2015,2,Malaysian Grand Prix,sepang,2015-03-29,hamilton,mercedes,1,2,2,18.0,56,Finished
2015,2,Malaysian Grand Prix,sepang,2015-03-29,rosberg,mercedes,3,3,3,15.0,56,Finished
2015,2,Malaysian Grand Prix,sepang,2015-03-29,raikkonen,ferrari,11,4,4,12.0,56,Finished
2015,2,Malaysian Grand Prix,sepang,2015-03-29,bottas,williams,8,5,5,10.0,56,Finished
2015,2,Malaysian Grand Prix,sepang,2015-03-29,massa,williams,7,6,6,8.0,56,Finished
2015,2,Malaysian Grand Prix,sepang,2015-03-29,max_verstappen,toro_rosso,6,7,7,6.0,56,Finished
2015,2,Malaysian Grand Prix,sepang,2015-03-29,sainz,toro_rosso,15,8,8,4.0,55,+1 Lap
2015,2,Malaysian Grand Prix,sepang,2015-03-29,kvyat,red_bull,5,9,9,2.0,55,+1 Lap
2015,2,Malaysian Grand Prix,sepang,2015-03-29,ricciardo,red_bull,4,10,10,1.0,55,+1 Lap
2015,2,Malaysian Grand Prix,sepang,2015-03-29,grosjean,lotus_f1,10,11,11,0.0,55,+1 Lap
2015,2,Malaysian Grand Prix,sepang,2015-03-29,nasr,sauber,16,12,12,0.0,55,+1 Lap
2015,2,Malaysian Grand Prix,sepang,2015-03-29,perez,force_india,14,13,13,0.0,55,+1 Lap
2015,2,Malaysian Grand Prix,sepang,2015-03-29,hulkenberg,force_india,13,14,14,0.0,55,+1 Lap
2015,2,Malaysian Grand Prix,sepang,2015-03-29,merhi,manor,19,15,15,0.0,53,+3 Laps
2015,2,Malaysian Grand Prix,sepang,2015-03-29,maldonado,lotus_f1,12,16,R,0.0,47,Retired
2015,2,Malaysian Grand Prix,sepang,2015-03-29,button,mclaren,17,17,R,0.0,41,Turbo
2015,2,Malaysian Grand Prix,sepang,2015-03-29,alonso,mclaren,18,18,R,0.0,21,ERS
2015,2,Malaysian Grand Prix,sepang,2015-03-29,ericsson,sauber,9,19,R,0.0,3,Spun off
2015,2,Malaysian Grand Prix,sepang,2015-03-29,stevens,manor,0,20,W,0.0,0,Fuel system
2015,3,Chinese Grand Prix,shanghai,2015-04-12,hamilton,mercedes,1,1,1,25.0,56,Finished
2015,3,Chinese Grand Prix,shanghai,2015-04-12,rosberg,mercedes,2,2,2,18.0,56,Finished
2015,3,Chinese Grand Prix,shanghai,2015-04-12,vettel,ferrari,3,3,3,15.0,56,Finished
2015,3,Chinese Grand Prix,shanghai,2015-04-12,raikkonen,ferrari,6,4,4,12.0,56,Finished
2015,3,Chinese Grand Prix,shanghai,2015-04-12,massa,williams,4,5,5,10.0,56,Finished
2015,3,Chinese Grand Prix,shanghai,2015-04-12,bottas,williams,5,6,6,8.0,56,Finished
2015,3,Chinese Grand Prix,shanghai,2015-04-12,grosjean,lotus_f1,8,7,7,6.0,56,Finished
2015,3,Chinese Grand Prix,shanghai,2015-04-12,nasr,sauber,9,8,8,4.0,56,Finished
2015,3,Chinese Grand Prix,shanghai,2015-04-12,ricciardo,red_bull,7,9,9,2.0,56,Finished
2015,3,Chinese Grand Prix,shanghai,2015-04-12,ericsson,sauber,10,10,10,1.0,55,+1 Lap
2015,3,Chinese Grand Prix,shanghai,2015-04-12,perez,force_india,15,11,11,0.0,55,+1 Lap
2015,3,Chinese Grand Prix,shanghai,2015-04-12,alonso,mclaren,18,12,12,0.0,55,+1 Lap
2015,3,Chinese Grand Prix,shanghai,2015-04-12,sainz,toro_rosso,14,13,13,0.0,55,+1 Lap
2015,3,Chinese Grand Prix,shanghai,2015-04-12,button,mclaren,17,14,14,0.0,55,+1 Lap
2015,3,Chinese Grand Prix,shanghai,2015-04-12,stevens,manor,19,15,15,0.0,54,+2 Laps
2015,3,Chinese Grand Prix,shanghai,2015-04-12,merhi,manor,20,16,16,0.0,54,+2 Laps
2015,3,Chinese Grand Prix,shanghai,2015-04-12,max_verstappen,toro_rosso,13,17,17,0.0,52,Transmission
2015,3,Chinese Grand Prix,shanghai,2015-04-12,maldonado,lotus_f1,11,18,R,0.0,49,Brakes
2015,3,Chinese Grand Prix,shanghai,2015-04-12,kvyat,red_bull,12,19,R,0.0,15,Power Unit
2015,3,Chinese Grand Prix,shanghai,2015-04-12,hulkenberg,force_india,16,20,R,0.0,9,Gearbox
2015,4,Bahrain Grand Prix,bahrain,2015-04-19,hamilton,mercedes,1,1,1,25.0,57,Finished
2015,4,Bahrain Grand Prix,bahrain,2015-04-19,raikkonen,ferrari,4,2,2,18.0,57,Finished
2015,4,Bahrain Grand Prix,bahrain,2015-04-19,rosberg,mercedes,3,3,3,15.0,57,Finished
2015,4,Bahrain Grand Prix,bahrain,2015-04-19,bottas,williams,5,4,4,12.0,57,Finished
2015,4,Bahrain Grand Prix,bahrain,2015-04-19,vettel,ferrari,2,5,5,10.0,57,Finished
2015,4,Bahrain Grand Prix,bahrain,2015-04-19,ricciardo,red_bull,7,6,6,8.0,57,Finished
2015,4,Bahrain Grand Prix,bahrain,2015-04-19,grosjean,lotus_f1,10,7,7,6.0,57,Finished
2015,4,Bahrain Grand Prix,bahrain,2015-04-19,perez,force_india,11,8,8,4.0,56,+1 Lap
2015,4,Bahrain Grand Prix,bahrain,2015-04-19,kvyat,red_bull,17,9,9,2.0,56,+1 Lap
2015,4,Bahrain Grand Prix,bahrain,2015-04-19,massa,williams,6,10,10,1.0,56,+1 Lap
2015,4,Bahrain Grand Prix,bahrain,2015-04-19,alonso,mclaren,14,11,11,0.0,56,+1 Lap
2015,4,Bahrain Grand Prix,bahrain,2015-04-19,nasr,sauber,12,12,12,0.0,56,+1 Lap
2015,4,Bahrain Grand Prix,bahrain,2015-04-19,hulkenberg,force_india,8,13,13,0.0,56,+1 Lap
2015,4,Bahrain Grand Prix,bahrain,2015-04-19,ericsson,sauber,13,14,14,0.0,56,+1 Lap
2015,4,Bahrain Grand Prix,bahrain,2015-04-19,maldonado,lotus_f1,16,15,15,0.0,56,+1 Lap
2015,4,Bahrain Grand Prix,bahrain,2015-04-19,stevens,manor,18,16,16,0.0,55,+2 Laps
2015,4,Bahrain Grand Prix,bahrain,2015-04-19,merhi,manor,19,17,17,0.0,54,+3 Laps
2015,4,Bahrain Grand Prix,bahrain,2015-04-19,max_verstappen,toro_rosso,15,18,R,0.0,34,Electrical
2015,4,Bahrain Grand Prix,bahrain,2015-04-19,sainz,toro_rosso,9,19,R,0.0,29,Engine
2015,4,Bahrain Grand Prix,bahrain,2015-04-19,button,mclaren,20,20,W,0.0,0,ERS
2015,5,Spanish Grand Prix,catalunya,2015-05-10,rosberg,mercedes,1,1,1,25.0,66,Finished
2015,5,Spanish Grand Prix,catalunya,2015-05-10,hamilton,mercedes,2,2,2,18.0,66,Finished
2015,5,Spanish Grand Prix,catalunya,2015-05-10,vettel,ferrari,3,3,3,15.0,66,Finished
2015,5,Spanish Grand Prix,catalunya,2015-05-10,bottas,williams,4,4,4,12.0,66,Finished
2015,5,Spanish Grand Prix,catalunya,2015-05-10,raikkonen,ferrari,7,5,5,10.0,66,Finished
2015,5,Spanish Grand Prix,catalunya,2015-05-10,massa,williams,9,6,6,8.0,66,Finished
2015,5,Spanish Grand Prix,catalunya,2015-05-10,ricciardo,red_bull,10,7,7,6.0,65,+1 Lap
2015,5,Spanish Grand Prix,catalunya,2015-05-10,grosjean,lotus_f1,11,8,8,4.0,65,+1 Lap
2015,5,Spanish Grand Prix,catalunya,2015-05-10,sainz,toro_rosso,5,9,9,2.0,65,+1 Lap
2015,5,Spanish Grand Prix,catalunya,2015-05-10,kvyat,red_bull,8,10,10,1.0,65,+1 Lap
2015,5,Spanish Grand Prix,catalunya,2015-05-10,max_verstappen,toro_rosso,6,11,11,0.0,65,+1 Lap
2015,5,Spanish Grand Prix,catalunya,2015-05-10,nasr,sauber,15,12,12,0.0,65,+1 Lap
2015,5,Spanish Grand Prix,catalunya,2015-05-10,perez,force_india,18,13,13,0.0,65,+1 Lap
2015,5,Spanish Grand Prix,catalunya,2015-05-10,ericsson,sauber,16,14,14,0.0,65,+1 Lap
2015,5,Spanish Grand Prix,catalunya,2015-05-10,hulkenberg,force_india,17,15,15,0.0,65,+1 Lap
2015,5,Spanish Grand Prix,catalunya,2015-05-10,button,mclaren,14,16,16,0.0,65,+1 Lap
2015,5,Spanish Grand Prix,catalunya,2015-05-10,stevens,manor,19,17,17,0.0,63,+3 Laps
2015,5,Spanish Grand Prix,catalunya,2015-05-10,merhi,manor,20,18,18,0.0,62,+4 Laps
2015,5,Spanish Grand Prix,catalunya,2015-05-10,maldonado,lotus_f1,12,19,R,0.0,45,Accident
2015,5,Spanish Grand Prix,catalunya,2015-05-10,alonso,mclaren,13,20,R,0.0,26,Brakes
2015,6,Monaco Grand Prix,monaco,2015-05-24,rosberg,mercedes,2,1,1,25.0,78,Finished
2015,6,Monaco Grand Prix,monaco,2015-05-24,vettel,ferrari,3,2,2,18.0,78,Finished
2015,6,Monaco Grand Prix,monaco,2015-05-24,hamilton,mercedes,1,3,3,15.0,78,Finished
2015,6,Monaco Grand Prix,monaco,2015-05-24,kvyat,red_bull,5,4,4,12.0,78,Finished
2015,6,Monaco Grand Prix,monaco,2015-05-24,ricciardo,red_bull,4,5,5,10.0,78,Finished
2015,6,Monaco Grand Prix,monaco,2015-05-24,raikkonen,ferrari,6,6,6,8.0,78,Finished
2015,6,Monaco Grand Prix,monaco,2015-05-24,perez,force_india,7,7,7,6.0,78,Finished
2015,6,Monaco Grand Prix,monaco,2015-05-24,button,mclaren,10,8,8,4.0,78,Finished
2015,6,Monaco Grand Prix,monaco,2015-05-24,nasr,sauber,14,9,9,2.0,78,Finished
2015,6,Monaco Grand Prix,monaco,2015-05-24,sainz,toro_rosso,0,10,10,1.0,78,Finished
2015,6,Monaco Grand Prix,monaco,2015-05-24,hulkenberg,force_india,11,11,11,0.0,78,Finished
2015,6,Monaco Grand Prix,monaco,2015-05-24,grosjean,lotus_f1,15,12,12,0.0,78,Finished
2015,6,Monaco Grand Prix,monaco,2015-05-24,ericsson,sauber,17,13,13,0.0,78,Finished
2015,6,Monaco Grand Prix,monaco,2015-05-24,bottas,williams,16,14,14,0.0,78,Finished
2015,6,Monaco Grand Prix,monaco,2015-05-24,massa,williams,12,15,15,0.0,77,+1 Lap
2015,6,Monaco Grand Prix,monaco,2015-05-24,merhi,manor,19,16,16,0.0,76,+2 Laps
2015,6,Monaco Grand Prix,monaco,2015-05-24,stevens,manor,18,17,17,0.0,76,+2 Laps
2015,6,Monaco Grand Prix,monaco,2015-05-24,max_verstappen,toro_rosso,9,18,R,0.0,62,Accident
2015,6,Monaco Grand Prix,monaco,2015-05-24,alonso,mclaren,13,19,R,0.0,41,Gearbox
2015,6,Monaco Grand Prix,monaco,2015-05-24,maldonado,lotus_f1,8,20,R,0.0,5,Brakes
2015,7,Canadian Grand Prix,villeneuve,2015-06-07,hamilton,mercedes,1,1,1,25.0,70,Finished
2015,7,Canadian Grand Prix,villeneuve,2015-06-07,rosberg,mercedes,2,2,2,18.0,70,Finished
2015,7,Canadian Grand Prix,villeneuve,2015-06-07,bottas,williams,4,3,3,15.0,70,Finished
2015,7,Canadian Grand Prix,villeneuve,2015-06-07,raikkonen,ferrari,3,4,4,12.0,70,Finished
2015,7,Canadian Grand Prix,villeneuve,2015-06-07,vettel,ferrari,18,5,5,10.0,70,Finished
2015,7,Canadian Grand Prix,villeneuve,2015-06-07,massa,williams,15,6,6,8.0,70,Finished
2015,7,Canadian Grand Prix,villeneuve,2015-06-07,maldonado,lotus_f1,6,7,7,6.0,70,Finished
2015,7,Canadian Grand Prix,villeneuve,2015-06-07,hulkenberg,force_india,7,8,8,4.0,69,+1 Lap
2015,7,Canadian Grand Prix,villeneuve,2015-06-07,kvyat,red_bull,8,9,9,2.0,69,+1 Lap
2015,7,Canadian Grand Prix,villeneuve,2015-06-07,grosjean,lotus_f1,5,10,10,1.0,69,+1 Lap
2015,7,Canadian Grand Prix,villeneuve,2015-06-07,perez,force_india,10,11,11,0.0,69,+1 Lap
2015,7,Canadian Grand Prix,villeneuve,2015-06-07,sainz,toro_rosso,11,12,12,0.0,69,+1 Lap
2015,7,Canadian Grand Prix,villeneuve,2015-06-07,ricciardo,red_bull,9,13,13,0.0,69,+1 Lap
2015,7,Canadian Grand Prix,villeneuve,2015-06-07,ericsson,sauber,12,14,14,0.0,69,+1 Lap
2015,7,Canadian Grand Prix,villeneuve,2015-06-07,max_verstappen,toro_rosso,19,15,15,0.0,69,+1 Lap
2015,7,Canadian Grand Prix,villeneuve,2015-06-07,nasr,sauber,14,16,16,0.0,68,+2 Laps
2015,7,Canadian Grand Prix,villeneuve,2015-06-07,stevens,manor,17,17,17,0.0,66,+4 Laps
2015,7,Canadian Grand Prix,villeneuve,2015-06-07,merhi,manor,16,18,R,0.0,57,Retired
2015,7,Canadian Grand Prix,villeneuve,2015-06-07,button,mclaren,20,19,R,0.0,54,Retired
2015,7,Canadian Grand Prix,villeneuve,2015-06-07,alonso,mclaren,13,20,R,0.0,44,Engine
2015,8,Austrian Grand Prix,red_bull_ring,2015-06-21,rosberg,mercedes,2,1,1,25.0,71,Finished
2015,8,Austrian Grand Prix,red_bull_ring,2015-06-21,hamilton,mercedes,1,2,2,18.0,71,Finished
2015,8,Austrian Grand Prix,red_bull_ring,2015-06-21,massa,williams,4,3,3,15.0,71,Finished
2015,8,Austrian Grand Prix,red_bull_ring,2015-06-21,vettel,ferrari,3,4,4,12.0,71,Finished
2015,8,Austrian Grand Prix,red_bull_ring,2015-06-21,bottas,williams,6,5,5,10.0,71,Finished
2015,8,Austrian Grand Prix,red_bull_ring,2015-06-21,hulkenberg,force_india,5,6,6,8.0,71,Finished
2015,8,Austrian Grand Prix,red_bull_ring,2015-06-21,maldonado,lotus_f1,10,7,7,6.0,70,+1 Lap
2015,8,Austrian Grand Prix,red_bull_ring,2015-06-21,max_verstappen,toro_rosso,7,8,8,4.0,70,+1 Lap
2015,8,Austrian Grand Prix,red_bull_ring,2015-06-21,perez,force_india,13,9,9,2.0,70,+1 Lap
2015,8,Austrian Grand Prix,red_bull_ring,2015-06-21,ricciardo,red_bull,18,10,10,1.0,70,+1 Lap
2015,8,Austrian Grand Prix,red_bull_ring,2015-06-21,nasr,sauber,8,11,11,0.0,70,+1 Lap
2015,8,Austrian Grand Prix,red_bull_ring,2015-06-21,kvyat,red_bull,15,12,12,0.0,70,+1 Lap
2015,8,Austrian Grand Prix,red_bull_ring,2015-06-21,ericsson,sauber,11,13,13,0.0,69,+2 Laps
2015,8,Austrian Grand Prix,red_bull_ring,2015-06-21,merhi,manor,16,14,14,0.0,68,+3 Laps
2015,8,Austrian Grand Prix,red_bull_ring,2015-06-21,grosjean,lotus_f1,9,15,R,0.0,35,Gearbox
2015,8,Austrian Grand Prix,red_bull_ring,2015-06-21,sainz,toro_rosso,12,16,R,0.0,35,Power loss
2015,8,Austrian Grand Prix,red_bull_ring,2015-06-21,button,mclaren,20,17,R,0.0,8,Retired
2015,8,Austrian Grand Prix,red_bull_ring,2015-06-21,stevens,manor,17,18,R,0.0,1,Oil leak
2015,8,Austrian Grand Prix,red_bull_ring,2015-06-21,raikkonen,ferrari,14,19,R,0.0,0,Collision
2015,8,Austrian Grand Prix,red_bull_ring,2015-06-21,alonso,mclaren,19,20,R,0.0,0,Collision
2015,9,British Grand Prix,silverstone,2015-07-05,hamilton,mercedes,1,1,1,25.0,52,Finished
2015,9,British Grand Prix,silverstone,2015-07-05,rosberg,mercedes,2,2,2,18.0,52,Finished
2015,9,British Grand Prix,silverstone,2015-07-05,vettel,ferrari,6,3,3,15.0,52,Finished
2015,9,British Grand Prix,silverstone,2015-07-05,massa,williams,3,4,4,12.0,52,Finished
2015,9,British Grand Prix,silverstone,2015-07-05,bottas,williams,4,5,5,10.0,52,Finished
2015,9,British Grand Prix,silverstone,2015-07-05,kvyat,red_bull,7,6,6,8.0,52,Finished
2015,9,British Grand Prix,silverstone,2015-07-05,hulkenberg,force_india,9,7,7,6.0,52,Finished
2015,9,British Grand Prix,silverstone,2015-07-05,raikkonen,ferrari,5,8,8,4.0,51,+1 Lap
2015,9,British Grand Prix,silverstone,2015-07-05,perez,force_india,11,9,9,2.0,51,+1 Lap
2015,9,British Grand Prix,silverstone,2015-07-05,alonso,mclaren,17,10,10,1.0,51,+1 Lap
2015,9,British Grand Prix,silverstone,2015-07-05,ericsson,sauber,15,11,11,0.0,51,+1 Lap
2015,9,British Grand Prix,silverstone,2015-07-05,merhi,manor,20,12,12,0.0,49,+3 Laps
2015,9,British Grand Prix,silverstone,2015-07-05,stevens,manor,19,13,13,0.0,49,+3 Laps
2015,9,British Grand Prix,silverstone,2015-07-05,sainz,toro_rosso,8,14,R,0.0,31,Electrical
2015,9,British Grand Prix,silverstone,2015-07-05,ricciardo,red_bull,10,15,R,0.0,21,Electrical
2015,9,British Grand Prix,silverstone,2015-07-05,max_verstappen,toro_rosso,13,16,R,0.0,3,Spun off
2015,9,British Grand Prix,silverstone,2015-07-05,grosjean,lotus_f1,12,17,R,0.0,0,Collision
2015,9,British Grand Prix,silverstone,2015-07-05,maldonado,lotus_f1,14,18,R,0.0,0,Collision
2015,9,British Grand Prix,silverstone,2015-07-05,button,mclaren,18,19,R,0.0,0,Collision
2015,9,British Grand Prix,silverstone,2015-07-05,nasr,sauber,16,20,W,0.0,0,Gearbox
2015,10,Hungarian Grand Prix,hungaroring,2015-07-26,vettel,ferrari,3,1,1,25.0,69,Finished
2015,10,Hungarian Grand Prix,hungaroring,2015-07-26,kvyat,red_bull,7,2,2,18.0,69,Finished
2015,10,Hungarian Grand Prix,hungaroring,2015-07-26,ricciardo,red_bull,4,3,3,15.0,69,Finished
2015,10,Hungarian Grand Prix,hungaroring,2015-07-26,max_verstappen,toro_rosso,9,4,4,12.0,69,Finished
2015,10,Hungarian Grand Prix,hungaroring,2015-07-26,alonso,mclaren,15,5,5,10.0,69,Finished
2015,10,Hungarian Grand Prix,hungaroring,2015-07-26,hamilton,mercedes,1,6,6,8.0,69,Finished
2015,10,Hungarian Grand Prix,hungaroring,2015-07-26,grosjean,lotus_f1,10,7,7,6.0,69,Finished
2015,10,Hungarian Grand Prix,hungaroring,2015-07-26,rosberg,mercedes,2,8,8,4.0,69,Finished
2015,10,Hungarian Grand Prix,hungaroring,2015-07-26,button,mclaren,16,9,9,2.0,69,Finished
2015,10,Hungarian Grand Prix,hungaroring,2015-07-26,ericsson,sauber,17,10,10,1.0,69,Finished
2015,10,Hungarian Grand Prix,hungaroring,2015-07-26,nasr,sauber,18,11,11,0.0,69,Finished
2015,10,Hungarian Grand Prix,hungaroring,2015-07-26,massa,williams,8,12,12,0.0,69,Finished
2015,10,Hungarian Grand Prix,hungaroring,2015-07-26,bottas,williams,6,13,13,0.0,69,Finished
2015,10,Hungarian Grand Prix,hungaroring,2015-07-26,maldonado,lotus_f1,14,14,14,0.0,69,Finished
2015,10,Hungarian Grand Prix,hungaroring,2015-07-26,merhi,manor,19,15,15,0.0,67,+2 Laps
2015,10,Hungarian Grand Prix,hungaroring,2015-07-26,stevens,manor,20,16,16,0.0,65,+4 Laps
2015,10,Hungarian Grand Prix,hungaroring,2015-07-26,sainz,toro_rosso,12,17,R,0.0,60,Electrical
2015,10,Hungarian Grand Prix,hungaroring,2015-07-26,raikkonen,ferrari,5,18,R,0.0,55,Power Unit
2015,10,Hungarian Grand Prix,hungaroring,2015-07-26,perez,force_india,13,19,R,0.0,53,Suspension
2015,10,Hungarian Grand Prix,hungaroring,2015-07-26,hulkenberg,force_india,11,20,R,0.0,41,Front wing
2015,11,Belgian Grand Prix,spa,2015-08-23,hamilton,mercedes,1,1,1,25.0,43,Finished
2015,11,Belgian Grand Prix,spa,2015-08-23,rosberg,mercedes,2,2,2,18.0,43,Finished
2015,11,Belgian Grand Prix,spa,2015-08-23,grosjean,lotus_f1,9,3,3,15.0,43,Finished
2015,11,Belgian Grand Prix,spa,2015-08-23,kvyat,red_bull,12,4,4,12.0,43,Finished
2015,11,Belgian Grand Prix,spa,2015-08-23,perez,force_india,4,5,5,10.0,43,Finished
2015,11,Belgian Grand Prix,spa,2015-08-23,massa,williams,6,6,6,8.0,43,Finished
2015,11,Belgian Grand Prix,spa,2015-08-23,raikkonen,ferrari,16,7,7,6.0,43,Finished
2015,11,Belgian Grand Prix,spa,2015-08-23,max_verstappen,toro_rosso,18,8,8,4.0,43,Finished
2015,11,Belgian Grand Prix,spa,2015-08-23,bottas,williams,3,9,9,2.0,43,Power Unit
2015,11,Belgian Grand Prix,spa,2015-08-23,ericsson,sauber,13,10,10,1.0,43,Finished
2015,11,Belgian Grand Prix,spa,2015-08-23,nasr,sauber,14,11,11,0.0,43,Finished
2015,11,Belgian Grand Prix,spa,2015-08-23,vettel,ferrari,8,12,12,0.0,42,Tyre
2015,11,Belgian Grand Prix,spa,2015-08-23,alonso,mclaren,20,13,13,0.0,42,+1 Lap
2015,11,Belgian Grand Prix,spa,2015-08-23,button,mclaren,19,14,14,0.0,42,+1 Lap
2015,11,Belgian Grand Prix,spa,2015-08-23,merhi,manor,17,15,15,0.0,42,+1 Lap
2015,11,Belgian Grand Prix,spa,2015-08-23,stevens,manor,15,16,16,0.0,42,+1 Lap
2015,11,Belgian Grand Prix,spa,2015-08-23,sainz,toro_rosso,10,17,R,0.0,32,Power Unit
2015,11,Belgian Grand Prix,spa,2015-08-23,ricciardo,red_bull,5,18,R,0.0,19,Power Unit
2015,11,Belgian Grand Prix,spa,2015-08-23,maldonado,lotus_f1,7,19,R,0.0,2,Engine
2015,11,Belgian Grand Prix,spa,2015-08-23,hulkenberg,force_india,11,20,W,0.0,0,Power loss
2015,12,Italian Grand Prix,monza,2015-09-06,hamilton,mercedes,1,1,1,25.0,53,Finished
2015,12,Italian Grand Prix,monza,2015-09-06,vettel,ferrari,3,2,2,18.0,53,Finished
2015,12,Italian Grand Prix,monza,2015-09-06,massa,williams,5,3,3,15.0,53,Finished
2015,12,Italian Grand Prix,monza,2015-09-06,bottas,williams,6,4,4,12.0,53,Finished
2015,12,Italian Grand Prix,monza,2015-09-06,raikkonen,ferrari,2,5,5,10.0,53,Finished
2015,12,Italian Grand Prix,monza,2015-09-06,perez,force_india,7,6,6,8.0,53,Finished
2015,12,Italian Grand Prix,monza,2015-09-06,hulkenberg,force_india,9,7,7,6.0,52,+1 Lap
2015,12,Italian Grand Prix,monza,2015-09-06,ricciardo,red_bull,19,8,8,4.0,52,+1 Lap
2015,12,Italian Grand Prix,monza,2015-09-06,ericsson,sauber,12,9,9,2.0,52,+1 Lap
2015,12,Italian Grand Prix,monza,2015-09-06,kvyat,red_bull,18,10,10,1.0,52,+1 Lap
2015,12,Italian Grand Prix,monza,2015-09-06,sainz,toro_rosso,17,11,11,0.0,52,+1 Lap
2015,12,Italian Grand Prix,monza,2015-09-06,max_verstappen,toro_rosso,20,12,12,0.0,52,+1 Lap
2015,12,Italian Grand Prix,monza,2015-09-06,nasr,sauber,17,13,13,0.0,52,+1 Lap
2015,12,Italian Grand Prix,monza,2015-09-06,button,mclaren,15,14,14,0.0,52,+1 Lap
2015,12,Italian Grand Prix,monza,2015-09-06,stevens,manor,13,15,15,0.0,51,+2 Laps
2015,12,Italian Grand Prix,monza,2015-09-06,merhi,manor,14,16,16,0.0,51,+2 Laps
2015,12,Italian Grand Prix,monza,2015-09-06,rosberg,mercedes,4,17,17,0.0,50,+3 Laps
2015,12,Italian Grand Prix,monza,2015-09-06,alonso,mclaren,16,18,18,0.0,47,+6 Laps
2015,12,Italian Grand Prix,monza,2015-09-06,grosjean,lotus_f1,8,19,R,0.0,1,Collision damage
2015,12,Italian Grand Prix,monza,2015-09-06,maldonado,lotus_f1,10,20,R,0.0,1,Collision damage
2015,13,Singapore Grand Prix,marina_bay,2015-09-20,vettel,ferrari,1,1,1,25.0,61,Finished
2015,13,Singapore Grand Prix,marina_bay,2015-09-20,ricciardo,red_bull,2,2,2,18.0,61,Finished
2015,13,Singapore Grand Prix,marina_bay,2015-09-20,raikkonen,ferrari,3,3,3,15.0,61,Finished
2015,13,Singapore Grand Prix,marina_bay,2015-09-20,rosberg,mercedes,6,4,4,12.0,61,Finished
2015,13,Singapore Grand Prix,marina_bay,2015-09-20,bottas,williams,7,5,5,10.0,61,Finished
2015,13,Singapore Grand Prix,marina_bay,2015-09-20,kvyat,red_bull,4,6,6,8.0,61,Finished
2015,13,Singapore Grand Prix,marina_bay,2015-09-20,perez,force_india,13,7,7,6.0,61,Finished
2015,13,Singapore Grand Prix,marina_bay,2015-09-20,max_verstappen,toro_rosso,8,8,8,4.0,61,Finished
2015,13,Singapore Grand Prix,marina_bay,2015-09-20,sainz,toro_rosso,14,9,9,2.0,61,Finished
2015,13,Singapore Grand Prix,marina_bay,2015-09-20,nasr,sauber,16,10,10,1.0,61,Finished
2015,13,Singapore Grand Prix,marina_bay,2015-09-20,ericsson,sauber,17,11,11,0.0,61,Finished
2015,13,Singapore Grand Prix,marina_bay,2015-09-20,maldonado,lotus_f1,18,12,12,0.0,61,Finished
2015,13,Singapore Grand Prix,marina_bay,2015-09-20,grosjean,lotus_f1,10,13,13,0.0,59,Tyre
2015,13,Singapore Grand Prix,marina_bay,2015-09-20,rossi,manor,20,14,14,0.0,59,+2 Laps
2015,13,Singapore Grand Prix,marina_bay,2015-09-20,stevens,manor,19,15,15,0.0,59,+2 Laps
2015,13,Singapore Grand Prix,marina_bay,2015-09-20,button,mclaren,15,16,R,0.0,52,Gearbox
2015,13,Singapore Grand Prix,marina_bay,2015-09-20,alonso,mclaren,12,17,R,0.0,33,Gearbox
2015,13,Singapore Grand Prix,marina_bay,2015-09-20,hamilton,mercedes,5,18,R,0.0,32,Throttle
2015,13,Singapore Grand Prix,marina_bay,2015-09-20,massa,williams,9,19,R,0.0,30,Gearbox
2015,13,Singapore Grand Prix,marina_bay,2015-09-20,hulkenberg,force_india,11,20,R,0.0,12,Collision
2015,14,Japanese Grand Prix,suzuka,2015-09-27,hamilton,mercedes,2,1,1,25.0,53,Finished
2015,14,Japanese Grand Prix,suzuka,2015-09-27,rosberg,mercedes,1,2,2,18.0,53,Finished
2015,14,Japanese Grand Prix,suzuka,2015-09-27,vettel,ferrari,4,3,3,15.0,53,Finished
2015,14,Japanese Grand Prix,suzuka,2015-09-27,raikkonen,ferrari,6,4,4,12.0,53,Finished
2015,14,Japanese Grand Prix,suzuka,2015-09-27,bottas,williams,3,5,5,10.0,53,Finished
2015,14,Japanese Grand Prix,suzuka,2015-09-27,hulkenberg,force_india,13,6,6,8.0,53,Finished
2015,14,Japanese Grand Prix,suzuka,2015-09-27,grosjean,lotus_f1,8,7,7,6.0,53,Finished
2015,14,Japanese Grand Prix,suzuka,2015-09-27,maldonado,lotus_f1,11,8,8,4.0,53,Finished
2015,14,Japanese Grand Prix,suzuka,2015-09-27,max_verstappen,toro_rosso,17,9,9,2.0,53,Finished
2015,14,Japanese Grand Prix,suzuka,2015-09-27,sainz,toro_rosso,10,10,10,1.0,52,+1 Lap
2015,14,Japanese Grand Prix,suzuka,2015-09-27,alonso,mclaren,12,11,11,0.0,52,+1 Lap
2015,14,Japanese Grand Prix,suzuka,2015-09-27,perez,force_india,9,12,12,0.0,52,+1 Lap
2015,14,Japanese Grand Prix,suzuka,2015-09-27,kvyat,red_bull,20,13,13,0.0,52,+1 Lap
2015,14,Japanese Grand Prix,suzuka,2015-09-27,ericsson,sauber,15,14,14,0.0,52,+1 Lap
2015,14,Japanese Grand Prix,suzuka,2015-09-27,ricciardo,red_bull,7,15,15,0.0,52,+1 Lap
2015,14,Japanese Grand Prix,suzuka,2015-09-27,button,mclaren,14,16,16,0.0,52,+1 Lap
2015,14,Japanese Grand Prix,suzuka,2015-09-27,massa,williams,5,17,17,0.0,51,+2 Laps
2015,14,Japanese Grand Prix,suzuka,2015-09-27,rossi,manor,19,18,18,0.0,51,+2 Laps
2015,14,Japanese Grand Prix,suzuka,2015-09-27,stevens,manor,18,19,19,0.0,50,+3 Laps
2015,14,Japanese Grand Prix,suzuka,2015-09-27,nasr,sauber,16,20,R,0.0,49,Retired
2015,15,Russian Grand Prix,sochi,2015-10-11,hamilton,mercedes,2,1,1,25.0,53,Finished
2015,15,Russian Grand Prix,sochi,2015-10-11,vettel,ferrari,4,2,2,18.0,53,Finished
2015,15,Russian Grand Prix,sochi,2015-10-11,perez,force_india,7,3,3,15.0,53,Finished
2015,15,Russian Grand Prix,sochi,2015-10-11,massa,williams,15,4,4,12.0,53,Finished
2015,15,Russian Grand Prix,sochi,2015-10-11,kvyat,red_bull,11,5,5,10.0,53,Finished
2015,15,Russian Grand Prix,sochi,2015-10-11,nasr,sauber,12,6,6,8.0,53,Finished
2015,15,Russian Grand Prix,sochi,2015-10-11,maldonado,lotus_f1,14,7,7,6.0,53,Finished
2015,15,Russian Grand Prix,sochi,2015-10-11,raikkonen,ferrari,5,8,8,4.0,53,Finished
2015,15,Russian Grand Prix,sochi,2015-10-11,button,mclaren,13,9,9,2.0,53,Finished
2015,15,Russian Grand Prix,sochi,2015-10-11,max_verstappen,toro_rosso,9,10,10,1.0,53,Finished
2015,15,Russian Grand Prix,sochi,2015-10-11,alonso,mclaren,19,11,11,0.0,53,Finished
2015,15,Russian Grand Prix,sochi,2015-10-11,bottas,williams,3,12,12,0.0,52,Collision
2015,15,Russian Grand Prix,sochi,2015-10-11,merhi,manor,18,13,13,0.0,52,+1 Lap
2015,15,Russian Grand Prix,sochi,2015-10-11,stevens,manor,17,14,14,0.0,51,+2 Laps
2015,15,Russian Grand Prix,sochi,2015-10-11,ricciardo,red_bull,10,15,15,0.0,47,Suspension
2015,15,Russian Grand Prix,sochi,2015-10-11,sainz,toro_rosso,20,16,R,0.0,45,Brakes
2015,15,Russian Grand Prix,sochi,2015-10-11,grosjean,lotus_f1,8,17,R,0.0,11,Accident
2015,15,Russian Grand Prix,sochi,2015-10-11,rosberg,mercedes,1,18,R,0.0,7,Throttle
2015,15,Russian Grand Prix,sochi,2015-10-11,hulkenberg,force_india,6,19,R,0.0,0,Collision
2015,15,Russian Grand Prix,sochi,2015-10-11,ericsson,sauber,17,20,R,0.0,0,Collision
2015,16,United States Grand Prix,americas,2015-10-25,hamilton,mercedes,2,1,1,25.0,56,Finished
2015,16,United States Grand Prix,americas,2015-10-25,rosberg,mercedes,1,2,2,18.0,56,Finished
2015,16,United States Grand Prix,americas,2015-10-25,vettel,ferrari,13,3,3,15.0,56,Finished
2015,16,United States Grand Prix,americas,2015-10-25,max_verstappen,toro_rosso,8,4,4,12.0,56,Finished
2015,16,United States Grand Prix,americas,2015-10-25,perez,force_india,5,5,5,10.0,56,Finished
2015,16,United States Grand Prix,americas,2015-10-25,button,mclaren,11,6,6,8.0,56,Finished
2015,16,United States Grand Prix,americas,2015-10-25,sainz,toro_rosso,20,7,7,6.0,56,Finished
2015,16,United States Grand Prix,americas,2015-10-25,maldonado,lotus_f1,12,8,8,4.0,56,Finished
2015,16,United States Grand Prix,americas,2015-10-25,nasr,sauber,15,9,9,2.0,56,Finished
2015,16,United States Grand Prix,americas,2015-10-25,ricciardo,red_bull,3,10,10,1.0,56,Finished
2015,16,United States Grand Prix,americas,2015-10-25,alonso,mclaren,9,11,11,0.0,56,Finished
2015,16,United States Grand Prix,americas,2015-10-25,rossi,manor,17,12,12,0.0,56,Finished
2015,16,United States Grand Prix,americas,2015-10-25,kvyat,red_bull,4,13,R,0.0,41,Accident
2015,16,United States Grand Prix,americas,2015-10-25,hulkenberg,force_india,6,14,R,0.0,35,Accident
2015,16,United States Grand Prix,americas,2015-10-25,ericsson,sauber,14,15,R,0.0,25,Retired
2015,16,United States Grand Prix,americas,2015-10-25,raikkonen,ferrari,18,16,R,0.0,25,Brake duct
2015,16,United States Grand Prix,americas,2015-10-25,massa,williams,7,17,R,0.0,23,Retired
2015,16,United States Grand Prix,americas,2015-10-25,grosjean,lotus_f1,10,18,R,0.0,10,Retired
2015,16,United States Grand Prix,americas,2015-10-25,bottas,williams,16,19,R,0.0,5,Retired
2015,16,United States Grand Prix,americas,2015-10-25,stevens,manor,19,20,R,0.0,1,Retired
2015,17,Mexican Grand Prix,rodriguez,2015-11-01,rosberg,mercedes,1,1,1,25.0,71,Finished
2015,17,Mexican Grand Prix,rodriguez,2015-11-01,hamilton,mercedes,2,2,2,18.0,71,Finished
2015,17,Mexican Grand Prix,rodriguez,2015-11-01,bottas,williams,6,3,3,15.0,71,Finished
2015,17,Mexican Grand Prix,rodriguez,2015-11-01,kvyat,red_bull,4,4,4,12.0,71,Finished
2015,17,Mexican Grand Prix,rodriguez,2015-11-01,ricciardo,red_bull,5,5,5,10.0,71,Finished
2015,17,Mexican Grand Prix,rodriguez,2015-11-01,massa,williams,7,6,6,8.0,71,Finished
2015,17,Mexican Grand Prix,rodriguez,2015-11-01,hulkenberg,force_india,10,7,7,6.0,71,Finished
2015,17,Mexican Grand Prix,rodriguez,2015-11-01,perez,force_india,9,8,8,4.0,71,Finished
2015,17,Mexican Grand Prix,rodriguez,2015-11-01,max_verstappen,toro_rosso,8,9,9,2.0,71,Finished
2015,17,Mexican Grand Prix,rodriguez,2015-11-01,grosjean,lotus_f1,12,10,10,1.0,71,Finished
2015,17,Mexican Grand Prix,rodriguez,2015-11-01,maldonado,lotus_f1,13,11,11,0.0,71,Finished
2015,17,Mexican Grand Prix,rodriguez,2015-11-01,ericsson,sauber,14,12,12,0.0,71,Finished
2015,17,Mexican Grand Prix,rodriguez,2015-11-01,sainz,toro_rosso,11,13,13,0.0,71,Finished
2015,17,Mexican Grand Prix,rodriguez,2015-11-01,button,mclaren,20,14,14,0.0,71,Finished
2015,17,Mexican Grand Prix,rodriguez,2015-11-01,rossi,manor,16,15,15,0.0,69,+2 Laps
2015,17,Mexican Grand Prix,rodriguez,2015-11-01,stevens,manor,17,16,16,0.0,69,+2 Laps
2015,17,Mexican Grand Prix,rodriguez,2015-11-01,nasr,sauber,15,17,R,0.0,57,Brakes
2015,17,Mexican Grand Prix,rodriguez,2015-11-01,vettel,ferrari,3,18,R,0.0,50,Accident
2015,17,Mexican Grand Prix,rodriguez,2015-11-01,raikkonen,ferrari,19,19,R,0.0,21,Collision
2015,17,Mexican Grand Prix,rodriguez,2015-11-01,alonso,mclaren,18,20,R,0.0,1,Retired
2015,18,Brazilian Grand Prix,interlagos,2015-11-15,rosberg,mercedes,1,1,1,25.0,71,Finished
2015,18,Brazilian Grand Prix,interlagos,2015-11-15,hamilton,mercedes,2,2,2,18.0,71,Finished
2015,18,Brazilian Grand Prix,interlagos,2015-11-15,vettel,ferrari,3,3,3,15.0,71,Finished
2015,18,Brazilian Grand Prix,interlagos,2015-11-15,raikkonen,ferrari,4,4,4,12.0,71,Finished
2015,18,Brazilian Grand Prix,interlagos,2015-11-15,bottas,williams,7,5,5,10.0,70,+1 Lap
2015,18,Brazilian Grand Prix,interlagos,2015-11-15,hulkenberg,force_india,5,6,6,8.0,70,+1 Lap
2015,18,Brazilian Grand Prix,interlagos,2015-11-15,kvyat,red_bull,6,7,7,6.0,70,+1 Lap
2015,18,Brazilian Grand Prix,interlagos,2015-11-15,grosjean,lotus_f1,14,8,8,4.0,70,+1 Lap
2015,18,Brazilian Grand Prix,interlagos,2015-11-15,max_verstappen,toro_rosso,9,9,9,2.0,70,+1 Lap
2015,18,Brazilian Grand Prix,interlagos,2015-11-15,maldonado,lotus_f1,15,10,10,1.0,70,+1 Lap
2015,18,Brazilian Grand Prix,interlagos,2015-11-15,ricciardo,red_bull,19,11,11,0.0,70,+1 Lap
2015,18,Brazilian Grand Prix,interlagos,2015-11-15,perez,force_india,11,12,12,0.0,70,+1 Lap
2015,18,Brazilian Grand Prix,interlagos,2015-11-15,nasr,sauber,13,13,13,0.0,70,+1 Lap
2015,18,Brazilian Grand Prix,interlagos,2015-11-15,button,mclaren,16,14,14,0.0,70,+1 Lap
2015,18,Brazilian Grand Prix,interlagos,2015-11-15,alonso,mclaren,20,15,15,0.0,70,+1 Lap
2015,18,Brazilian Grand Prix,interlagos,2015-11-15,ericsson,sauber,12,16,16,0.0,69,+2 Laps
2015,18,Brazilian Grand Prix,interlagos,2015-11-15,stevens,manor,18,17,17,0.0,67,+4 Laps
2015,18,Brazilian Grand Prix,interlagos,2015-11-15,rossi,manor,17,18,18,0.0,67,+4 Laps
2015,18,Brazilian Grand Prix,interlagos,2015-11-15,sainz,toro_rosso,10,19,R,0.0,0,Retired
2015,18,Brazilian Grand Prix,interlagos,2015-11-15,massa,williams,8,20,D,0.0,70,Excluded
2015,19,Abu Dhabi Grand Prix,yas_marina,2015-11-29,rosberg,mercedes,1,1,1,25.0,55,Finished
2015,19,Abu Dhabi Grand Prix,yas_marina,2015-11-29,hamilton,mercedes,2,2,2,18.0,55,Finished
2015,19,Abu Dhabi Grand Prix,yas_marina,2015-11-29,raikkonen,ferrari,3,3,3,15.0,55,Finished
2015,19,Abu Dhabi Grand Prix,yas_marina,2015-11-29,vettel,ferrari,15,4,4,12.0,55,Finished
2015,19,Abu Dhabi Grand Prix,yas_marina,2015-11-29,perez,force_india,4,5,5,10.0,55,Finished
2015,19,Abu Dhabi Grand Prix,yas_marina,2015-11-29,ricciardo,red_bull,5,6,6,8.0,55,Finished
2015,19,Abu Dhabi Grand Prix,yas_marina,2015-11-29,hulkenberg,force_india,7,7,7,6.0,55,Finished
2015,19,Abu Dhabi Grand Prix,yas_marina,2015-11-29,massa,williams,8,8,8,4.0,55,Finished
2015,19,Abu Dhabi Grand Prix,yas_marina,2015-11-29,grosjean,lotus_f1,18,9,9,2.0,55,Finished
2015,19,Abu Dhabi Grand Prix,yas_marina,2015-11-29,kvyat,red_bull,9,10,10,1.0,55,Finished
2015,19,Abu Dhabi Grand Prix,yas_marina,2015-11-29,sainz,toro_rosso,10,11,11,0.0,55,Finished
2015,19,Abu Dhabi Grand Prix,yas_marina,2015-11-29,button,mclaren,12,12,12,0.0,54,+1 Lap
2015,19,Abu Dhabi Grand Prix,yas_marina,2015-11-29,bottas,williams,6,13,13,0.0,54,+1 Lap
2015,19,Abu Dhabi Grand Prix,yas_marina,2015-11-29,ericsson,sauber,17,14,14,0.0,54,+1 Lap
2015,19,Abu Dhabi Grand Prix,yas_marina,2015-11-29,nasr,sauber,14,15,15,0.0,54,+1 Lap
2015,19,Abu Dhabi Grand Prix,yas_marina,2015-11-29,max_verstappen,toro_rosso,11,16,16,0.0,54,+1 Lap
2015,19,Abu Dhabi Grand Prix,yas_marina,2015-11-29,alonso,mclaren,16,17,17,0.0,53,+2 Laps
2015,19,Abu Dhabi Grand Prix,yas_marina,2015-11-29,stevens,manor,19,18,18,0.0,53,+2 Laps
2015,19,Abu Dhabi Grand Prix,yas_marina,2015-11-29,merhi,manor,20,19,19,0.0,52,+3 Laps
2015,19,Abu Dhabi Grand Prix,yas_marina,2015-11-29,maldonado,lotus_f1,13,20,R,0.0,0,Collision
2016,1,Australian Grand Prix,albert_park,2016-03-20,rosberg,mercedes,2,1,1,25.0,57,Finished
2016,1,Australian Grand Prix,albert_park,2016-03-20,hamilton,mercedes,1,2,2,18.0,57,Finished
2016,1,Australian Grand Prix,albert_park,2016-03-20,vettel,ferrari,3,3,3,15.0,57,Finished
2016,1,Australian Grand Prix,albert_park,2016-03-20,ricciardo,red_bull,8,4,4,12.0,57,Finished
2016,1,Australian Grand Prix,albert_park,2016-03-20,massa,williams,6,5,5,10.0,57,Finished
2016,1,Australian Grand Prix,albert_park,2016-03-20,grosjean,haas,19,6,6,8.0,57,Finished
2016,1,Australian Grand Prix,albert_park,2016-03-20,hulkenberg,force_india,10,7,7,6.0,57,Finished
2016,1,Australian Grand Prix,albert_park,2016-03-20,bottas,williams,16,8,8,4.0,57,Finished
2016,1,Australian Grand Prix,albert_park,2016-03-20,sainz,toro_rosso,7,9,9,2.0,57,Finished
2016,1,Australian Grand Prix,albert_park,2016-03-20,max_verstappen,toro_rosso,5,10,10,1.0,57,Finished
2016,1,Australian Grand Prix,albert_park,2016-03-20,jolyon_palmer,renault,13,11,11,0.0,57,Finished
2016,1,Australian Grand Prix,albert_park,2016-03-20,kevin_magnussen,renault,14,12,12,0.0,57,Finished
2016,1,Australian Grand Prix,albert_park,2016-03-20,perez,force_india,9,13,13,0.0,57,Finished
2016,1,Australian Grand Prix,albert_park,2016-03-20,button,mclaren,12,14,14,0.0,56,+1 Lap
2016,1,Australian Grand Prix,albert_park,2016-03-20,nasr,sauber,17,15,15,0.0,56,+1 Lap
2016,1,Australian Grand Prix,albert_park,2016-03-20,wehrlein,manor,21,16,16,0.0,56,+1 Lap
2016,1,Australian Grand Prix,albert_park,2016-03-20,ericsson,sauber,15,17,R,0.0,38,Engine
2016,1,Australian Grand Prix,albert_park,2016-03-20,raikkonen,ferrari,4,18,R,0.0,21,Engine
2016,1,Australian Grand Prix,albert_park,2016-03-20,haryanto,manor,22,19,R,0.0,17,Mechanical
2016,1,Australian Grand Prix,albert_park,2016-03-20,gutierrez,haas,20,20,R,0.0,16,Collision
2016,1,Australian Grand Prix,albert_park,2016-03-20,alonso,mclaren,11,21,R,0.0,16,Collision
2016,1,Australian Grand Prix,albert_park,2016-03-20,kvyat,red_bull,18,22,W,0.0,0,Retired
2016,2,Bahrain Grand Prix,bahrain,2016-04-03,rosberg,mercedes,2,1,1,25.0,57,Finished
2016,2,Bahrain Grand Prix,bahrain,2016-04-03,raikkonen,ferrari,4,2,2,18.0,57,Finished
2016,2,Bahrain Grand Prix,bahrain,2016-04-03,hamilton,mercedes,1,3,3,15.0,57,Finished
2016,2,Bahrain Grand Prix,bahrain,2016-04-03,ricciardo,red_bull,5,4,4,12.0,57,Finished
2016,2,Bahrain Grand Prix,bahrain,2016-04-03,grosjean,haas,9,5,5,10.0,57,Finished
2016,2,Bahrain Grand Prix,bahrain,2016-04-03,max_verstappen,toro_rosso,10,6,6,8.0,57,Finished
2016,2,Bahrain Grand Prix,bahrain,2016-04-03,kvyat,red_bull,15,7,7,6.0,56,+1 Lap
2016,2,Bahrain Grand Prix,bahrain,2016-04-03,massa,williams,7,8,8,4.0,56,+1 Lap
2016,2,Bahrain Grand Prix,bahrain,2016-04-03,bottas,williams,6,9,9,2.0,56,+1 Lap
2016,2,Bahrain Grand Prix,bahrain,2016-04-03,vandoorne,mclaren,12,10,10,1.0,56,+1 Lap
2016,2,Bahrain Grand Prix,bahrain,2016-04-03,kevin_magnussen,renault,22,11,11,0.0,56,+1 Lap
2016,2,Bahrain Grand Prix,bahrain,2016-04-03,ericsson,sauber,17,12,12,0.0,56,+1 Lap
2016,2,Bahrain Grand Prix,bahrain,2016-04-03,wehrlein,manor,16,13,13,0.0,56,+1 Lap
2016,2,Bahrain Grand Prix,bahrain,2016-04-03,nasr,sauber,21,14,14,0.0,56,+1 Lap
2016,2,Bahrain Grand Prix,bahrain,2016-04-03,hulkenberg,force_india,8,15,15,0.0,56,+1 Lap
2016,2,Bahrain Grand Prix,bahrain,2016-04-03,perez,force_india,18,16,16,0.0,56,+1 Lap
2016,2,Bahrain Grand Prix,bahrain,2016-04-03,haryanto,manor,20,17,17,0.0,56,+1 Lap
2016,2,Bahrain Grand Prix,bahrain,2016-04-03,sainz,toro_rosso,11,18,R,0.0,29,Retired
2016,2,Bahrain Grand Prix,bahrain,2016-04-03,gutierrez,haas,13,19,R,0.0,9,Retired
2016,2,Bahrain Grand Prix,bahrain,2016-04-03,button,mclaren,14,20,R,0.0,6,Power Unit
2016,2,Bahrain Grand Prix,bahrain,2016-04-03,vettel,ferrari,3,21,W,0.0,0,Engine
2016,2,Bahrain Grand Prix,bahrain,2016-04-03,jolyon_palmer,renault,19,22,W,0.0,0,Hydraulics
2016,3,Chinese Grand Prix,shanghai,2016-04-17,rosberg,mercedes,1,1,1,25.0,56,Finished
2016,3,Chinese Grand Prix,shanghai,2016-04-17,vettel,ferrari,4,2,2,18.0,56,Finished
2016,3,Chinese Grand Prix,shanghai,2016-04-17,kvyat,red_bull,6,3,3,15.0,56,Finished
2016,3,Chinese Grand Prix,shanghai,2016-04-17,ricciardo,red_bull,2,4,4,12.0,56,Finished
2016,3,Chinese Grand Prix,shanghai,2016-04-17,raikkonen,ferrari,3,5,5,10.0,56,Finished
2016,3,Chinese Grand Prix,shanghai,2016-04-17,massa,williams,10,6,6,8.0,56,Finished
2016,3,Chinese Grand Prix,shanghai,2016-04-17,hamilton,mercedes,22,7,7,6.0,56,Finished
2016,3,Chinese Grand Prix,shanghai,2016-04-17,max_verstappen,toro_rosso,9,8,8,4.0,56,Finished
2016,3,Chinese Grand Prix,shanghai,2016-04-17,sainz,toro_rosso,8,9,9,2.0,56,Finished
2016,3,Chinese Grand Prix,shanghai,2016-04-17,bottas,williams,5,10,10,1.0,56,Finished
2016,3,Chinese Grand Prix,shanghai,2016-04-17,perez,force_india,7,11,11,0.0,56,Finished
2016,3,Chinese Grand Prix,shanghai,2016-04-17,alonso,mclaren,11,12,12,0.0,56,Finished
2016,3,Chinese Grand Prix,shanghai,2016-04-17,button,mclaren,12,13,13,0.0,56,Finished
2016,3,Chinese Grand Prix,shanghai,2016-04-17,gutierrez,haas,18,14,14,0.0,55,+1 Lap
2016,3,Chinese Grand Prix,shanghai,2016-04-17,hulkenberg,force_india,13,15,15,0.0,55,+1 Lap
2016,3,Chinese Grand Prix,shanghai,2016-04-17,ericsson,sauber,15,16,16,0.0,55,+1 Lap
2016,3,Chinese Grand Prix,shanghai,2016-04-17,kevin_magnussen,renault,17,17,17,0.0,55,+1 Lap
2016,3,Chinese Grand Prix,shanghai,2016-04-17,wehrlein,manor,21,18,18,0.0,55,+1 Lap
2016,3,Chinese Grand Prix,shanghai,2016-04-17,grosjean,haas,14,19,19,0.0,55,+1 Lap
2016,3,Chinese Grand Prix,shanghai,2016-04-17,nasr,sauber,16,20,20,0.0,55,+1 Lap
2016,3,Chinese Grand Prix,shanghai,2016-04-17,haryanto,manor,20,21,21,0.0,55,+1 Lap
2016,3,Chinese Grand Prix,shanghai,2016-04-17,jolyon_palmer,renault,19,22,22,0.0,55,+1 Lap
2016,4,Russian Grand Prix,sochi,2016-05-01,rosberg,mercedes,1,1,1,25.0,53,Finished
2016,4,Russian Grand Prix,sochi,2016-05-01,hamilton,mercedes,10,2,2,18.0,53,Finished
2016,4,Russian Grand Prix,sochi,2016-05-01,raikkonen,ferrari,3,3,3,15.0,53,Finished
2016,4,Russian Grand Prix,sochi,2016-05-01,bottas,williams,2,4,4,12.0,53,Finished
2016,4,Russian Grand Prix,sochi,2016-05-01,massa,williams,4,5,5,10.0,53,Finished
2016,4,Russian Grand Prix,sochi,2016-05-01,alonso,mclaren,14,6,6,8.0,52,+1 Lap
2016,4,Russian Grand Prix,sochi,2016-05-01,kevin_magnussen,renault,17,7,7,6.0,52,+1 Lap
2016,4,Russian Grand Prix,sochi,2016-05-01,grosjean,haas,15,8,8,4.0,52,+1 Lap
2016,4,Russian Grand Prix,sochi,2016-05-01,perez,force_india,6,9,9,2.0,52,+1 Lap
2016,4,Russian Grand Prix,sochi,2016-05-01,button,mclaren,12,10,10,1.0,52,+1 Lap
2016,4,Russian Grand Prix,sochi,2016-05-01,ricciardo,red_bull,5,11,11,0.0,52,+1 Lap
2016,4,Russian Grand Prix,sochi,2016-05-01,sainz,toro_rosso,11,12,12,0.0,52,+1 Lap
2016,4,Russian Grand Prix,sochi,2016-05-01,jolyon_palmer,renault,18,13,13,0.0,52,+1 Lap
2016,4,Russian Grand Prix,sochi,2016-05-01,ericsson,sauber,22,14,14,0.0,52,+1 Lap
2016,4,Russian Grand Prix,sochi,2016-05-01,kvyat,red_bull,8,15,15,0.0,52,+1 Lap
2016,4,Russian Grand Prix,sochi,2016-05-01,nasr,sauber,19,16,16,0.0,52,+1 Lap
2016,4,Russian Grand Prix,sochi,2016-05-01,gutierrez,haas,16,17,17,0.0,52,+1 Lap
2016,4,Russian Grand Prix,sochi,2016-05-01,wehrlein,manor,20,18,18,0.0,51,+2 Laps
2016,4,Russian Grand Prix,sochi,2016-05-01,max_verstappen,toro_rosso,9,19,R,0.0,33,Power Unit
2016,4,Russian Grand Prix,sochi,2016-05-01,vettel,ferrari,7,20,R,0.0,0,Collision
2016,4,Russian Grand Prix,sochi,2016-05-01,hulkenberg,force_india,13,21,R,0.0,0,Collision
2016,4,Russian Grand Prix,sochi,2016-05-01,haryanto,manor,21,22,R,0.0,0,Collision
2016,5,Spanish Grand Prix,catalunya,2016-05-15,max_verstappen,red_bull,4,1,1,25.0,66,Finished
2016,5,Spanish Grand Prix,catalunya,2016-05-15,raikkonen,ferrari,5,2,2,18.0,66,Finished
2016,5,Spanish Grand Prix,catalunya,2016-05-15,vettel,ferrari,6,3,3,15.0,66,Finished
2016,5,Spanish Grand Prix,catalunya,2016-05-15,ricciardo,red_bull,3,4,4,12.0,66,Finished
2016,5,Spanish Grand Prix,catalunya,2016-05-15,bottas,williams,7,5,5,10.0,66,Finished
2016,5,Spanish Grand Prix,catalunya,2016-05-15,sainz,toro_rosso,8,6,6,8.0,66,Finished
2016,5,Spanish Grand Prix,catalunya,2016-05-15,perez,force_india,9,7,7,6.0,66,Finished
2016,5,Spanish Grand Prix,catalunya,2016-05-15,massa,williams,18,8,8,4.0,66,Finished
2016,5,Spanish Grand Prix,catalunya,2016-05-15,button,mclaren,12,9,9,2.0,65,+1 Lap
2016,5,Spanish Grand Prix,catalunya,2016-05-15,kvyat,toro_rosso,13,10,10,1.0,65,+1 Lap
2016,5,Spanish Grand Prix,catalunya,2016-05-15,gutierrez,haas,16,11,11,0.0,65,+1 Lap
2016,5,Spanish Grand Prix,catalunya,2016-05-15,ericsson,sauber,19,12,12,0.0,65,+1 Lap
2016,5,Spanish Grand Prix,catalunya,2016-05-15,jolyon_palmer,renault,17,13,13,0.0,65,+1 Lap
2016,5,Spanish Grand Prix,catalunya,2016-05-15,kevin_magnussen,renault,15,14,14,0.0,65,+1 Lap
2016,5,Spanish Grand Prix,catalunya,2016-05-15,nasr,sauber,20,15,15,0.0,65,+1 Lap
2016,5,Spanish Grand Prix,catalunya,2016-05-15,wehrlein,manor,21,16,16,0.0,65,+1 Lap
2016,5,Spanish Grand Prix,catalunya,2016-05-15,haryanto,manor,22,17,17,0.0,65,+1 Lap
2016,5,Spanish Grand Prix,catalunya,2016-05-15,grosjean,haas,14,18,R,0.0,56,Engine
2016,5,Spanish Grand Prix,catalunya,2016-05-15,alonso,mclaren,10,19,R,0.0,45,Engine
2016,5,Spanish Grand Prix,catalunya,2016-05-15,hulkenberg,force_india,11,20,R,0.0,20,Engine
2016,5,Spanish Grand Prix,catalunya,2016-05-15,hamilton,mercedes,1,21,R,0.0,0,Collision
2016,5,Spanish Grand Prix,catalunya,2016-05-15,rosberg,mercedes,2,22,R,0.0,0,Collision
2016,6,Monaco Grand Prix,monaco,2016-05-29,hamilton,mercedes,3,1,1,25.0,78,Finished
2016,6,Monaco Grand Prix,monaco,2016-05-29,ricciardo,red_bull,1,2,2,18.0,78,Finished
2016,6,Monaco Grand Prix,monaco,2016-05-29,perez,force_india,7,3,3,15.0,78,Finished
2016,6,Monaco Grand Prix,monaco,2016-05-29,vettel,ferrari,4,4,4,12.0,78,Finished
2016,6,Monaco Grand Prix,monaco,2016-05-29,alonso,mclaren,9,5,5,10.0,78,Finished
2016,6,Monaco Grand Prix,monaco,2016-05-29,hulkenberg,force_india,5,6,6,8.0,78,Finished
2016,6,Monaco Grand Prix,monaco,2016-05-29,rosberg,mercedes,2,7,7,6.0,78,Finished
2016,6,Monaco Grand Prix,monaco,2016-05-29,sainz,toro_rosso,6,8,8,4.0,77,+1 Lap
2016,6,Monaco Grand Prix,monaco,2016-05-29,button,mclaren,13,9,9,2.0,77,+1 Lap
2016,6,Monaco Grand Prix,monaco,2016-05-29,massa,williams,14,10,10,1.0,77,+1 Lap
2016,6,Monaco Grand Prix,monaco,2016-05-29,gutierrez,haas,12,11,11,0.0,77,+1 Lap
2016,6,Monaco Grand Prix,monaco,2016-05-29,bottas,williams,10,12,12,0.0,77,+1 Lap
2016,6,Monaco Grand Prix,monaco,2016-05-29,grosjean,haas,15,13,13,0.0,76,+2 Laps
2016,6,Monaco Grand Prix,monaco,2016-05-29,wehrlein,manor,20,14,14,0.0,76,+2 Laps
2016,6,Monaco Grand Prix,monaco,2016-05-29,haryanto,manor,19,15,15,0.0,74,+4 Laps
2016,6,Monaco Grand Prix,monaco,2016-05-29,ericsson,sauber,17,16,R,0.0,51,Collision
2016,6,Monaco Grand Prix,monaco,2016-05-29,nasr,sauber,0,17,R,0.0,48,Retired
2016,6,Monaco Grand Prix,monaco,2016-05-29,max_verstappen,red_bull,0,18,R,0.0,34,Accident
2016,6,Monaco Grand Prix,monaco,2016-05-29,kevin_magnussen,renault,16,19,R,0.0,32,Retired
2016,6,Monaco Grand Prix,monaco,2016-05-29,kvyat,toro_rosso,8,20,R,0.0,18,Accident
2016,6,Monaco Grand Prix,monaco,2016-05-29,raikkonen,ferrari,11,21,R,0.0,10,Accident
2016,6,Monaco Grand Prix,monaco,2016-05-29,jolyon_palmer,renault,18,22,R,0.0,7,Accident
2016,7,Canadian Grand Prix,villeneuve,2016-06-12,hamilton,mercedes,1,1,1,25.0,70,Finished
2016,7,Canadian Grand Prix,villeneuve,2016-06-12,vettel,ferrari,3,2,2,18.0,70,Finished
2016,7,Canadian Grand Prix,villeneuve,2016-06-12,bottas,williams,7,3,3,15.0,70,Finished
2016,7,Canadian Grand Prix,villeneuve,2016-06-12,max_verstappen,red_bull,5,4,4,12.0,70,Finished
2016,7,Canadian Grand Prix,villeneuve,2016-06-12,rosberg,mercedes,2,5,5,10.0,70,Finished
2016,7,Canadian Grand Prix,villeneuve,2016-06-12,raikkonen,ferrari,6,6,6,8.0,70,Finished
2016,7,Canadian Grand Prix,villeneuve,2016-06-12,ricciardo,red_bull,4,7,7,6.0,70,Finished
2016,7,Canadian Grand Prix,villeneuve,2016-06-12,hulkenberg,force_india,9,8,8,4.0,69,+1 Lap
2016,7,Canadian Grand Prix,villeneuve,2016-06-12,sainz,toro_rosso,20,9,9,2.0,69,+1 Lap
2016,7,Canadian Grand Prix,villeneuve,2016-06-12,perez,force_india,11,10,10,1.0,69,+1 Lap
2016,7,Canadian Grand Prix,villeneuve,2016-06-12,alonso,mclaren,10,11,11,0.0,69,+1 Lap
2016,7,Canadian Grand Prix,villeneuve,2016-06-12,kvyat,toro_rosso,15,12,12,0.0,69,+1 Lap
2016,7,Canadian Grand Prix,villeneuve,2016-06-12,gutierrez,haas,13,13,13,0.0,68,+2 Laps
2016,7,Canadian Grand Prix,villeneuve,2016-06-12,grosjean,haas,14,14,14,0.0,68,+2 Laps
2016,7,Canadian Grand Prix,villeneuve,2016-06-12,ericsson,sauber,21,15,15,0.0,68,+2 Laps
2016,7,Canadian Grand Prix,villeneuve,2016-06-12,kevin_magnussen,renault,22,16,16,0.0,68,+2 Laps
2016,7,Canadian Grand Prix,villeneuve,2016-06-12,wehrlein,manor,17,17,17,0.0,68,+2 Laps
2016,7,Canadian Grand Prix,villeneuve,2016-06-12,nasr,sauber,18,18,18,0.0,68,+2 Laps
2016,7,Canadian Grand Prix,villeneuve,2016-06-12,haryanto,manor,19,19,19,0.0,68,+2 Laps
2016,7,Canadian Grand Prix,villeneuve,2016-06-12,massa,williams,8,20,R,0.0,35,Retired
2016,7,Canadian Grand Prix,villeneuve,2016-06-12,jolyon_palmer,renault,16,21,R,0.0,16,Retired
2016,7,Canadian Grand Prix,villeneuve,2016-06-12,button,mclaren,12,22,R,0.0,9,Power Unit
2016,8,European Grand Prix,baku,2016-06-19,rosberg,mercedes,1,1,1,25.0,51,Finished
2016,8,European Grand Prix,baku,2016-06-19,vettel,ferrari,3,2,2,18.0,51,Finished
2016,8,European Grand Prix,baku,2016-06-19,perez,force_india,7,3,3,15.0,51,Finished
2016,8,European Grand Prix,baku,2016-06-19,raikkonen,ferrari,4,4,4,12.0,51,Finished
2016,8,European Grand Prix,baku,2016-06-19,hamilton,mercedes,10,5,5,10.0,51,Finished
2016,8,European Grand Prix,baku,2016-06-19,bottas,williams,8,6,6,8.0,51,Finished
2016,8,European Grand Prix,baku,2016-06-19,ricciardo,red_bull,2,7,7,6.0,51,Finished
2016,8,European Grand Prix,baku,2016-06-19,max_verstappen,red_bull,9,8,8,4.0,51,Finished
2016,8,European Grand Prix,baku,2016-06-19,hulkenberg,force_india,12,9,9,2.0,51,Finished
2016,8,European Grand Prix,baku,2016-06-19,massa,williams,5,10,10,1.0,51,Finished
2016,8,European Grand Prix,baku,2016-06-19,button,mclaren,19,11,11,0.0,51,Finished
2016,8,European Grand Prix,baku,2016-06-19,nasr,sauber,15,12,12,0.0,50,+1 Lap
2016,8,European Grand Prix,baku,2016-06-19,grosjean,haas,11,13,13,0.0,50,+1 Lap
2016,8,European Grand Prix,baku,2016-06-19,kevin_magnussen,renault,22,14,14,0.0,50,+1 Lap
2016,8,European Grand Prix,baku,2016-06-19,jolyon_palmer,renault,21,15,15,0.0,50,+1 Lap
2016,8,European Grand Prix,baku,2016-06-19,gutierrez,haas,14,16,16,0.0,50,+1 Lap
2016,8,European Grand Prix,baku,2016-06-19,ericsson,sauber,20,17,17,0.0,50,+1 Lap
2016,8,European Grand Prix,baku,2016-06-19,haryanto,manor,16,18,18,0.0,49,+2 Laps
2016,8,European Grand Prix,baku,2016-06-19,alonso,mclaren,13,19,R,0.0,42,Gearbox
2016,8,European Grand Prix,baku,2016-06-19,wehrlein,manor,17,20,R,0.0,39,Brakes
2016,8,European Grand Prix,baku,2016-06-19,sainz,toro_rosso,18,21,R,0.0,31,Suspension
2016,8,European Grand Prix,baku,2016-06-19,kvyat,toro_rosso,6,22,R,0.0,6,Suspension
2016,9,Austrian Grand Prix,red_bull_ring,2016-07-03,hamilton,mercedes,1,1,1,25.0,71,Finished
2016,9,Austrian Grand Prix,red_bull_ring,2016-07-03,max_verstappen,red_bull,8,2,2,18.0,71,Finished
2016,9,Austrian Grand Prix,red_bull_ring,2016-07-03,raikkonen,ferrari,4,3,3,15.0,71,Finished
2016,9,Austrian Grand Prix,red_bull_ring,2016-07-03,rosberg,mercedes,6,4,4,12.0,71,Finished
2016,9,Austrian Grand Prix,red_bull_ring,2016-07-03,ricciardo,red_bull,5,5,5,10.0,71,Finished
2016,9,Austrian Grand Prix,red_bull_ring,2016-07-03,button,mclaren,3,6,6,8.0,71,Finished
2016,9,Austrian Grand Prix,red_bull_ring,2016-07-03,grosjean,haas,13,7,7,6.0,71,Finished
2016,9,Austrian Grand Prix,red_bull_ring,2016-07-03,sainz,toro_rosso,15,8,8,4.0,71,Finished
2016,9,Austrian Grand Prix,red_bull_ring,2016-07-03,bottas,williams,7,9,9,2.0,70,+1 Lap
2016,9,Austrian Grand Prix,red_bull_ring,2016-07-03,wehrlein,manor,12,10,10,1.0,70,+1 Lap
2016,9,Austrian Grand Prix,red_bull_ring,2016-07-03,gutierrez,haas,11,11,11,0.0,70,+1 Lap
2016,9,Austrian Grand Prix,red_bull_ring,2016-07-03,jolyon_palmer,renault,19,12,12,0.0,70,+1 Lap
2016,9,Austrian Grand Prix,red_bull_ring,2016-07-03,nasr,sauber,21,13,13,0.0,70,+1 Lap
2016,9,Austrian Grand Prix,red_bull_ring,2016-07-03,kevin_magnussen,renault,17,14,14,0.0,70,+1 Lap
2016,9,Austrian Grand Prix,red_bull_ring,2016-07-03,ericsson,sauber,18,15,15,0.0,70,+1 Lap
2016,9,Austrian Grand Prix,red_bull_ring,2016-07-03,haryanto,manor,20,16,16,0.0,70,+1 Lap
2016,9,Austrian Grand Prix,red_bull_ring,2016-07-03,perez,force_india,16,17,17,0.0,69,Brakes
2016,9,Austrian Grand Prix,red_bull_ring,2016-07-03,alonso,mclaren,14,18,18,0.0,64,Battery
2016,9,Austrian Grand Prix,red_bull_ring,2016-07-03,hulkenberg,force_india,2,19,19,0.0,64,Brakes
2016,9,Austrian Grand Prix,red_bull_ring,2016-07-03,massa,williams,0,20,20,0.0,63,Brakes
2016,9,Austrian Grand Prix,red_bull_ring,2016-07-03,vettel,ferrari,9,21,R,0.0,26,Tyre
2016,9,Austrian Grand Prix,red_bull_ring,2016-07-03,kvyat,toro_rosso,0,22,R,0.0,2,Retired
2016,10,British Grand Prix,silverstone,2016-07-10,hamilton,mercedes,1,1,1,25.0,52,Finished
2016,10,British Grand Prix,silverstone,2016-07-10,max_verstappen,red_bull,3,2,2,18.0,52,Finished
2016,10,British Grand Prix,silverstone,2016-07-10,rosberg,mercedes,2,3,3,15.0,52,Finished
2016,10,British Grand Prix,silverstone,2016-07-10,ricciardo,red_bull,4,4,4,12.0,52,Finished
2016,10,British Grand Prix,silverstone,2016-07-10,raikkonen,ferrari,5,5,5,10.0,52,Finished
2016,10,British Grand Prix,silverstone,2016-07-10,perez,force_india,10,6,6,8.0,52,Finished
2016,10,British Grand Prix,silverstone,2016-07-10,hulkenberg,force_india,8,7,7,6.0,52,Finished
2016,10,British Grand Prix,silverstone,2016-07-10,sainz,toro_rosso,7,8,8,4.0,52,Finished
2016,10,British Grand Prix,silverstone,2016-07-10,vettel,ferrari,11,9,9,2.0,52,Finished
2016,10,British Grand Prix,silverstone,2016-07-10,kvyat,toro_rosso,15,10,10,1.0,52,Finished
2016,10,British Grand Prix,silverstone,2016-07-10,massa,williams,12,11,11,0.0,51,+1 Lap
2016,10,British Grand Prix,silverstone,2016-07-10,button,mclaren,17,12,12,0.0,51,+1 Lap
2016,10,British Grand Prix,silverstone,2016-07-10,alonso,mclaren,9,13,13,0.0,51,+1 Lap
2016,10,British Grand Prix,silverstone,2016-07-10,bottas,williams,6,14,14,0.0,51,+1 Lap
2016,10,British Grand Prix,silverstone,2016-07-10,nasr,sauber,21,15,15,0.0,51,+1 Lap
2016,10,British Grand Prix,silverstone,2016-07-10,gutierrez,haas,14,16,16,0.0,51,+1 Lap
2016,10,British Grand Prix,silverstone,2016-07-10,kevin_magnussen,renault,16,17,17,0.0,49,Gearbox
2016,10,British Grand Prix,silverstone,2016-07-10,jolyon_palmer,renault,18,18,R,0.0,37,Gearbox
2016,10,British Grand Prix,silverstone,2016-07-10,haryanto,manor,19,19,R,0.0,24,Spun off
2016,10,British Grand Prix,silverstone,2016-07-10,grosjean,haas,13,20,R,0.0,17,Retired
2016,10,British Grand Prix,silverstone,2016-07-10,ericsson,sauber,22,21,R,0.0,11,Power Unit
2016,10,British Grand Prix,silverstone,2016-07-10,wehrlein,manor,20,22,R,0.0,6,Spun off
2016,11,Hungarian Grand Prix,hungaroring,2016-07-24,hamilton,mercedes,2,1,1,25.0,70,Finished
2016,11,Hungarian Grand Prix,hungaroring,2016-07-24,rosberg,mercedes,1,2,2,18.0,70,Finished
2016,11,Hungarian Grand Prix,hungaroring,2016-07-24,ricciardo,red_bull,3,3,3,15.0,70,Finished
2016,11,Hungarian Grand Prix,hungaroring,2016-07-24,vettel,ferrari,5,4,4,12.0,70,Finished
2016,11,Hungarian Grand Prix,hungaroring,2016-07-24,max_verstappen,red_bull,4,5,5,10.0,70,Finished
2016,11,Hungarian Grand Prix,hungaroring,2016-07-24,raikkonen,ferrari,14,6,6,8.0,70,Finished
2016,11,Hungarian Grand Prix,hungaroring,2016-07-24,alonso,mclaren,7,7,7,6.0,69,+1 Lap
2016,11,Hungarian Grand Prix,hungaroring,2016-07-24,sainz,toro_rosso,6,8,8,4.0,69,+1 Lap
2016,11,Hungarian Grand Prix,hungaroring,2016-07-24,bottas,williams,10,9,9,2.0,69,+1 Lap
2016,11,Hungarian Grand Prix,hungaroring,2016-07-24,hulkenberg,force_india,9,10,10,1.0,69,+1 Lap
2016,11,Hungarian Grand Prix,hungaroring,2016-07-24,perez,force_india,13,11,11,0.0,69,+1 Lap
2016,11,Hungarian Grand Prix,hungaroring,2016-07-24,jolyon_palmer,renault,17,12,12,0.0,69,+1 Lap
2016,11,Hungarian Grand Prix,hungaroring,2016-07-24,gutierrez,haas,15,13,13,0.0,69,+1 Lap
2016,11,Hungarian Grand Prix,hungaroring,2016-07-24,grosjean,haas,11,14,14,0.0,69,+1 Lap
2016,11,Hungarian Grand Prix,hungaroring,2016-07-24,kevin_magnussen,renault,19,15,15,0.0,69,+1 Lap
2016,11,Hungarian Grand Prix,hungaroring,2016-07-24,kvyat,toro_rosso,12,16,16,0.0,69,+1 Lap
2016,11,Hungarian Grand Prix,hungaroring,2016-07-24,nasr,sauber,16,17,17,0.0,69,+1 Lap
2016,11,Hungarian Grand Prix,hungaroring,2016-07-24,massa,williams,18,18,18,0.0,68,+2 Laps
2016,11,Hungarian Grand Prix,hungaroring,2016-07-24,wehrlein,manor,20,19,19,0.0,68,+2 Laps
2016,11,Hungarian Grand Prix,hungaroring,2016-07-24,ericsson,sauber,22,20,20,0.0,68,+2 Laps
2016,11,Hungarian Grand Prix,hungaroring,2016-07-24,haryanto,manor,21,21,21,0.0,68,+2 Laps
2016,11,Hungarian Grand Prix,hungaroring,2016-07-24,button,mclaren,8,22,R,0.0,60,Oil leak
2016,12,German Grand Prix,hockenheimring,2016-07-31,hamilton,mercedes,2,1,1,25.0,67,Finished
2016,12,German Grand Prix,hockenheimring,2016-07-31,ricciardo,red_bull,3,2,2,18.0,67,Finished
2016,12,German Grand Prix,hockenheimring,2016-07-31,max_verstappen,red_bull,4,3,3,15.0,67,Finished
2016,12,German Grand Prix,hockenheimring,2016-07-31,rosberg,mercedes,1,4,4,12.0,67,Finished
2016,12,German Grand Prix,hockenheimring,2016-07-31,vettel,ferrari,6,5,5,10.0,67,Finished
2016,12,German Grand Prix,hockenheimring,2016-07-31,raikkonen,ferrari,5,6,6,8.0,67,Finished
2016,12,German Grand Prix,hockenheimring,2016-07-31,hulkenberg,force_india,8,7,7,6.0,67,Finished
2016,12,German Grand Prix,hockenheimring,2016-07-31,button,mclaren,12,8,8,4.0,66,+1 Lap
2016,12,German Grand Prix,hockenheimring,2016-07-31,bottas,williams,7,9,9,2.0,66,+1 Lap
2016,12,German Grand Prix,hockenheimring,2016-07-31,perez,force_india,9,10,10,1.0,66,+1 Lap
2016,12,German Grand Prix,hockenheimring,2016-07-31,gutierrez,haas,11,11,11,0.0,66,+1 Lap
2016,12,German Grand Prix,hockenheimring,2016-07-31,alonso,mclaren,13,12,12,0.0,66,+1 Lap
2016,12,German Grand Prix,hockenheimring,2016-07-31,grosjean,haas,20,13,13,0.0,66,+1 Lap
2016,12,German Grand Prix,hockenheimring,2016-07-31,sainz,toro_rosso,15,14,14,0.0,66,+1 Lap
2016,12,German Grand Prix,hockenheimring,2016-07-31,kvyat,toro_rosso,18,15,15,0.0,66,+1 Lap
2016,12,German Grand Prix,hockenheimring,2016-07-31,kevin_magnussen,renault,16,16,16,0.0,66,+1 Lap
2016,12,German Grand Prix,hockenheimring,2016-07-31,wehrlein,manor,17,17,17,0.0,65,+2 Laps
2016,12,German Grand Prix,hockenheimring,2016-07-31,ericsson,sauber,22,18,18,0.0,65,+2 Laps
2016,12,German Grand Prix,hockenheimring,2016-07-31,jolyon_palmer,renault,14,19,19,0.0,65,+2 Laps
2016,12,German Grand Prix,hockenheimring,2016-07-31,haryanto,manor,19,20,20,0.0,65,+2 Laps
2016,12,German Grand Prix,hockenheimring,2016-07-31,nasr,sauber,21,21,R,0.0,57,Power Unit
2016,12,German Grand Prix,hockenheimring,2016-07-31,massa,williams,10,22,R,0.0,36,Suspension
2016,13,Belgian Grand Prix,spa,2016-08-28,rosberg,mercedes,1,1,1,25.0,44,Finished
2016,13,Belgian Grand Prix,spa,2016-08-28,ricciardo,red_bull,5,2,2,18.0,44,Finished
2016,13,Belgian Grand Prix,spa,2016-08-28,hamilton,mercedes,21,3,3,15.0,44,Finished
2016,13,Belgian Grand Prix,spa,2016-08-28,hulkenberg,force_india,7,4,4,12.0,44,Finished
2016,13,Belgian Grand Prix,spa,2016-08-28,perez,force_india,6,5,5,10.0,44,Finished
2016,13,Belgian Grand Prix,spa,2016-08-28,vettel,ferrari,4,6,6,8.0,44,Finished
2016,13,Belgian Grand Prix,spa,2016-08-28,alonso,mclaren,22,7,7,6.0,44,Finished
2016,13,Belgian Grand Prix,spa,2016-08-28,bottas,williams,8,8,8,4.0,44,Finished
2016,13,Belgian Grand Prix,spa,2016-08-28,raikkonen,ferrari,3,9,9,2.0,44,Finished
2016,13,Belgian Grand Prix,spa,2016-08-28,massa,williams,10,10,10,1.0,44,Finished
2016,13,Belgian Grand Prix,spa,2016-08-28,max_verstappen,red_bull,2,11,11,0.0,44,Finished
2016,13,Belgian Grand Prix,spa,2016-08-28,gutierrez,haas,18,12,12,0.0,44,Finished
2016,13,Belgian Grand Prix,spa,2016-08-28,grosjean,haas,11,13,13,0.0,44,Finished
2016,13,Belgian Grand Prix,spa,2016-08-28,kvyat,toro_rosso,19,14,14,0.0,44,Finished
2016,13,Belgian Grand Prix,spa,2016-08-28,jolyon_palmer,renault,13,15,15,0.0,44,Finished
2016,13,Belgian Grand Prix,spa,2016-08-28,ocon,manor,17,16,16,0.0,43,+1 Lap
2016,13,Belgian Grand Prix,spa,2016-08-28,nasr,sauber,16,17,17,0.0,43,+1 Lap
2016,13,Belgian Grand Prix,spa,2016-08-28,kevin_magnussen,renault,12,18,R,0.0,5,Accident
2016,13,Belgian Grand Prix,spa,2016-08-28,ericsson,sauber,20,19,R,0.0,3,Gearbox
2016,13,Belgian Grand Prix,spa,2016-08-28,sainz,toro_rosso,14,20,R,0.0,1,Puncture
2016,13,Belgian Grand Prix,spa,2016-08-28,button,mclaren,9,21,R,0.0,1,Collision damage
2016,13,Belgian Grand Prix,spa,2016-08-28,wehrlein,manor,15,22,R,0.0,0,Collision damage
2016,14,Italian Grand Prix,monza,2016-09-04,rosberg,mercedes,2,1,1,25.0,53,Finished
2016,14,Italian Grand Prix,monza,2016-09-04,hamilton,mercedes,1,2,2,18.0,53,Finished
2016,14,Italian Grand Prix,monza,2016-09-04,vettel,ferrari,3,3,3,15.0,53,Finished
2016,14,Italian Grand Prix,monza,2016-09-04,raikkonen,ferrari,4,4,4,12.0,53,Finished
2016,14,Italian Grand Prix,monza,2016-09-04,ricciardo,red_bull,6,5,5,10.0,53,Finished
2016,14,Italian Grand Prix,monza,2016-09-04,bottas,williams,5,6,6,8.0,53,Finished
2016,14,Italian Grand Prix,monza,2016-09-04,max_verstappen,red_bull,7,7,7,6.0,53,Finished
2016,14,Italian Grand Prix,monza,2016-09-04,perez,force_india,8,8,8,4.0,53,Finished
2016,14,Italian Grand Prix,monza,2016-09-04,massa,williams,11,9,9,2.0,53,Finished
2016,14,Italian Grand Prix,monza,2016-09-04,hulkenberg,force_india,9,10,10,1.0,53,Finished
2016,14,Italian Grand Prix,monza,2016-09-04,grosjean,haas,17,11,11,0.0,52,+1 Lap
2016,14,Italian Grand Prix,monza,2016-09-04,button,mclaren,14,12,12,0.0,52,+1 Lap
2016,14,Italian Grand Prix,monza,2016-09-04,gutierrez,haas,10,13,13,0.0,52,+1 Lap
2016,14,Italian Grand Prix,monza,2016-09-04,alonso,mclaren,12,14,14,0.0,52,+1 Lap
2016,14,Italian Grand Prix,monza,2016-09-04,sainz,toro_rosso,15,15,15,0.0,52,+1 Lap
2016,14,Italian Grand Prix,monza,2016-09-04,ericsson,sauber,19,16,16,0.0,52,+1 Lap
2016,14,Italian Grand Prix,monza,2016-09-04,kevin_magnussen,renault,21,17,17,0.0,52,+1 Lap
2016,14,Italian Grand Prix,monza,2016-09-04,ocon,manor,22,18,18,0.0,51,+2 Laps
2016,14,Italian Grand Prix,monza,2016-09-04,kvyat,toro_rosso,16,19,R,0.0,36,Battery
2016,14,Italian Grand Prix,monza,2016-09-04,wehrlein,manor,13,20,R,0.0,26,Oil leak
2016,14,Italian Grand Prix,monza,2016-09-04,jolyon_palmer,renault,20,21,R,0.0,7,Collision damage
2016,14,Italian Grand Prix,monza,2016-09-04,nasr,sauber,18,22,R,0.0,6,Collision damage
2016,15,Singapore Grand Prix,marina_bay,2016-09-18,rosberg,mercedes,1,1,1,25.0,61,Finished
2016,15,Singapore Grand Prix,marina_bay,2016-09-18,ricciardo,red_bull,2,2,2,18.0,61,Finished
2016,15,Singapore Grand Prix,marina_bay,2016-09-18,hamilton,mercedes,3,3,3,15.0,61,Finished
2016,15,Singapore Grand Prix,marina_bay,2016-09-18,raikkonen,ferrari,5,4,4,12.0,61,Finished
2016,15,Singapore Grand Prix,marina_bay,2016-09-18,vettel,ferrari,22,5,5,10.0,61,Finished
2016,15,Singapore Grand Prix,marina_bay,2016-09-18,max_verstappen,red_bull,4,6,6,8.0,61,Finished
2016,15,Singapore Grand Prix,marina_bay,2016-09-18,alonso,mclaren,9,7,7,6.0,61,Finished
2016,15,Singapore Grand Prix,marina_bay,2016-09-18,perez,force_india,17,8,8,4.0,61,Finished
2016,15,Singapore Grand Prix,marina_bay,2016-09-18,kvyat,toro_rosso,7,9,9,2.0,61,Finished
2016,15,Singapore Grand Prix,marina_bay,2016-09-18,kevin_magnussen,renault,15,10,10,1.0,61,Finished
2016,15,Singapore Grand Prix,marina_bay,2016-09-18,gutierrez,haas,13,11,11,0.0,60,+1 Lap
2016,15,Singapore Grand Prix,marina_bay,2016-09-18,massa,williams,11,12,12,0.0,60,+1 Lap
2016,15,Singapore Grand Prix,marina_bay,2016-09-18,nasr,sauber,16,13,13,0.0,60,+1 Lap
2016,15,Singapore Grand Prix,marina_bay,2016-09-18,sainz,toro_rosso,6,14,14,0.0,60,+1 Lap
2016,15,Singapore Grand Prix,marina_bay,2016-09-18,jolyon_palmer,renault,18,15,15,0.0,60,+1 Lap
2016,15,Singapore Grand Prix,marina_bay,2016-09-18,wehrlein,manor,19,16,16,0.0,60,+1 Lap
2016,15,Singapore Grand Prix,marina_bay,2016-09-18,ericsson,sauber,14,17,17,0.0,60,+1 Lap
2016,15,Singapore Grand Prix,marina_bay,2016-09-18,ocon,manor,21,18,18,0.0,59,+2 Laps
2016,15,Singapore Grand Prix,marina_bay,2016-09-18,button,mclaren,12,19,R,0.0,43,Brakes
2016,15,Singapore Grand Prix,marina_bay,2016-09-18,bottas,williams,10,20,R,0.0,35,Overheating
2016,15,Singapore Grand Prix,marina_bay,2016-09-18,hulkenberg,force_india,8,21,R,0.0,0,Collision
2016,15,Singapore Grand Prix,marina_bay,2016-09-18,grosjean,haas,20,22,W,0.0,0,Withdrew
2016,16,Malaysian Grand Prix,sepang,2016-10-02,ricciardo,red_bull,4,1,1,25.0,56,Finished
2016,16,Malaysian Grand Prix,sepang,2016-10-02,max_verstappen,red_bull,3,2,2,18.0,56,Finished
2016,16,Malaysian Grand Prix,sepang,2016-10-02,rosberg,mercedes,2,3,3,15.0,56,Finished
2016,16,Malaysian Grand Prix,sepang,2016-10-02,raikkonen,ferrari,6,4,4,12.0,56,Finished
2016,16,Malaysian Grand Prix,sepang,2016-10-02,bottas,williams,11,5,5,10.0,56,Finished
2016,16,Malaysian Grand Prix,sepang,2016-10-02,perez,force_india,7,6,6,8.0,56,Finished
2016,16,Malaysian Grand Prix,sepang,2016-10-02,alonso,mclaren,22,7,7,6.0,56,Finished
2016,16,Malaysian Grand Prix,sepang,2016-10-02,hulkenberg,force_india,8,8,8,4.0,56,Finished
2016,16,Malaysian Grand Prix,sepang,2016-10-02,button,mclaren,9,9,9,2.0,56,Finished
2016,16,Malaysian Grand Prix,sepang,2016-10-02,jolyon_palmer,renault,19,10,10,1.0,56,Finished
2016,16,Malaysian Grand Prix,sepang,2016-10-02,sainz,toro_rosso,16,11,11,0.0,56,Finished
2016,16,Malaysian Grand Prix,sepang,2016-10-02,ericsson,sauber,17,12,12,0.0,55,+1 Lap
2016,16,Malaysian Grand Prix,sepang,2016-10-02,massa,williams,10,13,13,0.0,55,+1 Lap
2016,16,Malaysian Grand Prix,sepang,2016-10-02,kvyat,toro_rosso,15,14,14,0.0,55,+1 Lap
2016,16,Malaysian Grand Prix,sepang,2016-10-02,wehrlein,manor,21,15,15,0.0,55,+1 Lap
2016,16,Malaysian Grand Prix,sepang,2016-10-02,ocon,manor,20,16,16,0.0,55,+1 Lap
2016,16,Malaysian Grand Prix,sepang,2016-10-02,nasr,sauber,18,17,R,0.0,46,Brakes
2016,16,Malaysian Grand Prix,sepang,2016-10-02,hamilton,mercedes,1,18,R,0.0,40,Engine
2016,16,Malaysian Grand Prix,sepang,2016-10-02,gutierrez,haas,13,19,R,0.0,39,Wheel nut
2016,16,Malaysian Grand Prix,sepang,2016-10-02,kevin_magnussen,renault,14,20,R,0.0,17,Power loss
2016,16,Malaysian Grand Prix,sepang,2016-10-02,grosjean,haas,12,21,R,0.0,7,Brakes
2016,16,Malaysian Grand Prix,sepang,2016-10-02,vettel,ferrari,5,22,R,0.0,0,Collision
2016,17,Japanese Grand Prix,suzuka,2016-10-09,rosberg,mercedes,1,1,1,25.0,53,Finished
2016,17,Japanese Grand Prix,suzuka,2016-10-09,max_verstappen,red_bull,3,2,2,18.0,53,Finished
2016,17,Japanese Grand Prix,suzuka,2016-10-09,hamilton,mercedes,2,3,3,15.0,53,Finished
2016,17,Japanese Grand Prix,suzuka,2016-10-09,vettel,ferrari,6,4,4,12.0,53,Finished
2016,17,Japanese Grand Prix,suzuka,2016-10-09,raikkonen,ferrari,8,5,5,10.0,53,Finished
2016,17,Japanese Grand Prix,suzuka,2016-10-09,ricciardo,red_bull,4,6,6,8.0,53,Finished
2016,17,Japanese Grand Prix,suzuka,2016-10-09,perez,force_india,5,7,7,6.0,53,Finished
2016,17,Japanese Grand Prix,suzuka,2016-10-09,hulkenberg,force_india,9,8,8,4.0,53,Finished
2016,17,Japanese Grand Prix,suzuka,2016-10-09,massa,williams,12,9,9,2.0,53,Finished
2016,17,Japanese Grand Prix,suzuka,2016-10-09,bottas,williams,11,10,10,1.0,53,Finished
2016,17,Japanese Grand Prix,suzuka,2016-10-09,grosjean,haas,7,11,11,0.0,53,Finished
2016,17,Japanese Grand Prix,suzuka,2016-10-09,jolyon_palmer,renault,16,12,12,0.0,52,+1 Lap
2016,17,Japanese Grand Prix,suzuka,2016-10-09,kvyat,toro_rosso,13,13,13,0.0,52,+1 Lap
2016,17,Japanese Grand Prix,suzuka,2016-10-09,kevin_magnussen,renault,17,14,14,0.0,52,+1 Lap
2016,17,Japanese Grand Prix,suzuka,2016-10-09,ericsson,sauber,18,15,15,0.0,52,+1 Lap
2016,17,Japanese Grand Prix,suzuka,2016-10-09,alonso,mclaren,15,16,16,0.0,52,+1 Lap
2016,17,Japanese Grand Prix,suzuka,2016-10-09,sainz,toro_rosso,14,17,17,0.0,52,+1 Lap
2016,17,Japanese Grand Prix,suzuka,2016-10-09,button,mclaren,22,18,18,0.0,52,+1 Lap
2016,17,Japanese Grand Prix,suzuka,2016-10-09,nasr,sauber,19,19,19,0.0,52,+1 Lap
2016,17,Japanese Grand Prix,suzuka,2016-10-09,gutierrez,haas,10,20,20,0.0,52,+1 Lap
2016,17,Japanese Grand Prix,suzuka,2016-10-09,ocon,manor,20,21,21,0.0,52,+1 Lap
2016,17,Japanese Grand Prix,suzuka,2016-10-09,wehrlein,manor,21,22,22,0.0,52,+1 Lap
2016,18,United States Grand Prix,americas,2016-10-23,hamilton,mercedes,1,1,1,25.0,56,Finished
2016,18,United States Grand Prix,americas,2016-10-23,rosberg,mercedes,2,2,2,18.0,56,Finished
2016,18,United States Grand Prix,americas,2016-10-23,ricciardo,red_bull,3,3,3,15.0,56,Finished
2016,18,United States Grand Prix,americas,2016-10-23,vettel,ferrari,6,4,4,12.0,56,Finished
2016,18,United States Grand Prix,americas,2016-10-23,alonso,mclaren,12,5,5,10.0,56,Finished
2016,18,United States Grand Prix,americas,2016-10-23,sainz,toro_rosso,10,6,6,8.0,56,Finished
2016,18,United States Grand Prix,americas,2016-10-23,massa,williams,9,7,7,6.0,55,+1 Lap
2016,18,United States Grand Prix,americas,2016-10-23,perez,force_india,11,8,8,4.0,55,+1 Lap
2016,18,United States Grand Prix,americas,2016-10-23,button,mclaren,19,9,9,2.0,55,+1 Lap
2016,18,United States Grand Prix,americas,2016-10-23,grosjean,haas,17,10,10,1.0,55,+1 Lap
2016,18,United States Grand Prix,americas,2016-10-23,kvyat,toro_rosso,13,11,11,0.0,55,+1 Lap
2016,18,United States Grand Prix,americas,2016-10-23,kevin_magnussen,renault,18,12,12,0.0,55,+1 Lap
2016,18,United States Grand Prix,americas,2016-10-23,jolyon_palmer,renault,15,13,13,0.0,55,+1 Lap
2016,18,United States Grand Prix,americas,2016-10-23,ericsson,sauber,16,14,14,0.0,55,+1 Lap
2016,18,United States Grand Prix,americas,2016-10-23,nasr,sauber,21,15,15,0.0,55,+1 Lap
2016,18,United States Grand Prix,americas,2016-10-23,bottas,williams,8,16,16,0.0,55,+1 Lap
2016,18,United States Grand Prix,americas,2016-10-23,wehrlein,manor,20,17,17,0.0,55,+1 Lap
2016,18,United States Grand Prix,americas,2016-10-23,ocon,manor,22,18,18,0.0,54,+2 Laps
2016,18,United States Grand Prix,americas,2016-10-23,raikkonen,ferrari,5,19,R,0.0,38,Wheel
2016,18,United States Grand Prix,americas,2016-10-23,max_verstappen,red_bull,4,20,R,0.0,28,Gearbox
2016,18,United States Grand Prix,americas,2016-10-23,gutierrez,haas,14,21,R,0.0,16,Brakes
2016,18,United States Grand Prix,americas,2016-10-23,hulkenberg,force_india,7,22,R,0.0,1,Collision
2016,19,Mexican Grand Prix,rodriguez,2016-10-30,hamilton,mercedes,1,1,1,25.0,71,Finished
2016,19,Mexican Grand Prix,rodriguez,2016-10-30,rosberg,mercedes,2,2,2,18.0,71,Finished
2016,19,Mexican Grand Prix,rodriguez,2016-10-30,ricciardo,red_bull,4,3,3,15.0,71,Finished
2016,19,Mexican Grand Prix,rodriguez,2016-10-30,max_verstappen,red_bull,3,4,4,12.0,71,Finished
2016,19,Mexican Grand Prix,rodriguez,2016-10-30,vettel,ferrari,7,5,5,10.0,71,Finished
2016,19,Mexican Grand Prix,rodriguez,2016-10-30,raikkonen,ferrari,6,6,6,8.0,71,Finished
2016,19,Mexican Grand Prix,rodriguez,2016-10-30,hulkenberg,force_india,5,7,7,6.0,71,Finished
2016,19,Mexican Grand Prix,rodriguez,2016-10-30,bottas,williams,8,8,8,4.0,71,Finished
2016,19,Mexican Grand Prix,rodriguez,2016-10-30,massa,williams,9,9,9,2.0,71,Finished
2016,19,Mexican Grand Prix,rodriguez,2016-10-30,perez,force_india,12,10,10,1.0,71,Finished
2016,19,Mexican Grand Prix,rodriguez,2016-10-30,ericsson,sauber,15,11,11,0.0,70,+1 Lap
2016,19,Mexican Grand Prix,rodriguez,2016-10-30,button,mclaren,13,12,12,0.0,70,+1 Lap
2016,19,Mexican Grand Prix,rodriguez,2016-10-30,alonso,mclaren,11,13,13,0.0,70,+1 Lap
2016,19,Mexican Grand Prix,rodriguez,2016-10-30,jolyon_palmer,renault,21,14,14,0.0,70,+1 Lap
2016,19,Mexican Grand Prix,rodriguez,2016-10-30,nasr,sauber,19,15,15,0.0,70,+1 Lap
2016,19,Mexican Grand Prix,rodriguez,2016-10-30,sainz,toro_rosso,10,16,16,0.0,70,+1 Lap
2016,19,Mexican Grand Prix,rodriguez,2016-10-30,kevin_magnussen,renault,14,17,17,0.0,70,+1 Lap
2016,19,Mexican Grand Prix,rodriguez,2016-10-30,kvyat,toro_rosso,18,18,18,0.0,70,+1 Lap
2016,19,Mexican Grand Prix,rodriguez,2016-10-30,gutierrez,haas,17,19,19,0.0,70,+1 Lap
2016,19,Mexican Grand Prix,rodriguez,2016-10-30,grosjean,haas,22,20,20,0.0,70,+1 Lap
2016,19,Mexican Grand Prix,rodriguez,2016-10-30,ocon,manor,20,21,21,0.0,69,+2 Laps
2016,19,Mexican Grand Prix,rodriguez,2016-10-30,wehrlein,manor,16,22,R,0.0,0,Collision
2016,20,Brazilian Grand Prix,interlagos,2016-11-13,hamilton,mercedes,1,1,1,25.0,71,Finished
2016,20,Brazilian Grand Prix,interlagos,2016-11-13,rosberg,mercedes,2,2,2,18.0,71,Finished
2016,20,Brazilian Grand Prix,interlagos,2016-11-13,max_verstappen,red_bull,4,3,3,15.0,71,Finished
2016,20,Brazilian Grand Prix,interlagos,2016-11-13,perez,force_india,9,4,4,12.0,71,Finished
2016,20,Brazilian Grand Prix,interlagos,2016-11-13,vettel,ferrari,5,5,5,10.0,71,Finished
2016,20,Brazilian Grand Prix,interlagos,2016-11-13,sainz,toro_rosso,15,6,6,8.0,71,Finished
2016,20,Brazilian Grand Prix,interlagos,2016-11-13,hulkenberg,force_india,8,7,7,6.0,71,Finished
2016,20,Brazilian Grand Prix,interlagos,2016-11-13,ricciardo,red_bull,6,8,8,4.0,71,Finished
2016,20,Brazilian Grand Prix,interlagos,2016-11-13,nasr,sauber,21,9,9,2.0,71,Finished
2016,20,Brazilian Grand Prix,interlagos,2016-11-13,alonso,mclaren,10,10,10,1.0,71,Finished
2016,20,Brazilian Grand Prix,interlagos,2016-11-13,bottas,williams,11,11,11,0.0,71,Finished
2016,20,Brazilian Grand Prix,interlagos,2016-11-13,ocon,manor,22,12,12,0.0,71,Finished
2016,20,Brazilian Grand Prix,interlagos,2016-11-13,kvyat,toro_rosso,14,13,13,0.0,71,Finished
2016,20,Brazilian Grand Prix,interlagos,2016-11-13,kevin_magnussen,renault,18,14,14,0.0,71,Finished
2016,20,Brazilian Grand Prix,interlagos,2016-11-13,wehrlein,manor,19,15,15,0.0,71,Finished
2016,20,Brazilian Grand Prix,interlagos,2016-11-13,button,mclaren,17,16,16,0.0,71,Finished
2016,20,Brazilian Grand Prix,interlagos,2016-11-13,gutierrez,haas,12,17,R,0.0,60,Retired
2016,20,Brazilian Grand Prix,interlagos,2016-11-13,massa,williams,13,18,R,0.0,46,Collision
2016,20,Brazilian Grand Prix,interlagos,2016-11-13,jolyon_palmer,renault,16,19,R,0.0,20,Collision damage
2016,20,Brazilian Grand Prix,interlagos,2016-11-13,raikkonen,ferrari,3,20,R,0.0,19,Collision
2016,20,Brazilian Grand Prix,interlagos,2016-11-13,ericsson,sauber,20,21,R,0.0,11,Collision
2016,20,Brazilian Grand Prix,interlagos,2016-11-13,grosjean,haas,7,22,W,0.0,0,Withdrew
2016,21,Abu Dhabi Grand Prix,yas_marina,2016-11-27,hamilton,mercedes,1,1,1,25.0,55,Finished
2016,21,Abu Dhabi Grand Prix,yas_marina,2016-11-27,rosberg,mercedes,2,2,2,18.0,55,Finished
2016,21,Abu Dhabi Grand Prix,yas_marina,2016-11-27,vettel,ferrari,5,3,3,15.0,55,Finished
2016,21,Abu Dhabi Grand Prix,yas_marina,2016-11-27,max_verstappen,red_bull,6,4,4,12.0,55,Finished
2016,21,Abu Dhabi Grand Prix,yas_marina,2016-11-27,ricciardo,red_bull,3,5,5,10.0,55,Finished
2016,21,Abu Dhabi Grand Prix,yas_marina,2016-11-27,raikkonen,ferrari,4,6,6,8.0,55,Finished
2016,21,Abu Dhabi Grand Prix,yas_marina,2016-11-27,hulkenberg,force_india,7,7,7,6.0,55,Finished
2016,21,Abu Dhabi Grand Prix,yas_marina,2016-11-27,perez,force_india,8,8,8,4.0,55,Finished
2016,21,Abu Dhabi Grand Prix,yas_marina,2016-11-27,massa,williams,10,9,9,2.0,55,Finished
2016,21,Abu Dhabi Grand Prix,yas_marina,2016-11-27,alonso,mclaren,9,10,10,1.0,55,Finished
2016,21,Abu Dhabi Grand Prix,yas_marina,2016-11-27,grosjean,haas,14,11,11,0.0,55,Finished
2016,21,Abu Dhabi Grand Prix,yas_marina,2016-11-27,gutierrez,haas,13,12,12,0.0,55,Finished
2016,21,Abu Dhabi Grand Prix,yas_marina,2016-11-27,ocon,manor,20,13,13,0.0,54,+1 Lap
2016,21,Abu Dhabi Grand Prix,yas_marina,2016-11-27,wehrlein,manor,16,14,14,0.0,54,+1 Lap
2016,21,Abu Dhabi Grand Prix,yas_marina,2016-11-27,ericsson,sauber,22,15,15,0.0,54,+1 Lap
2016,21,Abu Dhabi Grand Prix,yas_marina,2016-11-27,nasr,sauber,19,16,16,0.0,54,+1 Lap
2016,21,Abu Dhabi Grand Prix,yas_marina,2016-11-27,jolyon_palmer,renault,15,17,17,0.0,54,+1 Lap
2016,21,Abu Dhabi Grand Prix,yas_marina,2016-11-27,sainz,toro_rosso,21,18,R,0.0,41,Collision damage
2016,21,Abu Dhabi Grand Prix,yas_marina,2016-11-27,kvyat,toro_rosso,17,19,R,0.0,14,Gearbox
2016,21,Abu Dhabi Grand Prix,yas_marina,2016-11-27,button,mclaren,12,20,R,0.0,12,Suspension
2016,21,Abu Dhabi Grand Prix,yas_marina,2016-11-27,bottas,williams,11,21,R,0.0,6,Suspension
2016,21,Abu Dhabi Grand Prix,yas_marina,2016-11-27,kevin_magnussen,renault,18,22,R,0.0,5,Suspension
2017,1,Australian Grand Prix,albert_park,2017-03-26,vettel,ferrari,2,1,1,25.0,57,Finished
2017,1,Australian Grand Prix,albert_park,2017-03-26,hamilton,mercedes,1,2,2,18.0,57,Finished
2017,1,Australian Grand Prix,albert_park,2017-03-26,bottas,mercedes,3,3,3,15.0,57,Finished
2017,1,Australian Grand Prix,albert_park,2017-03-26,raikkonen,ferrari,4,4,4,12.0,57,Finished
2017,1,Australian Grand Prix,albert_park,2017-03-26,max_verstappen,red_bull,5,5,5,10.0,57,Finished
2017,1,Australian Grand Prix,albert_park,2017-03-26,massa,williams,7,6,6,8.0,57,Finished
2017,1,Australian Grand Prix,albert_park,2017-03-26,perez,force_india,10,7,7,6.0,56,+1 Lap
2017,1,Australian Grand Prix,albert_park,2017-03-26,sainz,toro_rosso,8,8,8,4.0,56,+1 Lap
2017,1,Australian Grand Prix,albert_park,2017-03-26,kvyat,toro_rosso,9,9,9,2.0,56,+1 Lap
2017,1,Australian Grand Prix,albert_park,2017-03-26,ocon,force_india,13,10,10,1.0,56,+1 Lap
2017,1,Australian Grand Prix,albert_park,2017-03-26,hulkenberg,renault,11,11,11,0.0,56,+1 Lap
2017,1,Australian Grand Prix,albert_park,2017-03-26,giovinazzi,sauber,16,12,12,0.0,55,+2 Laps
2017,1,Australian Grand Prix,albert_park,2017-03-26,vandoorne,mclaren,18,13,13,0.0,55,+2 Laps
2017,1,Australian Grand Prix,albert_park,2017-03-26,alonso,mclaren,12,14,R,0.0,50,Vibrations
2017,1,Australian Grand Prix,albert_park,2017-03-26,kevin_magnussen,haas,17,15,R,0.0,46,Suspension
2017,1,Australian Grand Prix,albert_park,2017-03-26,stroll,williams,20,16,R,0.0,40,Brakes
2017,1,Australian Grand Prix,albert_park,2017-03-26,ricciardo,red_bull,0,17,R,0.0,25,Power Unit
2017,1,Australian Grand Prix,albert_park,2017-03-26,ericsson,sauber,14,18,R,0.0,21,Hydraulics
2017,1,Australian Grand Prix,albert_park,2017-03-26,jolyon_palmer,renault,19,19,R,0.0,15,Brakes
2017,1,Australian Grand Prix,albert_park,2017-03-26,grosjean,haas,6,20,R,0.0,13,Water leak
2017,2,Chinese Grand Prix,shanghai,2017-04-09,hamilton,mercedes,1,1,1,25.0,56,Finished
2017,2,Chinese Grand Prix,shanghai,2017-04-09,vettel,ferrari,2,2,2,18.0,56,Finished
2017,2,Chinese Grand Prix,shanghai,2017-04-09,max_verstappen,red_bull,16,3,3,15.0,56,Finished
2017,2,Chinese Grand Prix,shanghai,2017-04-09,ricciardo,red_bull,5,4,4,12.0,56,Finished
2017,2,Chinese Grand Prix,shanghai,2017-04-09,raikkonen,ferrari,4,5,5,10.0,56,Finished
2017,2,Chinese Grand Prix,shanghai,2017-04-09,bottas,mercedes,3,6,6,8.0,56,Finished
2017,2,Chinese Grand Prix,shanghai,2017-04-09,sainz,toro_rosso,11,7,7,6.0,56,Finished
2017,2,Chinese Grand Prix,shanghai,2017-04-09,kevin_magnussen,haas,12,8,8,4.0,55,+1 Lap
2017,2,Chinese Grand Prix,shanghai,2017-04-09,perez,force_india,8,9,9,2.0,55,+1 Lap
2017,2,Chinese Grand Prix,shanghai,2017-04-09,ocon,force_india,17,10,10,1.0,55,+1 Lap
2017,2,Chinese Grand Prix,shanghai,2017-04-09,grosjean,haas,19,11,11,0.0,55,+1 Lap
2017,2,Chinese Grand Prix,shanghai,2017-04-09,hulkenberg,renault,7,12,12,0.0,55,+1 Lap
2017,2,Chinese Grand Prix,shanghai,2017-04-09,jolyon_palmer,renault,20,13,13,0.0,55,+1 Lap
2017,2,Chinese Grand Prix,shanghai,2017-04-09,massa,williams,6,14,14,0.0,55,+1 Lap
2017,2,Chinese Grand Prix,shanghai,2017-04-09,ericsson,sauber,14,15,15,0.0,55,+1 Lap
2017,2,Chinese Grand Prix,shanghai,2017-04-09,alonso,mclaren,13,16,R,0.0,33,Driveshaft
2017,2,Chinese Grand Prix,shanghai,2017-04-09,kvyat,toro_rosso,9,17,R,0.0,18,Hydraulics
2017,2,Chinese Grand Prix,shanghai,2017-04-09,vandoorne,mclaren,15,18,R,0.0,17,Fuel pressure
2017,2,Chinese Grand Prix,shanghai,2017-04-09,giovinazzi,sauber,18,19,R,0.0,3,Accident
2017,2,Chinese Grand Prix,shanghai,2017-04-09,stroll,williams,10,20,R,0.0,0,Collision
2017,3,Bahrain Grand Prix,bahrain,2017-04-16,vettel,ferrari,3,1,1,25.0,57,Finished
2017,3,Bahrain Grand Prix,bahrain,2017-04-16,hamilton,mercedes,2,2,2,18.0,57,Finished
2017,3,Bahrain Grand Prix,bahrain,2017-04-16,bottas,mercedes,1,3,3,15.0,57,Finished
2017,3,Bahrain Grand Prix,bahrain,2017-04-16,raikkonen,ferrari,5,4,4,12.0,57,Finished
2017,3,Bahrain Grand Prix,bahrain,2017-04-16,ricciardo,red_bull,4,5,5,10.0,57,Finished
2017,3,Bahrain Grand Prix,bahrain,2017-04-16,massa,williams,8,6,6,8.0,57,Finished
2017,3,Bahrain Grand Prix,bahrain,2017-04-16,perez,force_india,18,7,7,6.0,57,Finished
2017,3,Bahrain Grand Prix,bahrain,2017-04-16,grosjean,haas,9,8,8,4.0,57,Finished
2017,3,Bahrain Grand Prix,bahrain,2017-04-16,hulkenberg,renault,7,9,9,2.0,57,Finished
2017,3,Bahrain Grand Prix,bahrain,2017-04-16,ocon,force_india,14,10,10,1.0,57,Finished
2017,3,Bahrain Grand Prix,bahrain,2017-04-16,wehrlein,sauber,13,11,11,0.0,56,+1 Lap
2017,3,Bahrain Grand Prix,bahrain,2017-04-16,kvyat,toro_rosso,11,12,12,0.0,56,+1 Lap
2017,3,Bahrain Grand Prix,bahrain,2017-04-16,jolyon_palmer,renault,10,13,13,0.0,56,+1 Lap
2017,3,Bahrain Grand Prix,bahrain,2017-04-16,alonso,mclaren,15,14,14,0.0,54,Power Unit
2017,3,Bahrain Grand Prix,bahrain,2017-04-16,ericsson,sauber,19,15,R,0.0,50,Gearbox
2017,3,Bahrain Grand Prix,bahrain,2017-04-16,sainz,toro_rosso,16,16,R,0.0,12,Collision
2017,3,Bahrain Grand Prix,bahrain,2017-04-16,stroll,williams,12,17,R,0.0,12,Collision
2017,3,Bahrain Grand Prix,bahrain,2017-04-16,max_verstappen,red_bull,6,18,R,0.0,11,Brakes
2017,3,Bahrain Grand Prix,bahrain,2017-04-16,kevin_magnussen,haas,20,19,R,0.0,8,Electrical
2017,3,Bahrain Grand Prix,bahrain,2017-04-16,vandoorne,mclaren,17,20,R,0.0,0,Power Unit
2017,4,Russian Grand Prix,sochi,2017-04-30,bottas,mercedes,3,1,1,25.0,52,Finished
2017,4,Russian Grand Prix,sochi,2017-04-30,vettel,ferrari,1,2,2,18.0,52,Finished
2017,4,Russian Grand Prix,sochi,2017-04-30,raikkonen,ferrari,2,3,3,15.0,52,Finished
2017,4,Russian Grand Prix,sochi,2017-04-30,hamilton,mercedes,4,4,4,12.0,52,Finished
2017,4,Russian Grand Prix,sochi,2017-04-30,max_verstappen,red_bull,7,5,5,10.0,52,Finished
2017,4,Russian Grand Prix,sochi,2017-04-30,perez,force_india,9,6,6,8.0,52,Finished
2017,4,Russian Grand Prix,sochi,2017-04-30,ocon,force_india,10,7,7,6.0,52,Finished
2017,4,Russian Grand Prix,sochi,2017-04-30,hulkenberg,renault,8,8,8,4.0,52,Finished
2017,4,Russian Grand Prix,sochi,2017-04-30,massa,williams,6,9,9,2.0,51,+1 Lap
2017,4,Russian Grand Prix,sochi,2017-04-30,sainz,toro_rosso,14,10,10,1.0,51,+1 Lap
2017,4,Russian Grand Prix,sochi,2017-04-30,stroll,williams,11,11,11,0.0,51,+1 Lap
2017,4,Russian Grand Prix,sochi,2017-04-30,kvyat,toro_rosso,12,12,12,0.0,51,+1 Lap
2017,4,Russian Grand Prix,sochi,2017-04-30,kevin_magnussen,haas,13,13,13,0.0,51,+1 Lap
2017,4,Russian Grand Prix,sochi,2017-04-30,vandoorne,mclaren,20,14,14,0.0,51,+1 Lap
2017,4,Russian Grand Prix,sochi,2017-04-30,ericsson,sauber,18,15,15,0.0,51,+1 Lap
2017,4,Russian Grand Prix,sochi,2017-04-30,wehrlein,sauber,17,16,16,0.0,50,+2 Laps
2017,4,Russian Grand Prix,sochi,2017-04-30,ricciardo,red_bull,5,17,R,0.0,5,Brakes
2017,4,Russian Grand Prix,sochi,2017-04-30,jolyon_palmer,renault,16,18,R,0.0,0,Collision
2017,4,Russian Grand Prix,sochi,2017-04-30,grosjean,haas,19,19,R,0.0,0,Collision
2017,4,Russian Grand Prix,sochi,2017-04-30,alonso,mclaren,15,20,W,0.0,0,Power Unit
2017,5,Spanish Grand Prix,catalunya,2017-05-14,hamilton,mercedes,1,1,1,25.0,66,Finished
2017,5,Spanish Grand Prix,catalunya,2017-05-14,vettel,ferrari,2,2,2,18.0,66,Finished
2017,5,Spanish Grand Prix,catalunya,2017-05-14,ricciardo,red_bull,6,3,3,15.0,66,Finished
2017,5,Spanish Grand Prix,catalunya,2017-05-14,perez,force_india,8,4,4,12.0,65,+1 Lap
2017,5,Spanish Grand Prix,catalunya,2017-05-14,ocon,force_india,10,5,5,10.0,65,+1 Lap
2017,5,Spanish Grand Prix,catalunya,2017-05-14,hulkenberg,renault,13,6,6,8.0,65,+1 Lap
2017,5,Spanish Grand Prix,catalunya,2017-05-14,sainz,toro_rosso,12,7,7,6.0,65,+1 Lap
2017,5,Spanish Grand Prix,catalunya,2017-05-14,wehrlein,sauber,15,8,8,4.0,65,+1 Lap
2017,5,Spanish Grand Prix,catalunya,2017-05-14,kvyat,toro_rosso,19,9,9,2.0,65,+1 Lap
2017,5,Spanish Grand Prix,catalunya,2017-05-14,grosjean,haas,14,10,10,1.0,65,+1 Lap
2017,5,Spanish Grand Prix,catalunya,2017-05-14,ericsson,sauber,16,11,11,0.0,64,+2 Laps
2017,5,Spanish Grand Prix,catalunya,2017-05-14,alonso,mclaren,7,12,12,0.0,64,+2 Laps
2017,5,Spanish Grand Prix,catalunya,2017-05-14,massa,williams,9,13,13,0.0,64,+2 Laps
2017,5,Spanish Grand Prix,catalunya,2017-05-14,kevin_magnussen,haas,11,14,14,0.0,64,+2 Laps
2017,5,Spanish Grand Prix,catalunya,2017-05-14,jolyon_palmer,renault,17,15,15,0.0,64,+2 Laps
2017,5,Spanish Grand Prix,catalunya,2017-05-14,stroll,williams,18,16,16,0.0,64,+2 Laps
2017,5,Spanish Grand Prix,catalunya,2017-05-14,bottas,mercedes,3,17,R,0.0,38,Power Unit
2017,5,Spanish Grand Prix,catalunya,2017-05-14,vandoorne,mclaren,20,18,R,0.0,32,Collision
2017,5,Spanish Grand Prix,catalunya,2017-05-14,max_verstappen,red_bull,5,19,R,0.0,1,Collision damage
2017,5,Spanish Grand Prix,catalunya,2017-05-14,raikkonen,ferrari,4,20,R,0.0,0,Collision damage
2017,6,Monaco Grand Prix,monaco,2017-05-28,vettel,ferrari,2,1,1,25.0,78,Finished
2017,6,Monaco Grand Prix,monaco,2017-05-28,raikkonen,ferrari,1,2,2,18.0,78,Finished
2017,6,Monaco Grand Prix,monaco,2017-05-28,ricciardo,red_bull,5,3,3,15.0,78,Finished
2017,6,Monaco Grand Prix,monaco,2017-05-28,bottas,mercedes,3,4,4,12.0,78,Finished
2017,6,Monaco Grand Prix,monaco,2017-05-28,max_verstappen,red_bull,4,5,5,10.0,78,Finished
2017,6,Monaco Grand Prix,monaco,2017-05-28,sainz,toro_rosso,6,6,6,8.0,78,Finished
2017,6,Monaco Grand Prix,monaco,2017-05-28,hamilton,mercedes,13,7,7,6.0,78,Finished
2017,6,Monaco Grand Prix,monaco,2017-05-28,grosjean,haas,8,8,8,4.0,78,Finished
2017,6,Monaco Grand Prix,monaco,2017-05-28,massa,williams,14,9,9,2.0,78,Finished
2017,6,Monaco Grand Prix,monaco,2017-05-28,kevin_magnussen,haas,11,10,10,1.0,78,Finished
2017,6,Monaco Grand Prix,monaco,2017-05-28,jolyon_palmer,renault,16,11,11,0.0,78,Finished
2017,6,Monaco Grand Prix,monaco,2017-05-28,ocon,force_india,15,12,12,0.0,78,Finished
2017,6,Monaco Grand Prix,monaco,2017-05-28,perez,force_india,7,13,13,0.0,78,Finished
2017,6,Monaco Grand Prix,monaco,2017-05-28,kvyat,toro_rosso,9,14,14,0.0,71,Collision damage
2017,6,Monaco Grand Prix,monaco,2017-05-28,stroll,williams,17,15,15,0.0,71,Brakes
2017,6,Monaco Grand Prix,monaco,2017-05-28,vandoorne,mclaren,12,16,R,0.0,66,Accident
2017,6,Monaco Grand Prix,monaco,2017-05-28,ericsson,sauber,19,17,R,0.0,63,Accident
2017,6,Monaco Grand Prix,monaco,2017-05-28,button,mclaren,20,18,R,0.0,57,Collision damage
2017,6,Monaco Grand Prix,monaco,2017-05-28,wehrlein,sauber,18,19,R,0.0,57,Collision
2017,6,Monaco Grand Prix,monaco,2017-05-28,hulkenberg,renault,10,20,R,0.0,15,Gearbox
2017,7,Canadian Grand Prix,villeneuve,2017-06-11,hamilton,mercedes,1,1,1,25.0,70,Finished
2017,7,Canadian Grand Prix,villeneuve,2017-06-11,bottas,mercedes,3,2,2,18.0,70,Finished
2017,7,Canadian Grand Prix,villeneuve,2017-06-11,ricciardo,red_bull,6,3,3,15.0,70,Finished
2017,7,Canadian Grand Prix,villeneuve,2017-06-11,vettel,ferrari,2,4,4,12.0,70,Finished
2017,7,Canadian Grand Prix,villeneuve,2017-06-11,perez,force_india,8,5,5,10.0,70,Finished
2017,7,Canadian Grand Prix,villeneuve,2017-06-11,ocon,force_india,9,6,6,8.0,70,Finished
2017,7,Canadian Grand Prix,villeneuve,2017-06-11,raikkonen,ferrari,4,7,7,6.0,70,Finished
2017,7,Canadian Grand Prix,villeneuve,2017-06-11,hulkenberg,renault,10,8,8,4.0,70,Finished
2017,7,Canadian Grand Prix,villeneuve,2017-06-11,stroll,williams,17,9,9,2.0,69,+1 Lap
2017,7,Canadian Grand Prix,villeneuve,2017-06-11,grosjean,haas,14,10,10,1.0,69,+1 Lap
2017,7,Canadian Grand Prix,villeneuve,2017-06-11,jolyon_palmer,renault,15,11,11,0.0,69,+1 Lap
2017,7,Canadian Grand Prix,villeneuve,2017-06-11,kevin_magnussen,haas,18,12,12,0.0,69,+1 Lap
2017,7,Canadian Grand Prix,villeneuve,2017-06-11,ericsson,sauber,19,13,13,0.0,69,+1 Lap
2017,7,Canadian Grand Prix,villeneuve,2017-06-11,vandoorne,mclaren,16,14,14,0.0,69,+1 Lap
2017,7,Canadian Grand Prix,villeneuve,2017-06-11,wehrlein,sauber,20,15,15,0.0,68,+2 Laps
2017,7,Canadian Grand Prix,villeneuve,2017-06-11,alonso,mclaren,12,16,16,0.0,66,Power Unit
2017,7,Canadian Grand Prix,villeneuve,2017-06-11,kvyat,toro_rosso,11,17,R,0.0,54,Power Unit
2017,7,Canadian Grand Prix,villeneuve,2017-06-11,max_verstappen,red_bull,5,18,R,0.0,10,Electrical
2017,7,Canadian Grand Prix,villeneuve,2017-06-11,massa,williams,7,19,R,0.0,0,Collision
2017,7,Canadian Grand Prix,villeneuve,2017-06-11,sainz,toro_rosso,13,20,R,0.0,0,Collision
2017,8,Azerbaijan Grand Prix,baku,2017-06-25,ricciardo,red_bull,10,1,1,25.0,51,Finished
2017,8,Azerbaijan Grand Prix,baku,2017-06-25,bottas,mercedes,2,2,2,18.0,51,Finished
2017,8,Azerbaijan Grand Prix,baku,2017-06-25,stroll,williams,8,3,3,15.0,51,Finished
2017,8,Azerbaijan Grand Prix,baku,2017-06-25,vettel,ferrari,4,4,4,12.0,51,Finished
2017,8,Azerbaijan Grand Prix,baku,2017-06-25,hamilton,mercedes,1,5,5,10.0,51,Finished
2017,8,Azerbaijan Grand Prix,baku,2017-06-25,ocon,force_india,7,6,6,8.0,51,Finished
2017,8,Azerbaijan Grand Prix,baku,2017-06-25,kevin_magnussen,haas,12,7,7,6.0,51,Finished
2017,8,Azerbaijan Grand Prix,baku,2017-06-25,sainz,toro_rosso,15,8,8,4.0,51,Finished
2017,8,Azerbaijan Grand Prix,baku,2017-06-25,alonso,mclaren,19,9,9,2.0,51,Finished
2017,8,Azerbaijan Grand Prix,baku,2017-06-25,wehrlein,sauber,14,10,10,1.0,51,Finished
2017,8,Azerbaijan Grand Prix,baku,2017-06-25,ericsson,sauber,17,11,11,0.0,51,Finished
2017,8,Azerbaijan Grand Prix,baku,2017-06-25,vandoorne,mclaren,18,12,12,0.0,51,Finished
2017,8,Azerbaijan Grand Prix,baku,2017-06-25,grosjean,haas,16,13,13,0.0,50,+1 Lap
2017,8,Azerbaijan Grand Prix,baku,2017-06-25,raikkonen,ferrari,3,14,14,0.0,46,Water pressure
2017,8,Azerbaijan Grand Prix,baku,2017-06-25,perez,force_india,6,15,R,0.0,39,Seat
2017,8,Azerbaijan Grand Prix,baku,2017-06-25,massa,williams,9,16,R,0.0,25,Suspension
2017,8,Azerbaijan Grand Prix,baku,2017-06-25,hulkenberg,renault,13,17,R,0.0,24,Accident
2017,8,Azerbaijan Grand Prix,baku,2017-06-25,max_verstappen,red_bull,5,18,R,0.0,12,Oil pressure
2017,8,Azerbaijan Grand Prix,baku,2017-06-25,kvyat,toro_rosso,11,19,R,0.0,9,Battery
2017,8,Azerbaijan Grand Prix,baku,2017-06-25,jolyon_palmer,renault,20,20,R,0.0,7,Power Unit
2017,9,Austrian Grand Prix,red_bull_ring,2017-07-09,bottas,mercedes,1,1,1,25.0,71,Finished
2017,9,Austrian Grand Prix,red_bull_ring,2017-07-09,vettel,ferrari,2,2,2,18.0,71,Finished
2017,9,Austrian Grand Prix,red_bull_ring,2017-07-09,ricciardo,red_bull,4,3,3,15.0,71,Finished
2017,9,Austrian Grand Prix,red_bull_ring,2017-07-09,hamilton,mercedes,8,4,4,12.0,71,Finished
2017,9,Austrian Grand Prix,red_bull_ring,2017-07-09,raikkonen,ferrari,3,5,5,10.0,71,Finished
2017,9,Austrian Grand Prix,red_bull_ring,2017-07-09,grosjean,haas,6,6,6,8.0,71,Finished
2017,9,Austrian Grand Prix,red_bull_ring,2017-07-09,perez,force_india,7,7,7,6.0,70,+1 Lap
2017,9,Austrian Grand Prix,red_bull_ring,2017-07-09,ocon,force_india,9,8,8,4.0,70,+1 Lap
2017,9,Austrian Grand Prix,red_bull_ring,2017-07-09,massa,williams,17,9,9,2.0,70,+1 Lap
2017,9,Austrian Grand Prix,red_bull_ring,2017-07-09,stroll,williams,18,10,10,1.0,70,+1 Lap
2017,9,Austrian Grand Prix,red_bull_ring,2017-07-09,jolyon_palmer,renault,16,11,11,0.0,70,+1 Lap
2017,9,Austrian Grand Prix,red_bull_ring,2017-07-09,vandoorne,mclaren,13,12,12,0.0,70,+1 Lap
2017,9,Austrian Grand Prix,red_bull_ring,2017-07-09,hulkenberg,renault,11,13,13,0.0,70,+1 Lap
2017,9,Austrian Grand Prix,red_bull_ring,2017-07-09,wehrlein,sauber,20,14,14,0.0,70,+1 Lap
2017,9,Austrian Grand Prix,red_bull_ring,2017-07-09,ericsson,sauber,19,15,15,0.0,69,+2 Laps
2017,9,Austrian Grand Prix,red_bull_ring,2017-07-09,kvyat,toro_rosso,14,16,16,0.0,68,+3 Laps
2017,9,Austrian Grand Prix,red_bull_ring,2017-07-09,sainz,toro_rosso,10,17,R,0.0,44,Engine
2017,9,Austrian Grand Prix,red_bull_ring,2017-07-09,kevin_magnussen,haas,15,18,R,0.0,29,Hydraulics
2017,9,Austrian Grand Prix,red_bull_ring,2017-07-09,alonso,mclaren,12,19,R,0.0,1,Collision damage
2017,9,Austrian Grand Prix,red_bull_ring,2017-07-09,max_verstappen,red_bull,5,20,R,0.0,0,Collision damage
2017,10,British Grand Prix,silverstone,2017-07-16,hamilton,mercedes,1,1,1,25.0,51,Finished
2017,10,British Grand Prix,silverstone,2017-07-16,bottas,mercedes,9,2,2,18.0,51,Finished
2017,10,British Grand Prix,silverstone,2017-07-16,raikkonen,ferrari,2,3,3,15.0,51,Finished
2017,10,British Grand Prix,silverstone,2017-07-16,max_verstappen,red_bull,4,4,4,12.0,51,Finished
2017,10,British Grand Prix,silverstone,2017-07-16,ricciardo,red_bull,19,5,5,10.0,51,Finished
2017,10,British Grand Prix,silverstone,2017-07-16,hulkenberg,renault,5,6,6,8.0,51,Finished
2017,10,British Grand Prix,silverstone,2017-07-16,vettel,ferrari,3,7,7,6.0,51,Finished
2017,10,British Grand Prix,silverstone,2017-07-16,ocon,force_india,7,8,8,4.0,50,+1 Lap
2017,10,British Grand Prix,silverstone,2017-07-16,perez,force_india,6,9,9,2.0,50,+1 Lap
2017,10,British Grand Prix,silverstone,2017-07-16,massa,williams,14,10,10,1.0,50,+1 Lap
2017,10,British Grand Prix,silverstone,2017-07-16,vandoorne,mclaren,8,11,11,0.0,50,+1 Lap
2017,10,British Grand Prix,silverstone,2017-07-16,kevin_magnussen,haas,16,12,12,0.0,50,+1 Lap
2017,10,British Grand Prix,silverstone,2017-07-16,grosjean,haas,10,13,13,0.0,50,+1 Lap
2017,10,British Grand Prix,silverstone,2017-07-16,ericsson,sauber,18,14,14,0.0,50,+1 Lap
2017,10,British Grand Prix,silverstone,2017-07-16,kvyat,toro_rosso,12,15,15,0.0,50,+1 Lap
2017,10,British Grand Prix,silverstone,2017-07-16,stroll,williams,15,16,16,0.0,50,+1 Lap
2017,10,British Grand Prix,silverstone,2017-07-16,wehrlein,sauber,17,17,17,0.0,50,+1 Lap
2017,10,British Grand Prix,silverstone,2017-07-16,alonso,mclaren,20,18,R,0.0,32,Power Unit
2017,10,British Grand Prix,silverstone,2017-07-16,sainz,toro_rosso,13,19,R,0.0,0,Collision damage
2017,10,British Grand Prix,silverstone,2017-07-16,jolyon_palmer,renault,11,20,R,0.0,0,Hydraulics
2017,11,Hungarian Grand Prix,hungaroring,2017-07-30,vettel,ferrari,1,1,1,25.0,70,Finished
2017,11,Hungarian Grand Prix,hungaroring,2017-07-30,raikkonen,ferrari,2,2,2,18.0,70,Finished
2017,11,Hungarian Grand Prix,hungaroring,2017-07-30,bottas,mercedes,3,3,3,15.0,70,Finished
2017,11,Hungarian Grand Prix,hungaroring,2017-07-30,hamilton,mercedes,4,4,4,12.0,70,Finished
2017,11,Hungarian Grand Prix,hungaroring,2017-07-30,max_verstappen,red_bull,5,5,5,10.0,70,Finished
2017,11,Hungarian Grand Prix,hungaroring,2017-07-30,alonso,mclaren,7,6,6,8.0,70,Finished
2017,11,Hungarian Grand Prix,hungaroring,2017-07-30,sainz,toro_rosso,9,7,7,6.0,69,+1 Lap
2017,11,Hungarian Grand Prix,hungaroring,2017-07-30,perez,force_india,13,8,8,4.0,69,+1 Lap
2017,11,Hungarian Grand Prix,hungaroring,2017-07-30,ocon,force_india,11,9,9,2.0,69,+1 Lap
2017,11,Hungarian Grand Prix,hungaroring,2017-07-30,vandoorne,mclaren,8,10,10,1.0,69,+1 Lap
2017,11,Hungarian Grand Prix,hungaroring,2017-07-30,kvyat,toro_rosso,16,11,11,0.0,69,+1 Lap
2017,11,Hungarian Grand Prix,hungaroring,2017-07-30,jolyon_palmer,renault,10,12,12,0.0,69,+1 Lap
2017,11,Hungarian Grand Prix,hungaroring,2017-07-30,kevin_magnussen,haas,15,13,13,0.0,69,+1 Lap
2017,11,Hungarian Grand Prix,hungaroring,2017-07-30,stroll,williams,17,14,14,0.0,69,+1 Lap
2017,11,Hungarian Grand Prix,hungaroring,2017-07-30,wehrlein,sauber,18,15,15,0.0,68,+2 Laps
2017,11,Hungarian Grand Prix,hungaroring,2017-07-30,ericsson,sauber,20,16,16,0.0,68,+2 Laps
2017,11,Hungarian Grand Prix,hungaroring,2017-07-30,hulkenberg,renault,12,17,17,0.0,67,Brakes
2017,11,Hungarian Grand Prix,hungaroring,2017-07-30,resta,williams,19,18,R,0.0,60,Oil leak
2017,11,Hungarian Grand Prix,hungaroring,2017-07-30,grosjean,haas,14,19,R,0.0,20,Wheel nut
2017,11,Hungarian Grand Prix,hungaroring,2017-07-30,ricciardo,red_bull,6,20,R,0.0,0,Collision
2017,12,Belgian Grand Prix,spa,2017-08-27,hamilton,mercedes,1,1,1,25.0,44,Finished
2017,12,Belgian Grand Prix,spa,2017-08-27,vettel,ferrari,2,2,2,18.0,44,Finished
2017,12,Belgian Grand Prix,spa,2017-08-27,ricciardo,red_bull,6,3,3,15.0,44,Finished
2017,12,Belgian Grand Prix,spa,2017-08-27,raikkonen,ferrari,4,4,4,12.0,44,Finished
2017,12,Belgian Grand Prix,spa,2017-08-27,bottas,mercedes,3,5,5,10.0,44,Finished
2017,12,Belgian Grand Prix,spa,2017-08-27,hulkenberg,renault,7,6,6,8.0,44,Finished
2017,12,Belgian Grand Prix,spa,2017-08-27,grosjean,haas,11,7,7,6.0,44,Finished
2017,12,Belgian Grand Prix,spa,2017-08-27,massa,williams,16,8,8,4.0,44,Finished
2017,12,Belgian Grand Prix,spa,2017-08-27,ocon,force_india,9,9,9,2.0,44,Finished
2017,12,Belgian Grand Prix,spa,2017-08-27,sainz,toro_rosso,13,10,10,1.0,44,Finished
2017,12,Belgian Grand Prix,spa,2017-08-27,stroll,williams,15,11,11,0.0,44,Finished
2017,12,Belgian Grand Prix,spa,2017-08-27,kvyat,toro_rosso,19,12,12,0.0,44,Finished
2017,12,Belgian Grand Prix,spa,2017-08-27,jolyon_palmer,renault,14,13,13,0.0,44,Finished
2017,12,Belgian Grand Prix,spa,2017-08-27,vandoorne,mclaren,20,14,14,0.0,44,Finished
2017,12,Belgian Grand Prix,spa,2017-08-27,kevin_magnussen,haas,12,15,15,0.0,44,Finished
2017,12,Belgian Grand Prix,spa,2017-08-27,ericsson,sauber,17,16,16,0.0,44,Finished
2017,12,Belgian Grand Prix,spa,2017-08-27,perez,force_india,8,17,17,0.0,42,Gearbox
2017,12,Belgian Grand Prix,spa,2017-08-27,alonso,mclaren,10,18,R,0.0,25,Engine
2017,12,Belgian Grand Prix,spa,2017-08-27,max_verstappen,red_bull,5,19,R,0.0,7,Engine
2017,12,Belgian Grand Prix,spa,2017-08-27,wehrlein,sauber,18,20,R,0.0,2,Collision
2017,13,Italian Grand Prix,monza,2017-09-03,hamilton,mercedes,1,1,1,25.0,53,Finished
2017,13,Italian Grand Prix,monza,2017-09-03,bottas,mercedes,4,2,2,18.0,53,Finished
2017,13,Italian Grand Prix,monza,2017-09-03,vettel,ferrari,6,3,3,15.0,53,Finished
2017,13,Italian Grand Prix,monza,2017-09-03,ricciardo,red_bull,16,4,4,12.0,53,Finished
2017,13,Italian Grand Prix,monza,2017-09-03,raikkonen,ferrari,5,5,5,10.0,53,Finished
2017,13,Italian Grand Prix,monza,2017-09-03,ocon,force_india,3,6,6,8.0,53,Finished
2017,13,Italian Grand Prix,monza,2017-09-03,stroll,williams,2,7,7,6.0,53,Finished
2017,13,Italian Grand Prix,monza,2017-09-03,massa,williams,7,8,8,4.0,53,Finished
2017,13,Italian Grand Prix,monza,2017-09-03,perez,force_india,10,9,9,2.0,53,Finished
2017,13,Italian Grand Prix,monza,2017-09-03,max_verstappen,red_bull,13,10,10,1.0,52,+1 Lap
2017,13,Italian Grand Prix,monza,2017-09-03,kevin_magnussen,haas,9,11,11,0.0,52,+1 Lap
2017,13,Italian Grand Prix,monza,2017-09-03,kvyat,toro_rosso,8,12,12,0.0,52,+1 Lap
2017,13,Italian Grand Prix,monza,2017-09-03,hulkenberg,renault,14,13,13,0.0,52,+1 Lap
2017,13,Italian Grand Prix,monza,2017-09-03,sainz,toro_rosso,15,14,14,0.0,52,+1 Lap
2017,13,Italian Grand Prix,monza,2017-09-03,grosjean,haas,20,15,15,0.0,52,+1 Lap
2017,13,Italian Grand Prix,monza,2017-09-03,wehrlein,sauber,12,16,16,0.0,51,+2 Laps
2017,13,Italian Grand Prix,monza,2017-09-03,alonso,mclaren,19,17,17,0.0,50,Gearbox
2017,13,Italian Grand Prix,monza,2017-09-03,ericsson,sauber,11,18,18,0.0,49,Gearbox
2017,13,Italian Grand Prix,monza,2017-09-03,vandoorne,mclaren,18,19,R,0.0,33,Engine
2017,13,Italian Grand Prix,monza,2017-09-03,jolyon_palmer,renault,17,20,R,0.0,29,Engine
2017,14,Singapore Grand Prix,marina_bay,2017-09-17,hamilton,mercedes,5,1,1,25.0,58,Finished
2017,14,Singapore Grand Prix,marina_bay,2017-09-17,ricciardo,red_bull,3,2,2,18.0,58,Finished
2017,14,Singapore Grand Prix,marina_bay,2017-09-17,bottas,mercedes,6,3,3,15.0,58,Finished
2017,14,Singapore Grand Prix,marina_bay,2017-09-17,sainz,toro_rosso,10,4,4,12.0,58,Finished
2017,14,Singapore Grand Prix,marina_bay,2017-09-17,perez,force_india,12,5,5,10.0,58,Finished
2017,14,Singapore Grand Prix,marina_bay,2017-09-17,jolyon_palmer,renault,11,6,6,8.0,58,Finished
2017,14,Singapore Grand Prix,marina_bay,2017-09-17,vandoorne,mclaren,9,7,7,6.0,58,Finished
2017,14,Singapore Grand Prix,marina_bay,2017-09-17,stroll,williams,18,8,8,4.0,58,Finished
2017,14,Singapore Grand Prix,marina_bay,2017-09-17,grosjean,haas,15,9,9,2.0,58,Finished
2017,14,Singapore Grand Prix,marina_bay,2017-09-17,ocon,force_india,14,10,10,1.0,58,Finished
2017,14,Singapore Grand Prix,marina_bay,2017-09-17,massa,williams,17,11,11,0.0,58,Finished
2017,14,Singapore Grand Prix,marina_bay,2017-09-17,wehrlein,sauber,19,12,12,0.0,56,+2 Laps
2017,14,Singapore Grand Prix,marina_bay,2017-09-17,kevin_magnussen,haas,16,13,R,0.0,50,Engine
2017,14,Singapore Grand Prix,marina_bay,2017-09-17,hulkenberg,renault,7,14,R,0.0,48,Engine
2017,14,Singapore Grand Prix,marina_bay,2017-09-17,ericsson,sauber,20,15,R,0.0,35,Accident
2017,14,Singapore Grand Prix,marina_bay,2017-09-17,kvyat,toro_rosso,13,16,R,0.0,10,Accident
2017,14,Singapore Grand Prix,marina_bay,2017-09-17,alonso,mclaren,8,17,R,0.0,8,Collision damage
2017,14,Singapore Grand Prix,marina_bay,2017-09-17,vettel,ferrari,1,18,R,0.0,0,Accident
2017,14,Singapore Grand Prix,marina_bay,2017-09-17,max_verstappen,red_bull,2,19,R,0.0,0,Accident
2017,14,Singapore Grand Prix,marina_bay,2017-09-17,raikkonen,ferrari,4,20,R,0.0,0,Accident
2017,15,Malaysian Grand Prix,sepang,2017-10-01,max_verstappen,red_bull,3,1,1,25.0,56,Finished
2017,15,Malaysian Grand Prix,sepang,2017-10-01,hamilton,mercedes,1,2,2,18.0,56,Finished
2017,15,Malaysian Grand Prix,sepang,2017-10-01,ricciardo,red_bull,4,3,3,15.0,56,Finished
2017,15,Malaysian Grand Prix,sepang,2017-10-01,vettel,ferrari,20,4,4,12.0,56,Finished
2017,15,Malaysian Grand Prix,sepang,2017-10-01,bottas,mercedes,5,5,5,10.0,56,Finished
2017,15,Malaysian Grand Prix,sepang,2017-10-01,perez,force_india,9,6,6,8.0,56,Finished
2017,15,Malaysian Grand Prix,sepang,2017-10-01,vandoorne,mclaren,7,7,7,6.0,55,+1 Lap
2017,15,Malaysian Grand Prix,sepang,2017-10-01,stroll,williams,13,8,8,4.0,55,+1 Lap
2017,15,Malaysian Grand Prix,sepang,2017-10-01,massa,williams,11,9,9,2.0,55,+1 Lap
2017,15,Malaysian Grand Prix,sepang,2017-10-01,ocon,force_india,6,10,10,1.0,55,+1 Lap
2017,15,Malaysian Grand Prix,sepang,2017-10-01,alonso,mclaren,10,11,11,0.0,55,+1 Lap
2017,15,Malaysian Grand Prix,sepang,2017-10-01,kevin_magnussen,haas,17,12,12,0.0,55,+1 Lap
2017,15,Malaysian Grand Prix,sepang,2017-10-01,grosjean,haas,16,13,13,0.0,55,+1 Lap
2017,15,Malaysian Grand Prix,sepang,2017-10-01,gasly,toro_rosso,15,14,14,0.0,55,+1 Lap
2017,15,Malaysian Grand Prix,sepang,2017-10-01,jolyon_palmer,renault,12,15,15,0.0,55,+1 Lap
2017,15,Malaysian Grand Prix,sepang,2017-10-01,hulkenberg,renault,8,16,16,0.0,55,+1 Lap
2017,15,Malaysian Grand Prix,sepang,2017-10-01,wehrlein,sauber,18,17,17,0.0,55,+1 Lap
2017,15,Malaysian Grand Prix,sepang,2017-10-01,ericsson,sauber,19,18,18,0.0,54,+2 Laps
2017,15,Malaysian Grand Prix,sepang,2017-10-01,sainz,toro_rosso,14,19,R,0.0,29,Engine
2017,15,Malaysian Grand Prix,sepang,2017-10-01,raikkonen,ferrari,0,20,R,0.0,0,Battery
2017,16,Japanese Grand Prix,suzuka,2017-10-08,hamilton,mercedes,1,1,1,25.0,53,Finished
2017,16,Japanese Grand Prix,suzuka,2017-10-08,max_verstappen,red_bull,4,2,2,18.0,53,Finished
2017,16,Japanese Grand Prix,suzuka,2017-10-08,ricciardo,red_bull,3,3,3,15.0,53,Finished
2017,16,Japanese Grand Prix,suzuka,2017-10-08,bottas,mercedes,6,4,4,12.0,53,Finished
2017,16,Japanese Grand Prix,suzuka,2017-10-08,raikkonen,ferrari,10,5,5,10.0,53,Finished
2017,16,Japanese Grand Prix,suzuka,2017-10-08,ocon,force_india,5,6,6,8.0,53,Finished
2017,16,Japanese Grand Prix,suzuka,2017-10-08,perez,force_india,7,7,7,6.0,53,Finished
2017,16,Japanese Grand Prix,suzuka,2017-10-08,kevin_magnussen,haas,12,8,8,4.0,53,Finished
2017,16,Japanese Grand Prix,suzuka,2017-10-08,grosjean,haas,13,9,9,2.0,53,Finished
2017,16,Japanese Grand Prix,suzuka,2017-10-08,massa,williams,8,10,10,1.0,52,+1 Lap
2017,16,Japanese Grand Prix,suzuka,2017-10-08,alonso,mclaren,20,11,11,0.0,52,+1 Lap
2017,16,Japanese Grand Prix,suzuka,2017-10-08,jolyon_palmer,renault,18,12,12,0.0,52,+1 Lap
2017,16,Japanese Grand Prix,suzuka,2017-10-08,gasly,toro_rosso,14,13,13,0.0,52,+1 Lap
2017,16,Japanese Grand Prix,suzuka,2017-10-08,vandoorne,mclaren,9,14,14,0.0,52,+1 Lap
2017,16,Japanese Grand Prix,suzuka,2017-10-08,wehrlein,sauber,17,15,15,0.0,51,+2 Laps
2017,16,Japanese Grand Prix,suzuka,2017-10-08,stroll,williams,15,16,R,0.0,45,Wheel
2017,16,Japanese Grand Prix,suzuka,2017-10-08,hulkenberg,renault,11,17,R,0.0,40,Front wing
2017,16,Japanese Grand Prix,suzuka,2017-10-08,ericsson,sauber,16,18,R,0.0,7,Accident
2017,16,Japanese Grand Prix,suzuka,2017-10-08,vettel,ferrari,2,19,R,0.0,4,Spark plugs
2017,16,Japanese Grand Prix,suzuka,2017-10-08,sainz,toro_rosso,19,20,R,0.0,0,Accident
2017,17,United States Grand Prix,americas,2017-10-22,hamilton,mercedes,1,1,1,25.0,56,Finished
2017,17,United States Grand Prix,americas,2017-10-22,vettel,ferrari,2,2,2,18.0,56,Finished
2017,17,United States Grand Prix,americas,2017-10-22,raikkonen,ferrari,5,3,3,15.0,56,Finished
2017,17,United States Grand Prix,americas,2017-10-22,max_verstappen,red_bull,16,4,4,12.0,56,Finished
2017,17,United States Grand Prix,americas,2017-10-22,bottas,mercedes,3,5,5,10.0,56,Finished
2017,17,United States Grand Prix,americas,2017-10-22,ocon,force_india,6,6,6,8.0,56,Finished
2017,17,United States Grand Prix,americas,2017-10-22,sainz,renault,7,7,7,6.0,56,Finished
2017,17,United States Grand Prix,americas,2017-10-22,perez,force_india,9,8,8,4.0,55,+1 Lap
2017,17,United States Grand Prix,americas,2017-10-22,massa,williams,10,9,9,2.0,55,+1 Lap
2017,17,United States Grand Prix,americas,2017-10-22,kvyat,toro_rosso,11,10,10,1.0,55,+1 Lap
2017,17,United States Grand Prix,americas,2017-10-22,stroll,williams,15,11,11,0.0,55,+1 Lap
2017,17,United States Grand Prix,americas,2017-10-22,vandoorne,mclaren,20,12,12,0.0,55,+1 Lap
2017,17,United States Grand Prix,americas,2017-10-22,brendon_hartley,toro_rosso,19,13,13,0.0,55,+1 Lap
2017,17,United States Grand Prix,americas,2017-10-22,grosjean,haas,12,14,14,0.0,55,+1 Lap
2017,17,United States Grand Prix,americas,2017-10-22,ericsson,sauber,13,15,15,0.0,55,+1 Lap
2017,17,United States Grand Prix,americas,2017-10-22,kevin_magnussen,haas,17,16,16,0.0,55,+1 Lap
2017,17,United States Grand Prix,americas,2017-10-22,alonso,mclaren,8,17,R,0.0,24,Engine
2017,17,United States Grand Prix,americas,2017-10-22,ricciardo,red_bull,4,18,R,0.0,14,Engine
2017,17,United States Grand Prix,americas,2017-10-22,wehrlein,sauber,14,19,R,0.0,5,Collision
2017,17,United States Grand Prix,americas,2017-10-22,hulkenberg,renault,18,20,R,0.0,3,Engine
2017,18,Mexican Grand Prix,rodriguez,2017-10-29,max_verstappen,red_bull,2,1,1,25.0,71,Finished
2017,18,Mexican Grand Prix,rodriguez,2017-10-29,bottas,mercedes,4,2,2,18.0,71,Finished
2017,18,Mexican Grand Prix,rodriguez,2017-10-29,raikkonen,ferrari,5,3,3,15.0,71,Finished
2017,18,Mexican Grand Prix,rodriguez,2017-10-29,vettel,ferrari,1,4,4,12.0,71,Finished
2017,18,Mexican Grand Prix,rodriguez,2017-10-29,ocon,force_india,6,5,5,10.0,70,+1 Lap
2017,18,Mexican Grand Prix,rodriguez,2017-10-29,stroll,williams,11,6,6,8.0,70,+1 Lap
2017,18,Mexican Grand Prix,rodriguez,2017-10-29,perez,force_india,9,7,7,6.0,70,+1 Lap
2017,18,Mexican Grand Prix,rodriguez,2017-10-29,kevin_magnussen,haas,14,8,8,4.0,70,+1 Lap
2017,18,Mexican Grand Prix,rodriguez,2017-10-29,hamilton,mercedes,3,9,9,2.0,70,+1 Lap
2017,18,Mexican Grand Prix,rodriguez,2017-10-29,alonso,mclaren,18,10,10,1.0,70,+1 Lap
2017,18,Mexican Grand Prix,rodriguez,2017-10-29,massa,williams,10,11,11,0.0,70,+1 Lap
2017,18,Mexican Grand Prix,rodriguez,2017-10-29,vandoorne,mclaren,19,12,12,0.0,70,+1 Lap
2017,18,Mexican Grand Prix,rodriguez,2017-10-29,gasly,toro_rosso,20,13,13,0.0,70,+1 Lap
2017,18,Mexican Grand Prix,rodriguez,2017-10-29,wehrlein,sauber,13,14,14,0.0,69,+2 Laps
2017,18,Mexican Grand Prix,rodriguez,2017-10-29,grosjean,haas,15,15,15,0.0,69,+2 Laps
2017,18,Mexican Grand Prix,rodriguez,2017-10-29,sainz,renault,8,16,R,0.0,59,Engine
2017,18,Mexican Grand Prix,rodriguez,2017-10-29,ericsson,sauber,12,17,R,0.0,55,Engine
2017,18,Mexican Grand Prix,rodriguez,2017-10-29,brendon_hartley,toro_rosso,17,18,R,0.0,30,Engine
2017,18,Mexican Grand Prix,rodriguez,2017-10-29,hulkenberg,renault,7,19,R,0.0,24,Electrical
2017,18,Mexican Grand Prix,rodriguez,2017-10-29,ricciardo,red_bull,16,20,R,0.0,5,Engine
2017,19,Brazilian Grand Prix,interlagos,2017-11-12,vettel,ferrari,2,1,1,25.0,71,Finished
2017,19,Brazilian Grand Prix,interlagos,2017-11-12,bottas,mercedes,1,2,2,18.0,71,Finished
2017,19,Brazilian Grand Prix,interlagos,2017-11-12,raikkonen,ferrari,3,3,3,15.0,71,Finished
2017,19,Brazilian Grand Prix,interlagos,2017-11-12,hamilton,mercedes,20,4,4,12.0,71,Finished
2017,19,Brazilian Grand Prix,interlagos,2017-11-12,max_verstappen,red_bull,4,5,5,10.0,71,Finished
2017,19,Brazilian Grand Prix,interlagos,2017-11-12,ricciardo,red_bull,14,6,6,8.0,71,Finished
2017,19,Brazilian Grand Prix,interlagos,2017-11-12,massa,williams,9,7,7,6.0,71,Finished
2017,19,Brazilian Grand Prix,interlagos,2017-11-12,alonso,mclaren,6,8,8,4.0,71,Finished
2017,19,Brazilian Grand Prix,interlagos,2017-11-12,perez,force_india,5,9,9,2.0,71,Finished
2017,19,Brazilian Grand Prix,interlagos,2017-11-12,hulkenberg,renault,7,10,10,1.0,70,+1 Lap
2017,19,Brazilian Grand Prix,interlagos,2017-11-12,sainz,renault,8,11,11,0.0,70,+1 Lap
2017,19,Brazilian Grand Prix,interlagos,2017-11-12,gasly,toro_rosso,19,12,12,0.0,70,+1 Lap
2017,19,Brazilian Grand Prix,interlagos,2017-11-12,ericsson,sauber,17,13,13,0.0,70,+1 Lap
2017,19,Brazilian Grand Prix,interlagos,2017-11-12,wehrlein,sauber,15,14,14,0.0,70,+1 Lap
2017,19,Brazilian Grand Prix,interlagos,2017-11-12,grosjean,haas,11,15,15,0.0,69,+2 Laps
2017,19,Brazilian Grand Prix,interlagos,2017-11-12,stroll,williams,16,16,16,0.0,69,+2 Laps
2017,19,Brazilian Grand Prix,interlagos,2017-11-12,brendon_hartley,toro_rosso,18,17,R,0.0,40,Engine
2017,19,Brazilian Grand Prix,interlagos,2017-11-12,ocon,force_india,10,18,R,0.0,0,Accident
2017,19,Brazilian Grand Prix,interlagos,2017-11-12,vandoorne,mclaren,12,19,R,0.0,0,Accident
2017,19,Brazilian Grand Prix,interlagos,2017-11-12,kevin_magnussen,haas,13,20,R,0.0,0,Accident
2017,20,Abu Dhabi Grand Prix,yas_marina,2017-11-26,bottas,mercedes,1,1,1,25.0,55,Finished
2017,20,Abu Dhabi Grand Prix,yas_marina,2017-11-26,hamilton,mercedes,2,2,2,18.0,55,Finished
2017,20,Abu Dhabi Grand Prix,yas_marina,2017-11-26,vettel,ferrari,3,3,3,15.0,55,Finished
2017,20,Abu Dhabi Grand Prix,yas_marina,2017-11-26,raikkonen,ferrari,5,4,4,12.0,55,Finished
2017,20,Abu Dhabi Grand Prix,yas_marina,2017-11-26,max_verstappen,red_bull,6,5,5,10.0,55,Finished
2017,20,Abu Dhabi Grand Prix,yas_marina,2017-11-26,hulkenberg,renault,7,6,6,8.0,55,Finished
2017,20,Abu Dhabi Grand Prix,yas_marina,2017-11-26,perez,force_india,8,7,7,6.0,55,Finished
2017,20,Abu Dhabi Grand Prix,yas_marina,2017-11-26,ocon,force_india,9,8,8,4.0,55,Finished
2017,20,Abu Dhabi Grand Prix,yas_marina,2017-11-26,alonso,mclaren,11,9,9,2.0,54,+1 Lap
2017,20,Abu Dhabi Grand Prix,yas_marina,2017-11-26,massa,williams,10,10,10,1.0,54,+1 Lap
2017,20,Abu Dhabi Grand Prix,yas_marina,2017-11-26,grosjean,haas,16,11,11,0.0,54,+1 Lap
2017,20,Abu Dhabi Grand Prix,yas_marina,2017-11-26,vandoorne,mclaren,13,12,12,0.0,54,+1 Lap
2017,20,Abu Dhabi Grand Prix,yas_marina,2017-11-26,kevin_magnussen,haas,14,13,13,0.0,54,+1 Lap
2017,20,Abu Dhabi Grand Prix,yas_marina,2017-11-26,wehrlein,sauber,18,14,14,0.0,54,+1 Lap
2017,20,Abu Dhabi Grand Prix,yas_marina,2017-11-26,brendon_hartley,toro_rosso,20,15,15,0.0,54,+1 Lap
2017,20,Abu Dhabi Grand Prix,yas_marina,2017-11-26,gasly,toro_rosso,17,16,16,0.0,54,+1 Lap
2017,20,Abu Dhabi Grand Prix,yas_marina,2017-11-26,ericsson,sauber,19,17,17,0.0,54,+1 Lap
2017,20,Abu Dhabi Grand Prix,yas_marina,2017-11-26,stroll,williams,15,18,18,0.0,54,+1 Lap
2017,20,Abu Dhabi Grand Prix,yas_marina,2017-11-26,sainz,renault,12,19,R,0.0,31,Wheel
2017,20,Abu Dhabi Grand Prix,yas_marina,2017-11-26,ricciardo,red_bull,4,20,R,0.0,20,Hydraulics
2018,1,Australian Grand Prix,albert_park,2018-03-25,vettel,ferrari,3,1,1,25.0,58,Finished
2018,1,Australian Grand Prix,albert_park,2018-03-25,hamilton,mercedes,1,2,2,18.0,58,Finished
2018,1,Australian Grand Prix,albert_park,2018-03-25,raikkonen,ferrari,2,3,3,15.0,58,Finished
2018,1,Australian Grand Prix,albert_park,2018-03-25,ricciardo,red_bull,8,4,4,12.0,58,Finished
2018,1,Australian Grand Prix,albert_park,2018-03-25,alonso,mclaren,10,5,5,10.0,58,Finished
2018,1,Australian Grand Prix,albert_park,2018-03-25,max_verstappen,red_bull,4,6,6,8.0,58,Finished
2018,1,Australian Grand Prix,albert_park,2018-03-25,hulkenberg,renault,7,7,7,6.0,58,Finished
2018,1,Australian Grand Prix,albert_park,2018-03-25,bottas,mercedes,15,8,8,4.0,58,Finished
2018,1,Australian Grand Prix,albert_park,2018-03-25,vandoorne,mclaren,11,9,9,2.0,58,Finished
2018,1,Australian Grand Prix,albert_park,2018-03-25,sainz,renault,9,10,10,1.0,58,Finished
2018,1,Australian Grand Prix,albert_park,2018-03-25,perez,force_india,12,11,11,0.0,58,Finished
2018,1,Australian Grand Prix,albert_park,2018-03-25,ocon,force_india,14,12,12,0.0,58,Finished
2018,1,Australian Grand Prix,albert_park,2018-03-25,leclerc,sauber,18,13,13,0.0,58,Finished
2018,1,Australian Grand Prix,albert_park,2018-03-25,stroll,williams,13,14,14,0.0,58,Finished
2018,1,Australian Grand Prix,albert_park,2018-03-25,brendon_hartley,toro_rosso,16,15,15,0.0,57,+1 Lap
2018,1,Australian Grand Prix,albert_park,2018-03-25,grosjean,haas,6,16,R,0.0,24,Wheel
2018,1,Australian Grand Prix,albert_park,2018-03-25,kevin_magnussen,haas,5,17,R,0.0,22,Wheel
2018,1,Australian Grand Prix,albert_park,2018-03-25,gasly,toro_rosso,20,18,R,0.0,13,Engine
2018,1,Australian Grand Prix,albert_park,2018-03-25,ericsson,sauber,17,19,R,0.0,5,Steering
2018,1,Australian Grand Prix,albert_park,2018-03-25,sirotkin,williams,19,20,R,0.0,4,Brakes
2018,2,Bahrain Grand Prix,bahrain,2018-04-08,vettel,ferrari,1,1,1,25.0,57,Finished
2018,2,Bahrain Grand Prix,bahrain,2018-04-08,bottas,mercedes,3,2,2,18.0,57,Finished
2018,2,Bahrain Grand Prix,bahrain,2018-04-08,hamilton,mercedes,9,3,3,15.0,57,Finished
2018,2,Bahrain Grand Prix,bahrain,2018-04-08,gasly,toro_rosso,5,4,4,12.0,57,Finished
2018,2,Bahrain Grand Prix,bahrain,2018-04-08,kevin_magnussen,haas,6,5,5,10.0,57,Finished
2018,2,Bahrain Grand Prix,bahrain,2018-04-08,hulkenberg,renault,7,6,6,8.0,57,Finished
2018,2,Bahrain Grand Prix,bahrain,2018-04-08,alonso,mclaren,13,7,7,6.0,56,+1 Lap
2018,2,Bahrain Grand Prix,bahrain,2018-04-08,vandoorne,mclaren,14,8,8,4.0,56,+1 Lap
2018,2,Bahrain Grand Prix,bahrain,2018-04-08,ericsson,sauber,17,9,9,2.0,56,+1 Lap
2018,2,Bahrain Grand Prix,bahrain,2018-04-08,ocon,force_india,8,10,10,1.0,56,+1 Lap
2018,2,Bahrain Grand Prix,bahrain,2018-04-08,sainz,renault,10,11,11,0.0,56,+1 Lap
2018,2,Bahrain Grand Prix,bahrain,2018-04-08,leclerc,sauber,19,12,12,0.0,56,+1 Lap
2018,2,Bahrain Grand Prix,bahrain,2018-04-08,grosjean,haas,16,13,13,0.0,56,+1 Lap
2018,2,Bahrain Grand Prix,bahrain,2018-04-08,stroll,williams,20,14,14,0.0,56,+1 Lap
2018,2,Bahrain Grand Prix,bahrain,2018-04-08,sirotkin,williams,18,15,15,0.0,56,+1 Lap
2018,2,Bahrain Grand Prix,bahrain,2018-04-08,perez,force_india,12,16,16,0.0,56,+1 Lap
2018,2,Bahrain Grand Prix,bahrain,2018-04-08,brendon_hartley,toro_rosso,11,17,17,0.0,56,+1 Lap
2018,2,Bahrain Grand Prix,bahrain,2018-04-08,raikkonen,ferrari,2,18,R,0.0,35,Wheel
2018,2,Bahrain Grand Prix,bahrain,2018-04-08,max_verstappen,red_bull,15,19,R,0.0,3,Puncture
2018,2,Bahrain Grand Prix,bahrain,2018-04-08,ricciardo,red_bull,4,20,R,0.0,1,Electrical
2018,3,Chinese Grand Prix,shanghai,2018-04-15,ricciardo,red_bull,6,1,1,25.0,56,Finished
2018,3,Chinese Grand Prix,shanghai,2018-04-15,bottas,mercedes,3,2,2,18.0,56,Finished
2018,3,Chinese Grand Prix,shanghai,2018-04-15,raikkonen,ferrari,2,3,3,15.0,56,Finished
2018,3,Chinese Grand Prix,shanghai,2018-04-15,hamilton,mercedes,4,4,4,12.0,56,Finished
2018,3,Chinese Grand Prix,shanghai,2018-04-15,max_verstappen,red_bull,5,5,5,10.0,56,Finished
2018,3,Chinese Grand Prix,shanghai,2018-04-15,hulkenberg,renault,7,6,6,8.0,56,Finished
2018,3,Chinese Grand Prix,shanghai,2018-04-15,alonso,mclaren,13,7,7,6.0,56,Finished
2018,3,Chinese Grand Prix,shanghai,2018-04-15,vettel,ferrari,1,8,8,4.0,56,Finished
2018,3,Chinese Grand Prix,shanghai,2018-04-15,sainz,renault,9,9,9,2.0,56,Finished
2018,3,Chinese Grand Prix,shanghai,2018-04-15,kevin_magnussen,haas,11,10,10,1.0,56,Finished
2018,3,Chinese Grand Prix,shanghai,2018-04-15,ocon,force_india,12,11,11,0.0,56,Finished
2018,3,Chinese Grand Prix,shanghai,2018-04-15,perez,force_india,8,12,12,0.0,56,Finished
2018,3,Chinese Grand Prix,shanghai,2018-04-15,vandoorne,mclaren,14,13,13,0.0,56,Finished
2018,3,Chinese Grand Prix,shanghai,2018-04-15,stroll,williams,18,14,14,0.0,56,Finished
2018,3,Chinese Grand Prix,shanghai,2018-04-15,sirotkin,williams,16,15,15,0.0,56,Finished
2018,3,Chinese Grand Prix,shanghai,2018-04-15,ericsson,sauber,20,16,16,0.0,56,Finished
2018,3,Chinese Grand Prix,shanghai,2018-04-15,grosjean,haas,10,17,17,0.0,56,Finished
2018,3,Chinese Grand Prix,shanghai,2018-04-15,gasly,toro_rosso,17,18,18,0.0,56,Finished
2018,3,Chinese Grand Prix,shanghai,2018-04-15,leclerc,sauber,19,19,19,0.0,56,Finished
2018,3,Chinese Grand Prix,shanghai,2018-04-15,brendon_hartley,toro_rosso,15,20,20,0.0,51,Collision damage
2018,4,Azerbaijan Grand Prix,baku,2018-04-29,hamilton,mercedes,2,1,1,25.0,51,Finished
2018,4,Azerbaijan Grand Prix,baku,2018-04-29,raikkonen,ferrari,6,2,2,18.0,51,Finished
2018,4,Azerbaijan Grand Prix,baku,2018-04-29,perez,force_india,8,3,3,15.0,51,Finished
2018,4,Azerbaijan Grand Prix,baku,2018-04-29,vettel,ferrari,1,4,4,12.0,51,Finished
2018,4,Azerbaijan Grand Prix,baku,2018-04-29,sainz,renault,9,5,5,10.0,51,Finished
2018,4,Azerbaijan Grand Prix,baku,2018-04-29,leclerc,sauber,13,6,6,8.0,51,Finished
2018,4,Azerbaijan Grand Prix,baku,2018-04-29,alonso,mclaren,12,7,7,6.0,51,Finished
2018,4,Azerbaijan Grand Prix,baku,2018-04-29,stroll,williams,10,8,8,4.0,51,Finished
2018,4,Azerbaijan Grand Prix,baku,2018-04-29,vandoorne,mclaren,16,9,9,2.0,51,Finished
2018,4,Azerbaijan Grand Prix,baku,2018-04-29,brendon_hartley,toro_rosso,19,10,10,1.0,51,Finished
2018,4,Azerbaijan Grand Prix,baku,2018-04-29,ericsson,sauber,18,11,11,0.0,51,Finished
2018,4,Azerbaijan Grand Prix,baku,2018-04-29,gasly,toro_rosso,17,12,12,0.0,51,Finished
2018,4,Azerbaijan Grand Prix,baku,2018-04-29,kevin_magnussen,haas,15,13,13,0.0,51,Finished
2018,4,Azerbaijan Grand Prix,baku,2018-04-29,bottas,mercedes,3,14,R,0.0,48,Puncture
2018,4,Azerbaijan Grand Prix,baku,2018-04-29,grosjean,haas,20,15,R,0.0,42,Accident
2018,4,Azerbaijan Grand Prix,baku,2018-04-29,max_verstappen,red_bull,5,16,R,0.0,39,Collision
2018,4,Azerbaijan Grand Prix,baku,2018-04-29,ricciardo,red_bull,4,17,R,0.0,39,Collision
2018,4,Azerbaijan Grand Prix,baku,2018-04-29,hulkenberg,renault,14,18,R,0.0,10,Accident
2018,4,Azerbaijan Grand Prix,baku,2018-04-29,ocon,force_india,7,19,R,0.0,0,Collision
2018,4,Azerbaijan Grand Prix,baku,2018-04-29,sirotkin,williams,11,20,R,0.0,0,Collision
2018,5,Spanish Grand Prix,catalunya,2018-05-13,hamilton,mercedes,1,1,1,25.0,66,Finished
2018,5,Spanish Grand Prix,catalunya,2018-05-13,bottas,mercedes,2,2,2,18.0,66,Finished
2018,5,Spanish Grand Prix,catalunya,2018-05-13,max_verstappen,red_bull,5,3,3,15.0,66,Finished
2018,5,Spanish Grand Prix,catalunya,2018-05-13,vettel,ferrari,3,4,4,12.0,66,Finished
2018,5,Spanish Grand Prix,catalunya,2018-05-13,ricciardo,red_bull,6,5,5,10.0,66,Finished
2018,5,Spanish Grand Prix,catalunya,2018-05-13,kevin_magnussen,haas,7,6,6,8.0,65,+1 Lap
2018,5,Spanish Grand Prix,catalunya,2018-05-13,sainz,renault,9,7,7,6.0,65,+1 Lap
2018,5,Spanish Grand Prix,catalunya,2018-05-13,alonso,mclaren,8,8,8,4.0,65,+1 Lap
2018,5,Spanish Grand Prix,catalunya,2018-05-13,perez,force_india,15,9,9,2.0,64,+2 Laps
2018,5,Spanish Grand Prix,catalunya,2018-05-13,leclerc,sauber,14,10,10,1.0,64,+2 Laps
2018,5,Spanish Grand Prix,catalunya,2018-05-13,stroll,williams,18,11,11,0.0,64,+2 Laps
2018,5,Spanish Grand Prix,catalunya,2018-05-13,brendon_hartley,toro_rosso,20,12,12,0.0,64,+2 Laps
2018,5,Spanish Grand Prix,catalunya,2018-05-13,ericsson,sauber,17,13,13,0.0,64,+2 Laps
2018,5,Spanish Grand Prix,catalunya,2018-05-13,sirotkin,williams,19,14,14,0.0,63,+3 Laps
2018,5,Spanish Grand Prix,catalunya,2018-05-13,vandoorne,mclaren,11,15,R,0.0,45,Gearbox
2018,5,Spanish Grand Prix,catalunya,2018-05-13,ocon,force_india,13,16,R,0.0,38,Oil leak
2018,5,Spanish Grand Prix,catalunya,2018-05-13,raikkonen,ferrari,4,17,R,0.0,25,Turbo
2018,5,Spanish Grand Prix,catalunya,2018-05-13,grosjean,haas,10,18,R,0.0,0,Collision
2018,5,Spanish Grand Prix,catalunya,2018-05-13,gasly,toro_rosso,12,19,R,0.0,0,Collision
2018,5,Spanish Grand Prix,catalunya,2018-05-13,hulkenberg,renault,16,20,R,0.0,0,Collision
2018,6,Monaco Grand Prix,monaco,2018-05-27,ricciardo,red_bull,1,1,1,25.0,78,Finished
2018,6,Monaco Grand Prix,monaco,2018-05-27,vettel,ferrari,2,2,2,18.0,78,Finished
2018,6,Monaco Grand Prix,monaco,2018-05-27,hamilton,mercedes,3,3,3,15.0,78,Finished
2018,6,Monaco Grand Prix,monaco,2018-05-27,raikkonen,ferrari,4,4,4,12.0,78,Finished
2018,6,Monaco Grand Prix,monaco,2018-05-27,bottas,mercedes,5,5,5,10.0,78,Finished
2018,6,Monaco Grand Prix,monaco,2018-05-27,ocon,force_india,6,6,6,8.0,78,Finished
2018,6,Monaco Grand Prix,monaco,2018-05-27,gasly,toro_rosso,10,7,7,6.0,78,Finished
2018,6,Monaco Grand Prix,monaco,2018-05-27,hulkenberg,renault,11,8,8,4.0,78,Finished
2018,6,Monaco Grand Prix,monaco,2018-05-27,max_verstappen,red_bull,20,9,9,2.0,78,Finished
2018,6,Monaco Grand Prix,monaco,2018-05-27,sainz,renault,8,10,10,1.0,78,Finished
2018,6,Monaco Grand Prix,monaco,2018-05-27,ericsson,sauber,16,11,11,0.0,78,Finished
2018,6,Monaco Grand Prix,monaco,2018-05-27,perez,force_india,9,12,12,0.0,78,Finished
2018,6,Monaco Grand Prix,monaco,2018-05-27,kevin_magnussen,haas,19,13,13,0.0,78,Finished
2018,6,Monaco Grand Prix,monaco,2018-05-27,vandoorne,mclaren,12,14,14,0.0,77,+1 Lap
2018,6,Monaco Grand Prix,monaco,2018-05-27,grosjean,haas,18,15,15,0.0,77,+1 Lap
2018,6,Monaco Grand Prix,monaco,2018-05-27,sirotkin,williams,13,16,16,0.0,77,+1 Lap
2018,6,Monaco Grand Prix,monaco,2018-05-27,stroll,williams,17,17,17,0.0,76,+2 Laps
2018,6,Monaco Grand Prix,monaco,2018-05-27,leclerc,sauber,14,18,R,0.0,70,Collision
2018,6,Monaco Grand Prix,monaco,2018-05-27,brendon_hartley,toro_rosso,15,19,R,0.0,70,Collision
2018,6,Monaco Grand Prix,monaco,2018-05-27,alonso,mclaren,7,20,R,0.0,52,Gearbox
2018,7,Canadian Grand Prix,villeneuve,2018-06-10,vettel,ferrari,1,1,1,25.0,68,Finished
2018,7,Canadian Grand Prix,villeneuve,2018-06-10,bottas,mercedes,2,2,2,18.0,68,Finished
2018,7,Canadian Grand Prix,villeneuve,2018-06-10,max_verstappen,red_bull,3,3,3,15.0,68,Finished
2018,7,Canadian Grand Prix,villeneuve,2018-06-10,ricciardo,red_bull,6,4,4,12.0,68,Finished
2018,7,Canadian Grand Prix,villeneuve,2018-06-10,hamilton,mercedes,4,5,5,10.0,68,Finished
2018,7,Canadian Grand Prix,villeneuve,2018-06-10,raikkonen,ferrari,5,6,6,8.0,68,Finished
2018,7,Canadian Grand Prix,villeneuve,2018-06-10,hulkenberg,renault,7,7,7,6.0,67,+1 Lap
2018,7,Canadian Grand Prix,villeneuve,2018-06-10,sainz,renault,9,8,8,4.0,67,+1 Lap
2018,7,Canadian Grand Prix,villeneuve,2018-06-10,ocon,force_india,8,9,9,2.0,67,+1 Lap
2018,7,Canadian Grand Prix,villeneuve,2018-06-10,leclerc,sauber,13,10,10,1.0,67,+1 Lap
2018,7,Canadian Grand Prix,villeneuve,2018-06-10,gasly,toro_rosso,16,11,11,0.0,67,+1 Lap
2018,7,Canadian Grand Prix,villeneuve,2018-06-10,grosjean,haas,20,12,12,0.0,67,+1 Lap
2018,7,Canadian Grand Prix,villeneuve,2018-06-10,kevin_magnussen,haas,11,13,13,0.0,67,+1 Lap
2018,7,Canadian Grand Prix,villeneuve,2018-06-10,perez,force_india,10,14,14,0.0,67,+1 Lap
2018,7,Canadian Grand Prix,villeneuve,2018-06-10,ericsson,sauber,19,15,15,0.0,66,+2 Laps
2018,7,Canadian Grand Prix,villeneuve,2018-06-10,vandoorne,mclaren,15,16,16,0.0,66,+2 Laps
2018,7,Canadian Grand Prix,villeneuve,2018-06-10,sirotkin,williams,18,17,17,0.0,66,+2 Laps
2018,7,Canadian Grand Prix,villeneuve,2018-06-10,alonso,mclaren,14,18,R,0.0,40,Exhaust
2018,7,Canadian Grand Prix,villeneuve,2018-06-10,brendon_hartley,toro_rosso,12,19,R,0.0,0,Collision
2018,7,Canadian Grand Prix,villeneuve,2018-06-10,stroll,williams,17,20,R,0.0,0,Collision
2018,8,French Grand Prix,ricard,2018-06-24,hamilton,mercedes,1,1,1,25.0,53,Finished
2018,8,French Grand Prix,ricard,2018-06-24,max_verstappen,red_bull,4,2,2,18.0,53,Finished
2018,8,French Grand Prix,ricard,2018-06-24,raikkonen,ferrari,6,3,3,15.0,53,Finished
2018,8,French Grand Prix,ricard,2018-06-24,ricciardo,red_bull,5,4,4,12.0,53,Finished
2018,8,French Grand Prix,ricard,2018-06-24,vettel,ferrari,3,5,5,10.0,53,Finished
2018,8,French Grand Prix,ricard,2018-06-24,kevin_magnussen,haas,9,6,6,8.0,53,Finished
2018,8,French Grand Prix,ricard,2018-06-24,bottas,mercedes,2,7,7,6.0,53,Finished
2018,8,French Grand Prix,ricard,2018-06-24,sainz,renault,7,8,8,4.0,53,Finished
2018,8,French Grand Prix,ricard,2018-06-24,hulkenberg,renault,12,9,9,2.0,53,Finished
2018,8,French Grand Prix,ricard,2018-06-24,leclerc,sauber,8,10,10,1.0,53,Finished
2018,8,French Grand Prix,ricard,2018-06-24,grosjean,haas,10,11,11,0.0,52,+1 Lap
2018,8,French Grand Prix,ricard,2018-06-24,vandoorne,mclaren,17,12,12,0.0,52,+1 Lap
2018,8,French Grand Prix,ricard,2018-06-24,ericsson,sauber,15,13,13,0.0,52,+1 Lap
2018,8,French Grand Prix,ricard,2018-06-24,brendon_hartley,toro_rosso,20,14,14,0.0,52,+1 Lap
2018,8,French Grand Prix,ricard,2018-06-24,sirotkin,williams,18,15,15,0.0,52,+1 Lap
2018,8,French Grand Prix,ricard,2018-06-24,alonso,mclaren,16,16,16,0.0,50,Wheel
2018,8,French Grand Prix,ricard,2018-06-24,stroll,williams,19,17,17,0.0,48,Puncture
2018,8,French Grand Prix,ricard,2018-06-24,perez,force_india,13,18,R,0.0,27,Engine
2018,8,French Grand Prix,ricard,2018-06-24,ocon,force_india,11,19,R,0.0,0,Collision
2018,8,French Grand Prix,ricard,2018-06-24,gasly,toro_rosso,14,20,R,0.0,0,Collision
2018,9,Austrian Grand Prix,red_bull_ring,2018-07-01,max_verstappen,red_bull,4,1,1,25.0,71,Finished
2018,9,Austrian Grand Prix,red_bull_ring,2018-07-01,raikkonen,ferrari,3,2,2,18.0,71,Finished
2018,9,Austrian Grand Prix,red_bull_ring,2018-07-01,vettel,ferrari,6,3,3,15.0,71,Finished
2018,9,Austrian Grand Prix,red_bull_ring,2018-07-01,grosjean,haas,5,4,4,12.0,70,+1 Lap
2018,9,Austrian Grand Prix,red_bull_ring,2018-07-01,kevin_magnussen,haas,8,5,5,10.0,70,+1 Lap
2018,9,Austrian Grand Prix,red_bull_ring,2018-07-01,ocon,force_india,11,6,6,8.0,70,+1 Lap
2018,9,Austrian Grand Prix,red_bull_ring,2018-07-01,perez,force_india,16,7,7,6.0,70,+1 Lap
2018,9,Austrian Grand Prix,red_bull_ring,2018-07-01,alonso,mclaren,13,8,8,4.0,70,+1 Lap
2018,9,Austrian Grand Prix,red_bull_ring,2018-07-01,leclerc,sauber,18,9,9,2.0,70,+1 Lap
2018,9,Austrian Grand Prix,red_bull_ring,2018-07-01,ericsson,sauber,20,10,10,1.0,70,+1 Lap
2018,9,Austrian Grand Prix,red_bull_ring,2018-07-01,gasly,toro_rosso,12,11,11,0.0,70,+1 Lap
2018,9,Austrian Grand Prix,red_bull_ring,2018-07-01,sainz,renault,9,12,12,0.0,70,+1 Lap
2018,9,Austrian Grand Prix,red_bull_ring,2018-07-01,sirotkin,williams,17,13,13,0.0,69,+2 Laps
2018,9,Austrian Grand Prix,red_bull_ring,2018-07-01,stroll,williams,14,14,14,0.0,69,+2 Laps
2018,9,Austrian Grand Prix,red_bull_ring,2018-07-01,vandoorne,mclaren,15,15,15,0.0,65,Collision damage
2018,9,Austrian Grand Prix,red_bull_ring,2018-07-01,hamilton,mercedes,2,16,R,0.0,62,Fuel pressure
2018,9,Austrian Grand Prix,red_bull_ring,2018-07-01,brendon_hartley,toro_rosso,19,17,R,0.0,54,Hydraulics
2018,9,Austrian Grand Prix,red_bull_ring,2018-07-01,ricciardo,red_bull,7,18,R,0.0,53,Exhaust
2018,9,Austrian Grand Prix,red_bull_ring,2018-07-01,bottas,mercedes,1,19,R,0.0,13,Hydraulics
2018,9,Austrian Grand Prix,red_bull_ring,2018-07-01,hulkenberg,renault,10,20,R,0.0,11,Engine
2018,10,British Grand Prix,silverstone,2018-07-08,vettel,ferrari,2,1,1,25.0,52,Finished
2018,10,British Grand Prix,silverstone,2018-07-08,hamilton,mercedes,1,2,2,18.0,52,Finished
2018,10,British Grand Prix,silverstone,2018-07-08,raikkonen,ferrari,3,3,3,15.0,52,Finished
2018,10,British Grand Prix,silverstone,2018-07-08,bottas,mercedes,4,4,4,12.0,52,Finished
2018,10,British Grand Prix,silverstone,2018-07-08,ricciardo,red_bull,6,5,5,10.0,52,Finished
2018,10,British Grand Prix,silverstone,2018-07-08,hulkenberg,renault,11,6,6,8.0,52,Finished
2018,10,British Grand Prix,silverstone,2018-07-08,ocon,force_india,10,7,7,6.0,52,Finished
2018,10,British Grand Prix,silverstone,2018-07-08,alonso,mclaren,13,8,8,4.0,52,Finished
2018,10,British Grand Prix,silverstone,2018-07-08,kevin_magnussen,haas,7,9,9,2.0,52,Finished
2018,10,British Grand Prix,silverstone,2018-07-08,perez,force_india,12,10,10,1.0,52,Finished
2018,10,British Grand Prix,silverstone,2018-07-08,vandoorne,mclaren,17,11,11,0.0,52,Finished
2018,10,British Grand Prix,silverstone,2018-07-08,stroll,williams,19,12,12,0.0,52,Finished
2018,10,British Grand Prix,silverstone,2018-07-08,gasly,toro_rosso,14,13,13,0.0,52,Finished
2018,10,British Grand Prix,silverstone,2018-07-08,sirotkin,williams,18,14,14,0.0,52,Finished
2018,10,British Grand Prix,silverstone,2018-07-08,max_verstappen,red_bull,5,15,R,0.0,46,Brakes
2018,10,British Grand Prix,silverstone,2018-07-08,grosjean,haas,8,16,R,0.0,37,Collision
2018,10,British Grand Prix,silverstone,2018-07-08,sainz,renault,16,17,R,0.0,37,Collision
2018,10,British Grand Prix,silverstone,2018-07-08,ericsson,sauber,15,18,R,0.0,31,Accident
2018,10,British Grand Prix,silverstone,2018-07-08,leclerc,sauber,9,19,R,0.0,18,Tyre
2018,10,British Grand Prix,silverstone,2018-07-08,brendon_hartley,toro_rosso,0,20,R,0.0,1,Power Unit
2018,11,German Grand Prix,hockenheimring,2018-07-22,hamilton,mercedes,14,1,1,25.0,67,Finished
2018,11,German Grand Prix,hockenheimring,2018-07-22,bottas,mercedes,2,2,2,18.0,67,Finished
2018,11,German Grand Prix,hockenheimring,2018-07-22,raikkonen,ferrari,3,3,3,15.0,67,Finished
2018,11,German Grand Prix,hockenheimring,2018-07-22,max_verstappen,red_bull,4,4,4,12.0,67,Finished
2018,11,German Grand Prix,hockenheimring,2018-07-22,hulkenberg,renault,7,5,5,10.0,67,Finished
2018,11,German Grand Prix,hockenheimring,2018-07-22,grosjean,haas,6,6,6,8.0,67,Finished
2018,11,German Grand Prix,hockenheimring,2018-07-22,perez,force_india,10,7,7,6.0,67,Finished
2018,11,German Grand Prix,hockenheimring,2018-07-22,ocon,force_india,15,8,8,4.0,67,Finished
2018,11,German Grand Prix,hockenheimring,2018-07-22,ericsson,sauber,13,9,9,2.0,67,Finished
2018,11,German Grand Prix,hockenheimring,2018-07-22,brendon_hartley,toro_rosso,17,10,10,1.0,67,Finished
2018,11,German Grand Prix,hockenheimring,2018-07-22,kevin_magnussen,haas,5,11,11,0.0,67,Finished
2018,11,German Grand Prix,hockenheimring,2018-07-22,sainz,renault,8,12,12,0.0,67,Finished
2018,11,German Grand Prix,hockenheimring,2018-07-22,vandoorne,mclaren,19,13,13,0.0,67,Finished
2018,11,German Grand Prix,hockenheimring,2018-07-22,gasly,toro_rosso,16,14,14,0.0,66,+1 Lap
2018,11,German Grand Prix,hockenheimring,2018-07-22,leclerc,sauber,9,15,15,0.0,66,+1 Lap
2018,11,German Grand Prix,hockenheimring,2018-07-22,alonso,mclaren,11,16,16,0.0,65,Retired
2018,11,German Grand Prix,hockenheimring,2018-07-22,stroll,williams,18,17,R,0.0,53,Engine
2018,11,German Grand Prix,hockenheimring,2018-07-22,vettel,ferrari,1,18,R,0.0,51,Accident
2018,11,German Grand Prix,hockenheimring,2018-07-22,sirotkin,williams,12,19,R,0.0,51,Engine
2018,11,German Grand Prix,hockenheimring,2018-07-22,ricciardo,red_bull,20,20,R,0.0,27,Engine
2018,12,Hungarian Grand Prix,hungaroring,2018-07-29,hamilton,mercedes,1,1,1,25.0,70,Finished
2018,12,Hungarian Grand Prix,hungaroring,2018-07-29,vettel,ferrari,4,2,2,18.0,70,Finished
2018,12,Hungarian Grand Prix,hungaroring,2018-07-29,raikkonen,ferrari,3,3,3,15.0,70,Finished
2018,12,Hungarian Grand Prix,hungaroring,2018-07-29,ricciardo,red_bull,12,4,4,12.0,70,Finished
2018,12,Hungarian Grand Prix,hungaroring,2018-07-29,bottas,mercedes,2,5,5,10.0,70,Finished
2018,12,Hungarian Grand Prix,hungaroring,2018-07-29,gasly,toro_rosso,6,6,6,8.0,70,Finished
2018,12,Hungarian Grand Prix,hungaroring,2018-07-29,kevin_magnussen,haas,9,7,7,6.0,69,+1 Lap
2018,12,Hungarian Grand Prix,hungaroring,2018-07-29,alonso,mclaren,11,8,8,4.0,69,+1 Lap
2018,12,Hungarian Grand Prix,hungaroring,2018-07-29,sainz,renault,5,9,9,2.0,69,+1 Lap
2018,12,Hungarian Grand Prix,hungaroring,2018-07-29,grosjean,haas,10,10,10,1.0,69,+1 Lap
2018,12,Hungarian Grand Prix,hungaroring,2018-07-29,brendon_hartley,toro_rosso,8,11,11,0.0,69,+1 Lap
2018,12,Hungarian Grand Prix,hungaroring,2018-07-29,hulkenberg,renault,13,12,12,0.0,69,+1 Lap
2018,12,Hungarian Grand Prix,hungaroring,2018-07-29,ocon,force_india,18,13,13,0.0,69,+1 Lap
2018,12,Hungarian Grand Prix,hungaroring,2018-07-29,perez,force_india,19,14,14,0.0,69,+1 Lap
2018,12,Hungarian Grand Prix,hungaroring,2018-07-29,ericsson,sauber,14,15,15,0.0,68,+2 Laps
2018,12,Hungarian Grand Prix,hungaroring,2018-07-29,sirotkin,williams,20,16,16,0.0,68,+2 Laps
2018,12,Hungarian Grand Prix,hungaroring,2018-07-29,stroll,williams,15,17,17,0.0,68,+2 Laps
2018,12,Hungarian Grand Prix,hungaroring,2018-07-29,vandoorne,mclaren,16,18,R,0.0,49,Gearbox
2018,12,Hungarian Grand Prix,hungaroring,2018-07-29,max_verstappen,red_bull,7,19,R,0.0,5,Power loss
2018,12,Hungarian Grand Prix,hungaroring,2018-07-29,leclerc,sauber,17,20,R,0.0,0,Suspension
2018,13,Belgian Grand Prix,spa,2018-08-26,vettel,ferrari,2,1,1,25.0,44,Finished
2018,13,Belgian Grand Prix,spa,2018-08-26,hamilton,mercedes,1,2,2,18.0,44,Finished
2018,13,Belgian Grand Prix,spa,2018-08-26,max_verstappen,red_bull,7,3,3,15.0,44,Finished
2018,13,Belgian Grand Prix,spa,2018-08-26,bottas,mercedes,19,4,4,12.0,44,Finished
2018,13,Belgian Grand Prix,spa,2018-08-26,perez,force_india,4,5,5,10.0,44,Finished
2018,13,Belgian Grand Prix,spa,2018-08-26,ocon,force_india,3,6,6,8.0,44,Finished
2018,13,Belgian Grand Prix,spa,2018-08-26,grosjean,haas,5,7,7,6.0,44,Finished
2018,13,Belgian Grand Prix,spa,2018-08-26,kevin_magnussen,haas,9,8,8,4.0,44,Finished
2018,13,Belgian Grand Prix,spa,2018-08-26,gasly,toro_rosso,10,9,9,2.0,44,Finished
2018,13,Belgian Grand Prix,spa,2018-08-26,ericsson,sauber,13,10,10,1.0,43,+1 Lap
2018,13,Belgian Grand Prix,spa,2018-08-26,sainz,renault,14,11,11,0.0,43,+1 Lap
2018,13,Belgian Grand Prix,spa,2018-08-26,sirotkin,williams,16,12,12,0.0,43,+1 Lap
2018,13,Belgian Grand Prix,spa,2018-08-26,stroll,williams,17,13,13,0.0,43,+1 Lap
2018,13,Belgian Grand Prix,spa,2018-08-26,brendon_hartley,toro_rosso,11,14,14,0.0,43,+1 Lap
2018,13,Belgian Grand Prix,spa,2018-08-26,vandoorne,mclaren,18,15,15,0.0,43,+1 Lap
2018,13,Belgian Grand Prix,spa,2018-08-26,ricciardo,red_bull,8,16,R,0.0,28,Retired
2018,13,Belgian Grand Prix,spa,2018-08-26,raikkonen,ferrari,6,17,R,0.0,8,Brakes
2018,13,Belgian Grand Prix,spa,2018-08-26,leclerc,sauber,12,18,R,0.0,0,Accident
2018,13,Belgian Grand Prix,spa,2018-08-26,alonso,mclaren,15,19,R,0.0,0,Accident
2018,13,Belgian Grand Prix,spa,2018-08-26,hulkenberg,renault,20,20,R,0.0,0,Accident
2018,14,Italian Grand Prix,monza,2018-09-02,hamilton,mercedes,3,1,1,25.0,53,Finished
2018,14,Italian Grand Prix,monza,2018-09-02,raikkonen,ferrari,1,2,2,18.0,53,Finished
2018,14,Italian Grand Prix,monza,2018-09-02,bottas,mercedes,4,3,3,15.0,53,Finished
2018,14,Italian Grand Prix,monza,2018-09-02,vettel,ferrari,2,4,4,12.0,53,Finished
2018,14,Italian Grand Prix,monza,2018-09-02,max_verstappen,red_bull,5,5,5,10.0,53,Finished
2018,14,Italian Grand Prix,monza,2018-09-02,ocon,force_india,8,6,6,8.0,53,Finished
2018,14,Italian Grand Prix,monza,2018-09-02,perez,force_india,14,7,7,6.0,53,Finished
2018,14,Italian Grand Prix,monza,2018-09-02,sainz,renault,7,8,8,4.0,53,Finished
2018,14,Italian Grand Prix,monza,2018-09-02,stroll,williams,10,9,9,2.0,52,+1 Lap
2018,14,Italian Grand Prix,monza,2018-09-02,sirotkin,williams,12,10,10,1.0,52,+1 Lap
2018,14,Italian Grand Prix,monza,2018-09-02,leclerc,sauber,15,11,11,0.0,52,+1 Lap
2018,14,Italian Grand Prix,monza,2018-09-02,vandoorne,mclaren,17,12,12,0.0,52,+1 Lap
2018,14,Italian Grand Prix,monza,2018-09-02,hulkenberg,renault,20,13,13,0.0,52,+1 Lap
2018,14,Italian Grand Prix,monza,2018-09-02,gasly,toro_rosso,9,14,14,0.0,52,+1 Lap
2018,14,Italian Grand Prix,monza,2018-09-02,ericsson,sauber,18,15,15,0.0,52,+1 Lap
2018,14,Italian Grand Prix,monza,2018-09-02,kevin_magnussen,haas,11,16,16,0.0,52,+1 Lap
2018,14,Italian Grand Prix,monza,2018-09-02,ricciardo,red_bull,19,17,R,0.0,23,Engine
2018,14,Italian Grand Prix,monza,2018-09-02,alonso,mclaren,13,18,R,0.0,9,Engine
2018,14,Italian Grand Prix,monza,2018-09-02,brendon_hartley,toro_rosso,16,19,R,0.0,0,Brakes
2018,14,Italian Grand Prix,monza,2018-09-02,grosjean,haas,6,20,D,0.0,53,Disqualified
2018,15,Singapore Grand Prix,marina_bay,2018-09-16,hamilton,mercedes,1,1,1,25.0,61,Finished
2018,15,Singapore Grand Prix,marina_bay,2018-09-16,max_verstappen,red_bull,2,2,2,18.0,61,Finished
2018,15,Singapore Grand Prix,marina_bay,2018-09-16,vettel,ferrari,3,3,3,15.0,61,Finished
2018,15,Singapore Grand Prix,marina_bay,2018-09-16,bottas,mercedes,4,4,4,12.0,61,Finished
2018,15,Singapore Grand Prix,marina_bay,2018-09-16,raikkonen,ferrari,5,5,5,10.0,61,Finished
2018,15,Singapore Grand Prix,marina_bay,2018-09-16,ricciardo,red_bull,6,6,6,8.0,61,Finished
2018,15,Singapore Grand Prix,marina_bay,2018-09-16,alonso,mclaren,11,7,7,6.0,61,Finished
2018,15,Singapore Grand Prix,marina_bay,2018-09-16,sainz,renault,12,8,8,4.0,60,+1 Lap
2018,15,Singapore Grand Prix,marina_bay,2018-09-16,leclerc,sauber,13,9,9,2.0,60,+1 Lap
2018,15,Singapore Grand Prix,marina_bay,2018-09-16,hulkenberg,renault,10,10,10,1.0,60,+1 Lap
2018,15,Singapore Grand Prix,marina_bay,2018-09-16,ericsson,sauber,14,11,11,0.0,60,+1 Lap
2018,15,Singapore Grand Prix,marina_bay,2018-09-16,vandoorne,mclaren,18,12,12,0.0,60,+1 Lap
2018,15,Singapore Grand Prix,marina_bay,2018-09-16,gasly,toro_rosso,15,13,13,0.0,60,+1 Lap
2018,15,Singapore Grand Prix,marina_bay,2018-09-16,stroll,williams,20,14,14,0.0,60,+1 Lap
2018,15,Singapore Grand Prix,marina_bay,2018-09-16,grosjean,haas,8,15,15,0.0,60,+1 Lap
2018,15,Singapore Grand Prix,marina_bay,2018-09-16,perez,force_india,7,16,16,0.0,60,+1 Lap
2018,15,Singapore Grand Prix,marina_bay,2018-09-16,brendon_hartley,toro_rosso,17,17,17,0.0,60,+1 Lap
2018,15,Singapore Grand Prix,marina_bay,2018-09-16,kevin_magnussen,haas,16,18,18,0.0,59,+2 Laps
2018,15,Singapore Grand Prix,marina_bay,2018-09-16,sirotkin,williams,19,19,19,0.0,59,+2 Laps
2018,15,Singapore Grand Prix,marina_bay,2018-09-16,ocon,force_india,9,20,R,0.0,0,Collision
2018,16,Russian Grand Prix,sochi,2018-09-30,hamilton,mercedes,2,1,1,25.0,53,Finished
2018,16,Russian Grand Prix,sochi,2018-09-30,bottas,mercedes,1,2,2,18.0,53,Finished
2018,16,Russian Grand Prix,sochi,2018-09-30,vettel,ferrari,3,3,3,15.0,53,Finished
2018,16,Russian Grand Prix,sochi,2018-09-30,raikkonen,ferrari,4,4,4,12.0,53,Finished
2018,16,Russian Grand Prix,sochi,2018-09-30,max_verstappen,red_bull,19,5,5,10.0,53,Finished
2018,16,Russian Grand Prix,sochi,2018-09-30,ricciardo,red_bull,18,6,6,8.0,53,Finished
2018,16,Russian Grand Prix,sochi,2018-09-30,leclerc,sauber,7,7,7,6.0,53,Finished
2018,16,Russian Grand Prix,sochi,2018-09-30,kevin_magnussen,haas,5,8,8,4.0,52,+1 Lap
2018,16,Russian Grand Prix,sochi,2018-09-30,ocon,force_india,6,9,9,2.0,52,+1 Lap
2018,16,Russian Grand Prix,sochi,2018-09-30,perez,force_india,8,10,10,1.0,52,+1 Lap
2018,16,Russian Grand Prix,sochi,2018-09-30,grosjean,haas,9,11,11,0.0,52,+1 Lap
2018,16,Russian Grand Prix,sochi,2018-09-30,hulkenberg,renault,12,12,12,0.0,52,+1 Lap
2018,16,Russian Grand Prix,sochi,2018-09-30,ericsson,sauber,10,13,13,0.0,52,+1 Lap
2018,16,Russian Grand Prix,sochi,2018-09-30,alonso,mclaren,16,14,14,0.0,52,+1 Lap
2018,16,Russian Grand Prix,sochi,2018-09-30,stroll,williams,14,15,15,0.0,52,+1 Lap
2018,16,Russian Grand Prix,sochi,2018-09-30,vandoorne,mclaren,15,16,16,0.0,51,+2 Laps
2018,16,Russian Grand Prix,sochi,2018-09-30,sainz,renault,11,17,17,0.0,51,+2 Laps
2018,16,Russian Grand Prix,sochi,2018-09-30,sirotkin,williams,13,18,18,0.0,51,+2 Laps
2018,16,Russian Grand Prix,sochi,2018-09-30,gasly,toro_rosso,17,19,R,0.0,4,Brakes
2018,16,Russian Grand Prix,sochi,2018-09-30,brendon_hartley,toro_rosso,20,20,R,0.0,4,Brakes
2018,17,Japanese Grand Prix,suzuka,2018-10-07,hamilton,mercedes,1,1,1,25.0,53,Finished
2018,17,Japanese Grand Prix,suzuka,2018-10-07,bottas,mercedes,2,2,2,18.0,53,Finished
2018,17,Japanese Grand Prix,suzuka,2018-10-07,max_verstappen,red_bull,3,3,3,15.0,53,Finished
2018,17,Japanese Grand Prix,suzuka,2018-10-07,ricciardo,red_bull,15,4,4,12.0,53,Finished
2018,17,Japanese Grand Prix,suzuka,2018-10-07,raikkonen,ferrari,4,5,5,10.0,53,Finished
2018,17,Japanese Grand Prix,suzuka,2018-10-07,vettel,ferrari,8,6,6,8.0,53,Finished
2018,17,Japanese Grand Prix,suzuka,2018-10-07,perez,force_india,9,7,7,6.0,53,Finished
2018,17,Japanese Grand Prix,suzuka,2018-10-07,grosjean,haas,5,8,8,4.0,53,Finished
2018,17,Japanese Grand Prix,suzuka,2018-10-07,ocon,force_india,11,9,9,2.0,53,Finished
2018,17,Japanese Grand Prix,suzuka,2018-10-07,sainz,renault,13,10,10,1.0,52,+1 Lap
2018,17,Japanese Grand Prix,suzuka,2018-10-07,gasly,toro_rosso,7,11,11,0.0,52,+1 Lap
2018,17,Japanese Grand Prix,suzuka,2018-10-07,ericsson,sauber,20,12,12,0.0,52,+1 Lap
2018,17,Japanese Grand Prix,suzuka,2018-10-07,brendon_hartley,toro_rosso,6,13,13,0.0,52,+1 Lap
2018,17,Japanese Grand Prix,suzuka,2018-10-07,alonso,mclaren,18,14,14,0.0,52,+1 Lap
2018,17,Japanese Grand Prix,suzuka,2018-10-07,vandoorne,mclaren,19,15,15,0.0,52,+1 Lap
2018,17,Japanese Grand Prix,suzuka,2018-10-07,sirotkin,williams,17,16,16,0.0,52,+1 Lap
2018,17,Japanese Grand Prix,suzuka,2018-10-07,stroll,williams,14,17,17,0.0,52,+1 Lap
2018,17,Japanese Grand Prix,suzuka,2018-10-07,leclerc,sauber,10,18,R,0.0,38,Mechanical
2018,17,Japanese Grand Prix,suzuka,2018-10-07,hulkenberg,renault,16,19,R,0.0,37,Engine
2018,17,Japanese Grand Prix,suzuka,2018-10-07,kevin_magnussen,haas,12,20,R,0.0,8,Collision damage
2018,18,United States Grand Prix,americas,2018-10-21,raikkonen,ferrari,2,1,1,25.0,56,Finished
2018,18,United States Grand Prix,americas,2018-10-21,max_verstappen,red_bull,18,2,2,18.0,56,Finished
2018,18,United States Grand Prix,americas,2018-10-21,hamilton,mercedes,1,3,3,15.0,56,Finished
2018,18,United States Grand Prix,americas,2018-10-21,vettel,ferrari,5,4,4,12.0,56,Finished
2018,18,United States Grand Prix,americas,2018-10-21,bottas,mercedes,3,5,5,10.0,56,Finished
2018,18,United States Grand Prix,americas,2018-10-21,hulkenberg,renault,7,6,6,8.0,56,Finished
2018,18,United States Grand Prix,americas,2018-10-21,sainz,renault,11,7,7,6.0,56,Finished
2018,18,United States Grand Prix,americas,2018-10-21,perez,force_india,10,8,8,4.0,56,Finished
2018,18,United States Grand Prix,americas,2018-10-21,brendon_hartley,toro_rosso,20,9,9,2.0,55,+1 Lap
2018,18,United States Grand Prix,americas,2018-10-21,ericsson,sauber,16,10,10,1.0,55,+1 Lap
2018,18,United States Grand Prix,americas,2018-10-21,vandoorne,mclaren,17,11,11,0.0,55,+1 Lap
2018,18,United States Grand Prix,americas,2018-10-21,gasly,toro_rosso,19,12,12,0.0,55,+1 Lap
2018,18,United States Grand Prix,americas,2018-10-21,sirotkin,williams,14,13,13,0.0,55,+1 Lap
2018,18,United States Grand Prix,americas,2018-10-21,stroll,williams,15,14,14,0.0,54,+2 Laps
2018,18,United States Grand Prix,americas,2018-10-21,leclerc,sauber,9,15,R,0.0,31,Collision damage
2018,18,United States Grand Prix,americas,2018-10-21,ricciardo,red_bull,4,16,R,0.0,8,Battery
2018,18,United States Grand Prix,americas,2018-10-21,grosjean,haas,8,17,R,0.0,2,Collision damage
2018,18,United States Grand Prix,americas,2018-10-21,alonso,mclaren,13,18,R,0.0,1,Collision
2018,18,United States Grand Prix,americas,2018-10-21,ocon,force_india,6,19,D,0.0,56,Disqualified
2018,18,United States Grand Prix,americas,2018-10-21,kevin_magnussen,haas,12,20,D,0.0,56,Disqualified
2018,19,Mexican Grand Prix,rodriguez,2018-10-28,max_verstappen,red_bull,2,1,1,25.0,71,Finished
2018,19,Mexican Grand Prix,rodriguez,2018-10-28,vettel,ferrari,4,2,2,18.0,71,Finished
2018,19,Mexican Grand Prix,rodriguez,2018-10-28,raikkonen,ferrari,6,3,3,15.0,71,Finished
2018,19,Mexican Grand Prix,rodriguez,2018-10-28,hamilton,mercedes,3,4,4,12.0,71,Finished
2018,19,Mexican Grand Prix,rodriguez,2018-10-28,bottas,mercedes,5,5,5,10.0,70,+1 Lap
2018,19,Mexican Grand Prix,rodriguez,2018-10-28,hulkenberg,renault,7,6,6,8.0,69,+2 Laps
2018,19,Mexican Grand Prix,rodriguez,2018-10-28,leclerc,sauber,9,7,7,6.0,69,+2 Laps
2018,19,Mexican Grand Prix,rodriguez,2018-10-28,vandoorne,mclaren,15,8,8,4.0,69,+2 Laps
2018,19,Mexican Grand Prix,rodriguez,2018-10-28,ericsson,sauber,10,9,9,2.0,69,+2 Laps
2018,19,Mexican Grand Prix,rodriguez,2018-10-28,gasly,toro_rosso,20,10,10,1.0,69,+2 Laps
2018,19,Mexican Grand Prix,rodriguez,2018-10-28,ocon,force_india,11,11,11,0.0,69,+2 Laps
2018,19,Mexican Grand Prix,rodriguez,2018-10-28,stroll,williams,17,12,12,0.0,69,+2 Laps
2018,19,Mexican Grand Prix,rodriguez,2018-10-28,sirotkin,williams,19,13,13,0.0,69,+2 Laps
2018,19,Mexican Grand Prix,rodriguez,2018-10-28,brendon_hartley,toro_rosso,14,14,14,0.0,69,+2 Laps
2018,19,Mexican Grand Prix,rodriguez,2018-10-28,kevin_magnussen,haas,16,15,15,0.0,69,+2 Laps
2018,19,Mexican Grand Prix,rodriguez,2018-10-28,grosjean,haas,18,16,16,0.0,68,+3 Laps
2018,19,Mexican Grand Prix,rodriguez,2018-10-28,ricciardo,red_bull,1,17,R,0.0,61,Engine
2018,19,Mexican Grand Prix,rodriguez,2018-10-28,perez,force_india,13,18,R,0.0,38,Brakes
2018,19,Mexican Grand Prix,rodriguez,2018-10-28,sainz,renault,8,19,R,0.0,28,Suspension
2018,19,Mexican Grand Prix,rodriguez,2018-10-28,alonso,mclaren,12,20,R,0.0,3,Engine
2018,20,Brazilian Grand Prix,interlagos,2018-11-11,hamilton,mercedes,1,1,1,25.0,71,Finished
2018,20,Brazilian Grand Prix,interlagos,2018-11-11,max_verstappen,red_bull,5,2,2,18.0,71,Finished
2018,20,Brazilian Grand Prix,interlagos,2018-11-11,raikkonen,ferrari,4,3,3,15.0,71,Finished
2018,20,Brazilian Grand Prix,interlagos,2018-11-11,ricciardo,red_bull,11,4,4,12.0,71,Finished
2018,20,Brazilian Grand Prix,interlagos,2018-11-11,bottas,mercedes,3,5,5,10.0,71,Finished
2018,20,Brazilian Grand Prix,interlagos,2018-11-11,vettel,ferrari,2,6,6,8.0,71,Finished
2018,20,Brazilian Grand Prix,interlagos,2018-11-11,leclerc,sauber,7,7,7,6.0,71,Finished
2018,20,Brazilian Grand Prix,interlagos,2018-11-11,grosjean,haas,8,8,8,4.0,71,Finished
2018,20,Brazilian Grand Prix,interlagos,2018-11-11,kevin_magnussen,haas,10,9,9,2.0,71,Finished
2018,20,Brazilian Grand Prix,interlagos,2018-11-11,perez,force_india,12,10,10,1.0,70,+1 Lap
2018,20,Brazilian Grand Prix,interlagos,2018-11-11,brendon_hartley,toro_rosso,16,11,11,0.0,70,+1 Lap
2018,20,Brazilian Grand Prix,interlagos,2018-11-11,sainz,renault,15,12,12,0.0,70,+1 Lap
2018,20,Brazilian Grand Prix,interlagos,2018-11-11,gasly,toro_rosso,9,13,13,0.0,70,+1 Lap
2018,20,Brazilian Grand Prix,interlagos,2018-11-11,vandoorne,mclaren,20,14,14,0.0,70,+1 Lap
2018,20,Brazilian Grand Prix,interlagos,2018-11-11,ocon,force_india,18,15,15,0.0,70,+1 Lap
2018,20,Brazilian Grand Prix,interlagos,2018-11-11,sirotkin,williams,14,16,16,0.0,69,+2 Laps
2018,20,Brazilian Grand Prix,interlagos,2018-11-11,alonso,mclaren,17,17,17,0.0,69,+2 Laps
2018,20,Brazilian Grand Prix,interlagos,2018-11-11,stroll,williams,19,18,18,0.0,69,+2 Laps
2018,20,Brazilian Grand Prix,interlagos,2018-11-11,hulkenberg,renault,13,19,R,0.0,32,Overheating
2018,20,Brazilian Grand Prix,interlagos,2018-11-11,ericsson,sauber,6,20,R,0.0,20,Collision
2018,21,Abu Dhabi Grand Prix,yas_marina,2018-11-25,hamilton,mercedes,1,1,1,25.0,55,Finished
2018,21,Abu Dhabi Grand Prix,yas_marina,2018-11-25,vettel,ferrari,3,2,2,18.0,55,Finished
2018,21,Abu Dhabi Grand Prix,yas_marina,2018-11-25,max_verstappen,red_bull,6,3,3,15.0,55,Finished
2018,21,Abu Dhabi Grand Prix,yas_marina,2018-11-25,ricciardo,red_bull,5,4,4,12.0,55,Finished
2018,21,Abu Dhabi Grand Prix,yas_marina,2018-11-25,bottas,mercedes,2,5,5,10.0,55,Finished
2018,21,Abu Dhabi Grand Prix,yas_marina,2018-11-25,sainz,renault,11,6,6,8.0,55,Finished
2018,21,Abu Dhabi Grand Prix,yas_marina,2018-11-25,leclerc,sauber,8,7,7,6.0,55,Finished
2018,21,Abu Dhabi Grand Prix,yas_marina,2018-11-25,perez,force_india,14,8,8,4.0,55,Finished
2018,21,Abu Dhabi Grand Prix,yas_marina,2018-11-25,grosjean,haas,7,9,9,2.0,54,+1 Lap
2018,21,Abu Dhabi Grand Prix,yas_marina,2018-11-25,kevin_magnussen,haas,13,10,10,1.0,54,+1 Lap
2018,21,Abu Dhabi Grand Prix,yas_marina,2018-11-25,alonso,mclaren,15,11,11,0.0,54,+1 Lap
2018,21,Abu Dhabi Grand Prix,yas_marina,2018-11-25,brendon_hartley,toro_rosso,16,12,12,0.0,54,+1 Lap
2018,21,Abu Dhabi Grand Prix,yas_marina,2018-11-25,stroll,williams,20,13,13,0.0,54,+1 Lap
2018,21,Abu Dhabi Grand Prix,yas_marina,2018-11-25,vandoorne,mclaren,18,14,14,0.0,54,+1 Lap
2018,21,Abu Dhabi Grand Prix,yas_marina,2018-11-25,sirotkin,williams,19,15,15,0.0,54,+1 Lap
2018,21,Abu Dhabi Grand Prix,yas_marina,2018-11-25,gasly,toro_rosso,17,16,R,0.0,46,Engine
2018,21,Abu Dhabi Grand Prix,yas_marina,2018-11-25,ocon,force_india,9,17,R,0.0,44,Engine
2018,21,Abu Dhabi Grand Prix,yas_marina,2018-11-25,ericsson,sauber,12,18,R,0.0,24,Power loss
2018,21,Abu Dhabi Grand Prix,yas_marina,2018-11-25,raikkonen,ferrari,4,19,R,0.0,6,Power loss
2018,21,Abu Dhabi Grand Prix,yas_marina,2018-11-25,hulkenberg,renault,10,20,R,0.0,0,Collision
2019,1,Australian Grand Prix,albert_park,2019-03-17,bottas,mercedes,2,1,1,26.0,58,Finished
2019,1,Australian Grand Prix,albert_park,2019-03-17,hamilton,mercedes,1,2,2,18.0,58,Finished
2019,1,Australian Grand Prix,albert_park,2019-03-17,max_verstappen,red_bull,4,3,3,15.0,58,Finished
2019,1,Australian Grand Prix,albert_park,2019-03-17,vettel,ferrari,3,4,4,12.0,58,Finished
2019,1,Australian Grand Prix,albert_park,2019-03-17,leclerc,ferrari,5,5,5,10.0,58,Finished
2019,1,Australian Grand Prix,albert_park,2019-03-17,kevin_magnussen,haas,7,6,6,8.0,58,Finished
2019,1,Australian Grand Prix,albert_park,2019-03-17,hulkenberg,renault,11,7,7,6.0,57,+1 Lap
2019,1,Australian Grand Prix,albert_park,2019-03-17,raikkonen,alfa,9,8,8,4.0,57,+1 Lap
2019,1,Australian Grand Prix,albert_park,2019-03-17,stroll,racing_point,16,9,9,2.0,57,+1 Lap
2019,1,Australian Grand Prix,albert_park,2019-03-17,kvyat,toro_rosso,15,10,10,1.0,57,+1 Lap
2019,1,Australian Grand Prix,albert_park,2019-03-17,gasly,red_bull,17,11,11,0.0,57,+1 Lap
2019,1,Australian Grand Prix,albert_park,2019-03-17,norris,mclaren,8,12,12,0.0,57,+1 Lap
2019,1,Australian Grand Prix,albert_park,2019-03-17,perez,racing_point,10,13,13,0.0,57,+1 Lap
2019,1,Australian Grand Prix,albert_park,2019-03-17,albon,toro_rosso,13,14,14,0.0,57,+1 Lap
2019,1,Australian Grand Prix,albert_park,2019-03-17,giovinazzi,alfa,14,15,15,0.0,57,+1 Lap
2019,1,Australian Grand Prix,albert_park,2019-03-17,russell,williams,19,16,16,0.0,56,+2 Laps
2019,1,Australian Grand Prix,albert_park,2019-03-17,kubica,williams,20,17,17,0.0,55,+3 Laps
2019,1,Australian Grand Prix,albert_park,2019-03-17,grosjean,haas,6,18,R,0.0,29,Wheel
2019,1,Australian Grand Prix,albert_park,2019-03-17,ricciardo,renault,12,19,R,0.0,28,Damage
2019,1,Australian Grand Prix,albert_park,2019-03-17,sainz,mclaren,18,20,R,0.0,9,Engine
2019,2,Bahrain Grand Prix,bahrain,2019-03-31,hamilton,mercedes,3,1,1,25.0,57,Finished
2019,2,Bahrain Grand Prix,bahrain,2019-03-31,bottas,mercedes,4,2,2,18.0,57,Finished
2019,2,Bahrain Grand Prix,bahrain,2019-03-31,leclerc,ferrari,1,3,3,16.0,57,Finished
2019,2,Bahrain Grand Prix,bahrain,2019-03-31,max_verstappen,red_bull,5,4,4,12.0,57,Finished
2019,2,Bahrain Grand Prix,bahrain,2019-03-31,vettel,ferrari,2,5,5,10.0,57,Finished
2019,2,Bahrain Grand Prix,bahrain,2019-03-31,norris,mclaren,9,6,6,8.0,57,Finished
2019,2,Bahrain Grand Prix,bahrain,2019-03-31,raikkonen,alfa,8,7,7,6.0,57,Finished
2019,2,Bahrain Grand Prix,bahrain,2019-03-31,gasly,red_bull,13,8,8,4.0,57,Finished
2019,2,Bahrain Grand Prix,bahrain,2019-03-31,albon,toro_rosso,12,9,9,2.0,57,Finished
2019,2,Bahrain Grand Prix,bahrain,2019-03-31,perez,racing_point,14,10,10,1.0,57,Finished
2019,2,Bahrain Grand Prix,bahrain,2019-03-31,giovinazzi,alfa,16,11,11,0.0,57,Finished
2019,2,Bahrain Grand Prix,bahrain,2019-03-31,kvyat,toro_rosso,15,12,12,0.0,56,+1 Lap
2019,2,Bahrain Grand Prix,bahrain,2019-03-31,kevin_magnussen,haas,6,13,13,0.0,56,+1 Lap
2019,2,Bahrain Grand Prix,bahrain,2019-03-31,stroll,racing_point,18,14,14,0.0,56,+1 Lap
2019,2,Bahrain Grand Prix,bahrain,2019-03-31,russell,williams,19,15,15,0.0,56,+1 Lap
2019,2,Bahrain Grand Prix,bahrain,2019-03-31,kubica,williams,20,16,16,0.0,55,+2 Laps
2019,2,Bahrain Grand Prix,bahrain,2019-03-31,hulkenberg,renault,17,17,R,0.0,53,Engine
2019,2,Bahrain Grand Prix,bahrain,2019-03-31,ricciardo,renault,10,18,R,0.0,53,Out of fuel
2019,2,Bahrain Grand Prix,bahrain,2019-03-31,sainz,mclaren,7,19,R,0.0,53,Collision damage
2019,2,Bahrain Grand Prix,bahrain,2019-03-31,grosjean,haas,11,20,R,0.0,16,Retired
2019,3,Chinese Grand Prix,shanghai,2019-04-14,hamilton,mercedes,2,1,1,25.0,56,Finished
2019,3,Chinese Grand Prix,shanghai,2019-04-14,bottas,mercedes,1,2,2,18.0,56,Finished
2019,3,Chinese Grand Prix,shanghai,2019-04-14,vettel,ferrari,3,3,3,15.0,56,Finished
2019,3,Chinese Grand Prix,shanghai,2019-04-14,max_verstappen,red_bull,5,4,4,12.0,56,Finished
2019,3,Chinese Grand Prix,shanghai,2019-04-14,leclerc,ferrari,4,5,5,10.0,56,Finished
2019,3,Chinese Grand Prix,shanghai,2019-04-14,gasly,red_bull,6,6,6,9.0,56,Finished
2019,3,Chinese Grand Prix,shanghai,2019-04-14,ricciardo,renault,7,7,7,6.0,55,+1 Lap
2019,3,Chinese Grand Prix,shanghai,2019-04-14,perez,racing_point,12,8,8,4.0,55,+1 Lap
2019,3,Chinese Grand Prix,shanghai,2019-04-14,raikkonen,alfa,13,9,9,2.0,55,+1 Lap
2019,3,Chinese Grand Prix,shanghai,2019-04-14,albon,toro_rosso,0,10,10,1.0,55,+1 Lap
2019,3,Chinese Grand Prix,shanghai,2019-04-14,grosjean,haas,10,11,11,0.0,55,+1 Lap
2019,3,Chinese Grand Prix,shanghai,2019-04-14,stroll,racing_point,16,12,12,0.0,55,+1 Lap
2019,3,Chinese Grand Prix,shanghai,2019-04-14,kevin_magnussen,haas,9,13,13,0.0,55,+1 Lap
2019,3,Chinese Grand Prix,shanghai,2019-04-14,sainz,mclaren,14,14,14,0.0,55,+1 Lap
2019,3,Chinese Grand Prix,shanghai,2019-04-14,giovinazzi,alfa,19,15,15,0.0,55,+1 Lap
2019,3,Chinese Grand Prix,shanghai,2019-04-14,russell,williams,17,16,16,0.0,54,+2 Laps
2019,3,Chinese Grand Prix,shanghai,2019-04-14,kubica,williams,18,17,17,0.0,54,+2 Laps
2019,3,Chinese Grand Prix,shanghai,2019-04-14,norris,mclaren,15,18,18,0.0,50,Collision
2019,3,Chinese Grand Prix,shanghai,2019-04-14,kvyat,toro_rosso,11,19,R,0.0,41,Collision
2019,3,Chinese Grand Prix,shanghai,2019-04-14,hulkenberg,renault,8,20,R,0.0,16,Power Unit
2019,4,Azerbaijan Grand Prix,baku,2019-04-28,bottas,mercedes,1,1,1,25.0,51,Finished
2019,4,Azerbaijan Grand Prix,baku,2019-04-28,hamilton,mercedes,2,2,2,18.0,51,Finished
2019,4,Azerbaijan Grand Prix,baku,2019-04-28,vettel,ferrari,3,3,3,15.0,51,Finished
2019,4,Azerbaijan Grand Prix,baku,2019-04-28,max_verstappen,red_bull,4,4,4,12.0,51,Finished
2019,4,Azerbaijan Grand Prix,baku,2019-04-28,leclerc,ferrari,8,5,5,11.0,51,Finished
2019,4,Azerbaijan Grand Prix,baku,2019-04-28,perez,racing_point,5,6,6,8.0,51,Finished
2019,4,Azerbaijan Grand Prix,baku,2019-04-28,sainz,mclaren,9,7,7,6.0,51,Finished
2019,4,Azerbaijan Grand Prix,baku,2019-04-28,norris,mclaren,7,8,8,4.0,51,Finished
2019,4,Azerbaijan Grand Prix,baku,2019-04-28,stroll,racing_point,13,9,9,2.0,51,Finished
2019,4,Azerbaijan Grand Prix,baku,2019-04-28,raikkonen,alfa,0,10,10,1.0,50,+1 Lap
2019,4,Azerbaijan Grand Prix,baku,2019-04-28,albon,toro_rosso,11,11,11,0.0,50,+1 Lap
2019,4,Azerbaijan Grand Prix,baku,2019-04-28,giovinazzi,alfa,17,12,12,0.0,50,+1 Lap
2019,4,Azerbaijan Grand Prix,baku,2019-04-28,kevin_magnussen,haas,12,13,13,0.0,50,+1 Lap
2019,4,Azerbaijan Grand Prix,baku,2019-04-28,hulkenberg,renault,15,14,14,0.0,50,+1 Lap
2019,4,Azerbaijan Grand Prix,baku,2019-04-28,russell,williams,16,15,15,0.0,49,+2 Laps
2019,4,Azerbaijan Grand Prix,baku,2019-04-28,kubica,williams,0,16,16,0.0,49,+2 Laps
2019,4,Azerbaijan Grand Prix,baku,2019-04-28,gasly,red_bull,0,17,R,0.0,38,Transmission
2019,4,Azerbaijan Grand Prix,baku,2019-04-28,grosjean,haas,14,18,R,0.0,38,Brakes
2019,4,Azerbaijan Grand Prix,baku,2019-04-28,kvyat,toro_rosso,6,19,R,0.0,33,Collision
2019,4,Azerbaijan Grand Prix,baku,2019-04-28,ricciardo,renault,10,20,R,0.0,31,Collision
2019,5,Spanish Grand Prix,catalunya,2019-05-12,hamilton,mercedes,2,1,1,26.0,66,Finished
2019,5,Spanish Grand Prix,catalunya,2019-05-12,bottas,mercedes,1,2,2,18.0,66,Finished
2019,5,Spanish Grand Prix,catalunya,2019-05-12,max_verstappen,red_bull,4,3,3,15.0,66,Finished
2019,5,Spanish Grand Prix,catalunya,2019-05-12,vettel,ferrari,3,4,4,12.0,66,Finished
2019,5,Spanish Grand Prix,catalunya,2019-05-12,leclerc,ferrari,5,5,5,10.0,66,Finished
2019,5,Spanish Grand Prix,catalunya,2019-05-12,gasly,red_bull,6,6,6,8.0,66,Finished
2019,5,Spanish Grand Prix,catalunya,2019-05-12,kevin_magnussen,haas,8,7,7,6.0,66,Finished
2019,5,Spanish Grand Prix,catalunya,2019-05-12,sainz,mclaren,12,8,8,4.0,66,Finished
2019,5,Spanish Grand Prix,catalunya,2019-05-12,kvyat,toro_rosso,9,9,9,2.0,66,Finished
2019,5,Spanish Grand Prix,catalunya,2019-05-12,grosjean,haas,7,10,10,1.0,66,Finished
2019,5,Spanish Grand Prix,catalunya,2019-05-12,albon,toro_rosso,11,11,11,0.0,66,Finished
2019,5,Spanish Grand Prix,catalunya,2019-05-12,ricciardo,renault,13,12,12,0.0,66,Finished
2019,5,Spanish Grand Prix,catalunya,2019-05-12,hulkenberg,renault,0,13,13,0.0,66,Finished
2019,5,Spanish Grand Prix,catalunya,2019-05-12,raikkonen,alfa,14,14,14,0.0,66,Finished
2019,5,Spanish Grand Prix,catalunya,2019-05-12,perez,racing_point,15,15,15,0.0,66,Finished
2019,5,Spanish Grand Prix,catalunya,2019-05-12,giovinazzi,alfa,18,16,16,0.0,66,Finished
2019,5,Spanish Grand Prix,catalunya,2019-05-12,russell,williams,19,17,17,0.0,65,+1 Lap
2019,5,Spanish Grand Prix,catalunya,2019-05-12,kubica,williams,17,18,18,0.0,65,+1 Lap
2019,5,Spanish Grand Prix,catalunya,2019-05-12,stroll,racing_point,16,19,R,0.0,44,Collision
2019,5,Spanish Grand Prix,catalunya,2019-05-12,norris,mclaren,10,20,R,0.0,44,Collision
2019,6,Monaco Grand Prix,monaco,2019-05-26,hamilton,mercedes,1,1,1,25.0,78,Finished
2019,6,Monaco Grand Prix,monaco,2019-05-26,vettel,ferrari,4,2,2,18.0,78,Finished
2019,6,Monaco Grand Prix,monaco,2019-05-26,bottas,mercedes,2,3,3,15.0,78,Finished
2019,6,Monaco Grand Prix,monaco,2019-05-26,max_verstappen,red_bull,3,4,4,12.0,78,Finished
2019,6,Monaco Grand Prix,monaco,2019-05-26,gasly,red_bull,8,5,5,11.0,78,Finished
2019,6,Monaco Grand Prix,monaco,2019-05-26,sainz,mclaren,9,6,6,8.0,78,Finished
2019,6,Monaco Grand Prix,monaco,2019-05-26,kvyat,toro_rosso,7,7,7,6.0,78,Finished
2019,6,Monaco Grand Prix,monaco,2019-05-26,albon,toro_rosso,10,8,8,4.0,78,Finished
2019,6,Monaco Grand Prix,monaco,2019-05-26,ricciardo,renault,6,9,9,2.0,78,Finished
2019,6,Monaco Grand Prix,monaco,2019-05-26,grosjean,haas,13,10,10,1.0,78,Finished
2019,6,Monaco Grand Prix,monaco,2019-05-26,norris,mclaren,12,11,11,0.0,78,Finished
2019,6,Monaco Grand Prix,monaco,2019-05-26,perez,racing_point,16,12,12,0.0,77,+1 Lap
2019,6,Monaco Grand Prix,monaco,2019-05-26,hulkenberg,renault,11,13,13,0.0,77,+1 Lap
2019,6,Monaco Grand Prix,monaco,2019-05-26,kevin_magnussen,haas,5,14,14,0.0,77,+1 Lap
2019,6,Monaco Grand Prix,monaco,2019-05-26,russell,williams,19,15,15,0.0,77,+1 Lap
2019,6,Monaco Grand Prix,monaco,2019-05-26,stroll,racing_point,17,16,16,0.0,77,+1 Lap
2019,6,Monaco Grand Prix,monaco,2019-05-26,raikkonen,alfa,14,17,17,0.0,77,+1 Lap
2019,6,Monaco Grand Prix,monaco,2019-05-26,kubica,williams,20,18,18,0.0,77,+1 Lap
2019,6,Monaco Grand Prix,monaco,2019-05-26,giovinazzi,alfa,18,19,19,0.0,76,+2 Laps
2019,6,Monaco Grand Prix,monaco,2019-05-26,leclerc,ferrari,15,20,R,0.0,16,Collision
2019,7,Canadian Grand Prix,villeneuve,2019-06-09,hamilton,mercedes,2,1,1,25.0,70,Finished
2019,7,Canadian Grand Prix,villeneuve,2019-06-09,vettel,ferrari,1,2,2,18.0,70,Finished
2019,7,Canadian Grand Prix,villeneuve,2019-06-09,leclerc,ferrari,3,3,3,15.0,70,Finished
2019,7,Canadian Grand Prix,villeneuve,2019-06-09,bottas,mercedes,6,4,4,13.0,70,Finished
2019,7,Canadian Grand Prix,villeneuve,2019-06-09,max_verstappen,red_bull,9,5,5,10.0,70,Finished
2019,7,Canadian Grand Prix,villeneuve,2019-06-09,ricciardo,renault,4,6,6,8.0,69,+1 Lap
2019,7,Canadian Grand Prix,villeneuve,2019-06-09,hulkenberg,renault,7,7,7,6.0,69,+1 Lap
2019,7,Canadian Grand Prix,villeneuve,2019-06-09,gasly,red_bull,5,8,8,4.0,69,+1 Lap
2019,7,Canadian Grand Prix,villeneuve,2019-06-09,stroll,racing_point,17,9,9,2.0,69,+1 Lap
2019,7,Canadian Grand Prix,villeneuve,2019-06-09,kvyat,toro_rosso,10,10,10,1.0,69,+1 Lap
2019,7,Canadian Grand Prix,villeneuve,2019-06-09,sainz,mclaren,11,11,11,0.0,69,+1 Lap
2019,7,Canadian Grand Prix,villeneuve,2019-06-09,perez,racing_point,15,12,12,0.0,69,+1 Lap
2019,7,Canadian Grand Prix,villeneuve,2019-06-09,giovinazzi,alfa,12,13,13,0.0,69,+1 Lap
2019,7,Canadian Grand Prix,villeneuve,2019-06-09,grosjean,haas,14,14,14,0.0,69,+1 Lap
2019,7,Canadian Grand Prix,villeneuve,2019-06-09,raikkonen,alfa,16,15,15,0.0,69,+1 Lap
2019,7,Canadian Grand Prix,villeneuve,2019-06-09,russell,williams,18,16,16,0.0,68,+2 Laps
2019,7,Canadian Grand Prix,villeneuve,2019-06-09,kevin_magnussen,haas,0,17,17,0.0,68,+2 Laps
2019,7,Canadian Grand Prix,villeneuve,2019-06-09,kubica,williams,19,18,18,0.0,67,+3 Laps
2019,7,Canadian Grand Prix,villeneuve,2019-06-09,albon,toro_rosso,13,19,R,0.0,59,Collision damage
2019,7,Canadian Grand Prix,villeneuve,2019-06-09,norris,mclaren,8,20,R,0.0,8,Suspension
2019,8,French Grand Prix,ricard,2019-06-23,hamilton,mercedes,1,1,1,25.0,53,Finished
2019,8,French Grand Prix,ricard,2019-06-23,bottas,mercedes,2,2,2,18.0,53,Finished
2019,8,French Grand Prix,ricard,2019-06-23,leclerc,ferrari,3,3,3,15.0,53,Finished
2019,8,French Grand Prix,ricard,2019-06-23,max_verstappen,red_bull,4,4,4,12.0,53,Finished
2019,8,French Grand Prix,ricard,2019-06-23,vettel,ferrari,7,5,5,11.0,53,Finished
2019,8,French Grand Prix,ricard,2019-06-23,sainz,mclaren,6,6,6,8.0,53,Finished
2019,8,French Grand Prix,ricard,2019-06-23,raikkonen,alfa,12,7,7,6.0,52,+1 Lap
2019,8,French Grand Prix,ricard,2019-06-23,hulkenberg,renault,13,8,8,4.0,52,+1 Lap
2019,8,French Grand Prix,ricard,2019-06-23,norris,mclaren,5,9,9,2.0,52,+1 Lap
2019,8,French Grand Prix,ricard,2019-06-23,gasly,red_bull,9,10,10,1.0,52,+1 Lap
2019,8,French Grand Prix,ricard,2019-06-23,ricciardo,renault,8,11,11,0.0,52,+1 Lap
2019,8,French Grand Prix,ricard,2019-06-23,perez,racing_point,14,12,12,0.0,52,+1 Lap
2019,8,French Grand Prix,ricard,2019-06-23,stroll,racing_point,17,13,13,0.0,52,+1 Lap
2019,8,French Grand Prix,ricard,2019-06-23,kvyat,toro_rosso,19,14,14,0.0,52,+1 Lap
2019,8,French Grand Prix,ricard,2019-06-23,albon,toro_rosso,11,15,15,0.0,52,+1 Lap
2019,8,French Grand Prix,ricard,2019-06-23,giovinazzi,alfa,10,16,16,0.0,52,+1 Lap
2019,8,French Grand Prix,ricard,2019-06-23,kevin_magnussen,haas,15,17,17,0.0,52,+1 Lap
2019,8,French Grand Prix,ricard,2019-06-23,kubica,williams,18,18,18,0.0,51,+2 Laps
2019,8,French Grand Prix,ricard,2019-06-23,russell,williams,20,19,19,0.0,51,+2 Laps
2019,8,French Grand Prix,ricard,2019-06-23,grosjean,haas,16,20,20,0.0,44,Retired
2019,9,Austrian Grand Prix,red_bull_ring,2019-06-30,max_verstappen,red_bull,2,1,1,26.0,71,Finished
2019,9,Austrian Grand Prix,red_bull_ring,2019-06-30,leclerc,ferrari,1,2,2,18.0,71,Finished
2019,9,Austrian Grand Prix,red_bull_ring,2019-06-30,bottas,mercedes,3,3,3,15.0,71,Finished
2019,9,Austrian Grand Prix,red_bull_ring,2019-06-30,vettel,ferrari,9,4,4,12.0,71,Finished
2019,9,Austrian Grand Prix,red_bull_ring,2019-06-30,hamilton,mercedes,4,5,5,10.0,71,Finished
2019,9,Austrian Grand Prix,red_bull_ring,2019-06-30,norris,mclaren,5,6,6,8.0,70,+1 Lap
2019,9,Austrian Grand Prix,red_bull_ring,2019-06-30,gasly,red_bull,8,7,7,6.0,70,+1 Lap
2019,9,Austrian Grand Prix,red_bull_ring,2019-06-30,sainz,mclaren,19,8,8,4.0,70,+1 Lap
2019,9,Austrian Grand Prix,red_bull_ring,2019-06-30,raikkonen,alfa,6,9,9,2.0,70,+1 Lap
2019,9,Austrian Grand Prix,red_bull_ring,2019-06-30,giovinazzi,alfa,7,10,10,1.0,70,+1 Lap
2019,9,Austrian Grand Prix,red_bull_ring,2019-06-30,perez,racing_point,13,11,11,0.0,70,+1 Lap
2019,9,Austrian Grand Prix,red_bull_ring,2019-06-30,ricciardo,renault,12,12,12,0.0,70,+1 Lap
2019,9,Austrian Grand Prix,red_bull_ring,2019-06-30,hulkenberg,renault,15,13,13,0.0,70,+1 Lap
2019,9,Austrian Grand Prix,red_bull_ring,2019-06-30,stroll,racing_point,14,14,14,0.0,70,+1 Lap
2019,9,Austrian Grand Prix,red_bull_ring,2019-06-30,albon,toro_rosso,18,15,15,0.0,70,+1 Lap
2019,9,Austrian Grand Prix,red_bull_ring,2019-06-30,grosjean,haas,11,16,16,0.0,70,+1 Lap
2019,9,Austrian Grand Prix,red_bull_ring,2019-06-30,kvyat,toro_rosso,16,17,17,0.0,70,+1 Lap
2019,9,Austrian Grand Prix,red_bull_ring,2019-06-30,russell,williams,0,18,18,0.0,69,+2 Laps
2019,9,Austrian Grand Prix,red_bull_ring,2019-06-30,kevin_magnussen,haas,10,19,19,0.0,69,+2 Laps
2019,9,Austrian Grand Prix,red_bull_ring,2019-06-30,kubica,williams,17,20,20,0.0,68,+3 Laps
2019,10,British Grand Prix,silverstone,2019-07-14,hamilton,mercedes,2,1,1,26.0,52,Finished
2019,10,British Grand Prix,silverstone,2019-07-14,bottas,mercedes,1,2,2,18.0,52,Finished
2019,10,British Grand Prix,silverstone,2019-07-14,leclerc,ferrari,3,3,3,15.0,52,Finished
2019,10,British Grand Prix,silverstone,2019-07-14,gasly,red_bull,5,4,4,12.0,52,Finished
2019,10,British Grand Prix,silverstone,2019-07-14,max_verstappen,red_bull,4,5,5,10.0,52,Finished
2019,10,British Grand Prix,silverstone,2019-07-14,sainz,mclaren,13,6,6,8.0,52,Finished
2019,10,British Grand Prix,silverstone,2019-07-14,ricciardo,renault,7,7,7,6.0,52,Finished
2019,10,British Grand Prix,silverstone,2019-07-14,raikkonen,alfa,12,8,8,4.0,52,Finished
2019,10,British Grand Prix,silverstone,2019-07-14,kvyat,toro_rosso,17,9,9,2.0,52,Finished
2019,10,British Grand Prix,silverstone,2019-07-14,hulkenberg,renault,10,10,10,1.0,52,Finished
2019,10,British Grand Prix,silverstone,2019-07-14,norris,mclaren,8,11,11,0.0,52,Finished
2019,10,British Grand Prix,silverstone,2019-07-14,albon,toro_rosso,9,12,12,0.0,52,Finished
2019,10,British Grand Prix,silverstone,2019-07-14,stroll,racing_point,18,13,13,0.0,52,Finished
2019,10,British Grand Prix,silverstone,2019-07-14,russell,williams,19,14,14,0.0,51,+1 Lap
2019,10,British Grand Prix,silverstone,2019-07-14,kubica,williams,20,15,15,0.0,51,+1 Lap
2019,10,British Grand Prix,silverstone,2019-07-14,vettel,ferrari,6,16,16,0.0,51,+1 Lap
2019,10,British Grand Prix,silverstone,2019-07-14,perez,racing_point,15,17,17,0.0,51,+1 Lap
2019,10,British Grand Prix,silverstone,2019-07-14,giovinazzi,alfa,11,18,R,0.0,18,Spun off
2019,10,British Grand Prix,silverstone,2019-07-14,grosjean,haas,14,19,R,0.0,9,Collision
2019,10,British Grand Prix,silverstone,2019-07-14,kevin_magnussen,haas,16,20,R,0.0,6,Collision
2019,11,German Grand Prix,hockenheimring,2019-07-28,max_verstappen,red_bull,2,1,1,26.0,64,Finished
2019,11,German Grand Prix,hockenheimring,2019-07-28,vettel,ferrari,20,2,2,18.0,64,Finished
2019,11,German Grand Prix,hockenheimring,2019-07-28,kvyat,toro_rosso,14,3,3,15.0,64,Finished
2019,11,German Grand Prix,hockenheimring,2019-07-28,stroll,racing_point,15,4,4,12.0,64,Finished
2019,11,German Grand Prix,hockenheimring,2019-07-28,sainz,mclaren,7,5,5,10.0,64,Finished
2019,11,German Grand Prix,hockenheimring,2019-07-28,albon,toro_rosso,16,6,6,8.0,64,Finished
2019,11,German Grand Prix,hockenheimring,2019-07-28,grosjean,haas,6,7,7,6.0,64,Finished
2019,11,German Grand Prix,hockenheimring,2019-07-28,kevin_magnussen,haas,12,8,8,4.0,64,Finished
2019,11,German Grand Prix,hockenheimring,2019-07-28,hamilton,mercedes,1,9,9,2.0,64,Finished
2019,11,German Grand Prix,hockenheimring,2019-07-28,kubica,williams,18,10,10,1.0,64,Finished
2019,11,German Grand Prix,hockenheimring,2019-07-28,russell,williams,17,11,11,0.0,64,Finished
2019,11,German Grand Prix,hockenheimring,2019-07-28,raikkonen,alfa,5,12,12,0.0,64,Finished
2019,11,German Grand Prix,hockenheimring,2019-07-28,giovinazzi,alfa,11,13,13,0.0,64,Finished
2019,11,German Grand Prix,hockenheimring,2019-07-28,gasly,red_bull,4,14,14,0.0,61,Collision
2019,11,German Grand Prix,hockenheimring,2019-07-28,bottas,mercedes,3,15,R,0.0,56,Accident
2019,11,German Grand Prix,hockenheimring,2019-07-28,hulkenberg,renault,9,16,R,0.0,39,Accident
2019,11,German Grand Prix,hockenheimring,2019-07-28,leclerc,ferrari,10,17,R,0.0,27,Accident
2019,11,German Grand Prix,hockenheimring,2019-07-28,norris,mclaren,19,18,R,0.0,25,Power loss
2019,11,German Grand Prix,hockenheimring,2019-07-28,ricciardo,renault,13,19,R,0.0,13,Exhaust
2019,11,German Grand Prix,hockenheimring,2019-07-28,perez,racing_point,8,20,R,0.0,1,Spun off
2019,12,Hungarian Grand Prix,hungaroring,2019-08-04,hamilton,mercedes,3,1,1,25.0,70,Finished
2019,12,Hungarian Grand Prix,hungaroring,2019-08-04,max_verstappen,red_bull,1,2,2,19.0,70,Finished
2019,12,Hungarian Grand Prix,hungaroring,2019-08-04,vettel,ferrari,5,3,3,15.0,70,Finished
2019,12,Hungarian Grand Prix,hungaroring,2019-08-04,leclerc,ferrari,4,4,4,12.0,70,Finished
2019,12,Hungarian Grand Prix,hungaroring,2019-08-04,sainz,mclaren,8,5,5,10.0,69,+1 Lap
2019,12,Hungarian Grand Prix,hungaroring,2019-08-04,gasly,red_bull,6,6,6,8.0,69,+1 Lap
2019,12,Hungarian Grand Prix,hungaroring,2019-08-04,raikkonen,alfa,10,7,7,6.0,69,+1 Lap
2019,12,Hungarian Grand Prix,hungaroring,2019-08-04,bottas,mercedes,2,8,8,4.0,69,+1 Lap
2019,12,Hungarian Grand Prix,hungaroring,2019-08-04,norris,mclaren,7,9,9,2.0,69,+1 Lap
2019,12,Hungarian Grand Prix,hungaroring,2019-08-04,albon,toro_rosso,12,10,10,1.0,69,+1 Lap
2019,12,Hungarian Grand Prix,hungaroring,2019-08-04,perez,racing_point,16,11,11,0.0,69,+1 Lap
2019,12,Hungarian Grand Prix,hungaroring,2019-08-04,hulkenberg,renault,11,12,12,0.0,69,+1 Lap
2019,12,Hungarian Grand Prix,hungaroring,2019-08-04,kevin_magnussen,haas,14,13,13,0.0,69,+1 Lap
2019,12,Hungarian Grand Prix,hungaroring,2019-08-04,ricciardo,renault,20,14,14,0.0,69,+1 Lap
2019,12,Hungarian Grand Prix,hungaroring,2019-08-04,kvyat,toro_rosso,13,15,15,0.0,68,+2 Laps
2019,12,Hungarian Grand Prix,hungaroring,2019-08-04,russell,williams,15,16,16,0.0,68,+2 Laps
2019,12,Hungarian Grand Prix,hungaroring,2019-08-04,stroll,racing_point,18,17,17,0.0,68,+2 Laps
2019,12,Hungarian Grand Prix,hungaroring,2019-08-04,giovinazzi,alfa,17,18,18,0.0,68,+2 Laps
2019,12,Hungarian Grand Prix,hungaroring,2019-08-04,kubica,williams,19,19,19,0.0,67,+3 Laps
2019,12,Hungarian Grand Prix,hungaroring,2019-08-04,grosjean,haas,9,20,R,0.0,49,Water pressure
2019,13,Belgian Grand Prix,spa,2019-09-01,leclerc,ferrari,1,1,1,25.0,44,Finished
2019,13,Belgian Grand Prix,spa,2019-09-01,hamilton,mercedes,3,2,2,18.0,44,Finished
2019,13,Belgian Grand Prix,spa,2019-09-01,bottas,mercedes,4,3,3,15.0,44,Finished
2019,13,Belgian Grand Prix,spa,2019-09-01,vettel,ferrari,2,4,4,13.0,44,Finished
2019,13,Belgian Grand Prix,spa,2019-09-01,albon,red_bull,17,5,5,10.0,44,Finished
2019,13,Belgian Grand Prix,spa,2019-09-01,perez,racing_point,7,6,6,8.0,44,Finished
2019,13,Belgian Grand Prix,spa,2019-09-01,kvyat,toro_rosso,19,7,7,6.0,44,Finished
2019,13,Belgian Grand Prix,spa,2019-09-01,hulkenberg,renault,12,8,8,4.0,44,Finished
2019,13,Belgian Grand Prix,spa,2019-09-01,gasly,toro_rosso,13,9,9,2.0,44,Finished
2019,13,Belgian Grand Prix,spa,2019-09-01,stroll,racing_point,16,10,10,1.0,44,Finished
2019,13,Belgian Grand Prix,spa,2019-09-01,norris,mclaren,11,11,11,0.0,43,Engine
2019,13,Belgian Grand Prix,spa,2019-09-01,kevin_magnussen,haas,8,12,12,0.0,43,+1 Lap
2019,13,Belgian Grand Prix,spa,2019-09-01,grosjean,haas,9,13,13,0.0,43,+1 Lap
2019,13,Belgian Grand Prix,spa,2019-09-01,ricciardo,renault,10,14,14,0.0,43,+1 Lap
2019,13,Belgian Grand Prix,spa,2019-09-01,russell,williams,14,15,15,0.0,43,+1 Lap
2019,13,Belgian Grand Prix,spa,2019-09-01,raikkonen,alfa,6,16,16,0.0,43,+1 Lap
2019,13,Belgian Grand Prix,spa,2019-09-01,kubica,williams,0,17,17,0.0,43,+1 Lap
2019,13,Belgian Grand Prix,spa,2019-09-01,giovinazzi,alfa,18,18,18,0.0,42,Accident
2019,13,Belgian Grand Prix,spa,2019-09-01,sainz,mclaren,15,19,R,0.0,1,Power loss
2019,13,Belgian Grand Prix,spa,2019-09-01,max_verstappen,red_bull,5,20,R,0.0,0,Accident
2019,14,Italian Grand Prix,monza,2019-09-08,leclerc,ferrari,1,1,1,25.0,53,Finished
2019,14,Italian Grand Prix,monza,2019-09-08,bottas,mercedes,3,2,2,18.0,53,Finished
2019,14,Italian Grand Prix,monza,2019-09-08,hamilton,mercedes,2,3,3,16.0,53,Finished
2019,14,Italian Grand Prix,monza,2019-09-08,ricciardo,renault,5,4,4,12.0,53,Finished
2019,14,Italian Grand Prix,monza,2019-09-08,hulkenberg,renault,6,5,5,10.0,53,Finished
2019,14,Italian Grand Prix,monza,2019-09-08,albon,red_bull,8,6,6,8.0,53,Finished
2019,14,Italian Grand Prix,monza,2019-09-08,perez,racing_point,18,7,7,6.0,53,Finished
2019,14,Italian Grand Prix,monza,2019-09-08,max_verstappen,red_bull,19,8,8,4.0,53,Finished
2019,14,Italian Grand Prix,monza,2019-09-08,giovinazzi,alfa,10,9,9,2.0,52,+1 Lap
2019,14,Italian Grand Prix,monza,2019-09-08,norris,mclaren,16,10,10,1.0,52,+1 Lap
2019,14,Italian Grand Prix,monza,2019-09-08,gasly,toro_rosso,17,11,11,0.0,52,+1 Lap
2019,14,Italian Grand Prix,monza,2019-09-08,stroll,racing_point,9,12,12,0.0,52,+1 Lap
2019,14,Italian Grand Prix,monza,2019-09-08,vettel,ferrari,4,13,13,0.0,52,+1 Lap
2019,14,Italian Grand Prix,monza,2019-09-08,russell,williams,14,14,14,0.0,52,+1 Lap
2019,14,Italian Grand Prix,monza,2019-09-08,raikkonen,alfa,0,15,15,0.0,52,+1 Lap
2019,14,Italian Grand Prix,monza,2019-09-08,grosjean,haas,13,16,16,0.0,52,+1 Lap
2019,14,Italian Grand Prix,monza,2019-09-08,kubica,williams,15,17,17,0.0,51,+2 Laps
2019,14,Italian Grand Prix,monza,2019-09-08,kevin_magnussen,haas,11,18,R,0.0,43,Hydraulics
2019,14,Italian Grand Prix,monza,2019-09-08,kvyat,toro_rosso,12,19,R,0.0,29,Engine
2019,14,Italian Grand Prix,monza,2019-09-08,sainz,mclaren,7,20,R,0.0,27,Wheel
2019,15,Singapore Grand Prix,marina_bay,2019-09-22,vettel,ferrari,3,1,1,25.0,61,Finished
2019,15,Singapore Grand Prix,marina_bay,2019-09-22,leclerc,ferrari,1,2,2,18.0,61,Finished
2019,15,Singapore Grand Prix,marina_bay,2019-09-22,max_verstappen,red_bull,4,3,3,15.0,61,Finished
2019,15,Singapore Grand Prix,marina_bay,2019-09-22,hamilton,mercedes,2,4,4,12.0,61,Finished
2019,15,Singapore Grand Prix,marina_bay,2019-09-22,bottas,mercedes,5,5,5,10.0,61,Finished
2019,15,Singapore Grand Prix,marina_bay,2019-09-22,albon,red_bull,6,6,6,8.0,61,Finished
2019,15,Singapore Grand Prix,marina_bay,2019-09-22,norris,mclaren,9,7,7,6.0,61,Finished
2019,15,Singapore Grand Prix,marina_bay,2019-09-22,gasly,toro_rosso,11,8,8,4.0,61,Finished
2019,15,Singapore Grand Prix,marina_bay,2019-09-22,hulkenberg,renault,8,9,9,2.0,61,Finished
2019,15,Singapore Grand Prix,marina_bay,2019-09-22,giovinazzi,alfa,10,10,10,1.0,61,Finished
2019,15,Singapore Grand Prix,marina_bay,2019-09-22,grosjean,haas,17,11,11,0.0,61,Finished
2019,15,Singapore Grand Prix,marina_bay,2019-09-22,sainz,mclaren,7,12,12,0.0,61,Finished
2019,15,Singapore Grand Prix,marina_bay,2019-09-22,stroll,racing_point,16,13,13,0.0,61,Finished
2019,15,Singapore Grand Prix,marina_bay,2019-09-22,ricciardo,renault,20,14,14,0.0,61,Finished
2019,15,Singapore Grand Prix,marina_bay,2019-09-22,kvyat,toro_rosso,14,15,15,0.0,61,Finished
2019,15,Singapore Grand Prix,marina_bay,2019-09-22,kubica,williams,19,16,16,0.0,61,Finished
2019,15,Singapore Grand Prix,marina_bay,2019-09-22,kevin_magnussen,haas,13,17,17,0.0,61,Finished
2019,15,Singapore Grand Prix,marina_bay,2019-09-22,raikkonen,alfa,12,18,R,0.0,49,Collision
2019,15,Singapore Grand Prix,marina_bay,2019-09-22,perez,racing_point,15,19,R,0.0,42,Engine
2019,15,Singapore Grand Prix,marina_bay,2019-09-22,russell,williams,18,20,R,0.0,34,Collision
2019,16,Russian Grand Prix,sochi,2019-09-29,hamilton,mercedes,2,1,1,26.0,53,Finished
2019,16,Russian Grand Prix,sochi,2019-09-29,bottas,mercedes,4,2,2,18.0,53,Finished
2019,16,Russian Grand Prix,sochi,2019-09-29,leclerc,ferrari,1,3,3,15.0,53,Finished
2019,16,Russian Grand Prix,sochi,2019-09-29,max_verstappen,red_bull,9,4,4,12.0,53,Finished
2019,16,Russian Grand Prix,sochi,2019-09-29,albon,red_bull,0,5,5,10.0,53,Finished
2019,16,Russian Grand Prix,sochi,2019-09-29,sainz,mclaren,5,6,6,8.0,53,Finished
2019,16,Russian Grand Prix,sochi,2019-09-29,perez,racing_point,11,7,7,6.0,53,Finished
2019,16,Russian Grand Prix,sochi,2019-09-29,norris,mclaren,7,8,8,4.0,53,Finished
2019,16,Russian Grand Prix,sochi,2019-09-29,kevin_magnussen,haas,13,9,9,2.0,53,Finished
2019,16,Russian Grand Prix,sochi,2019-09-29,hulkenberg,renault,6,10,10,1.0,53,Finished
2019,16,Russian Grand Prix,sochi,2019-09-29,stroll,racing_point,14,11,11,0.0,53,Finished
2019,16,Russian Grand Prix,sochi,2019-09-29,kvyat,toro_rosso,19,12,12,0.0,53,Finished
2019,16,Russian Grand Prix,sochi,2019-09-29,raikkonen,alfa,15,13,13,0.0,53,Finished
2019,16,Russian Grand Prix,sochi,2019-09-29,gasly,toro_rosso,16,14,14,0.0,53,Finished
2019,16,Russian Grand Prix,sochi,2019-09-29,giovinazzi,alfa,12,15,15,0.0,53,Finished
2019,16,Russian Grand Prix,sochi,2019-09-29,kubica,williams,18,16,R,0.0,28,Brakes
2019,16,Russian Grand Prix,sochi,2019-09-29,russell,williams,17,17,R,0.0,27,Brakes
2019,16,Russian Grand Prix,sochi,2019-09-29,vettel,ferrari,3,18,R,0.0,26,Power loss
2019,16,Russian Grand Prix,sochi,2019-09-29,ricciardo,renault,10,19,R,0.0,24,Collision
2019,16,Russian Grand Prix,sochi,2019-09-29,grosjean,haas,8,20,R,0.0,0,Collision
2019,17,Japanese Grand Prix,suzuka,2019-10-13,bottas,mercedes,3,1,1,25.0,52,Finished
2019,17,Japanese Grand Prix,suzuka,2019-10-13,vettel,ferrari,1,2,2,18.0,52,Finished
2019,17,Japanese Grand Prix,suzuka,2019-10-13,hamilton,mercedes,4,3,3,16.0,52,Finished
2019,17,Japanese Grand Prix,suzuka,2019-10-13,albon,red_bull,6,4,4,12.0,52,Finished
2019,17,Japanese Grand Prix,suzuka,2019-10-13,sainz,mclaren,7,5,5,10.0,52,Finished
2019,17,Japanese Grand Prix,suzuka,2019-10-13,leclerc,ferrari,2,6,6,8.0,51,+1 Lap
2019,17,Japanese Grand Prix,suzuka,2019-10-13,gasly,toro_rosso,9,7,7,6.0,51,+1 Lap
2019,17,Japanese Grand Prix,suzuka,2019-10-13,perez,racing_point,17,8,8,4.0,51,+1 Lap
2019,17,Japanese Grand Prix,suzuka,2019-10-13,stroll,racing_point,12,9,9,2.0,51,+1 Lap
2019,17,Japanese Grand Prix,suzuka,2019-10-13,kvyat,toro_rosso,14,10,10,1.0,51,+1 Lap
2019,17,Japanese Grand Prix,suzuka,2019-10-13,norris,mclaren,8,11,11,0.0,51,+1 Lap
2019,17,Japanese Grand Prix,suzuka,2019-10-13,raikkonen,alfa,13,12,12,0.0,51,+1 Lap
2019,17,Japanese Grand Prix,suzuka,2019-10-13,grosjean,haas,10,13,13,0.0,51,+1 Lap
2019,17,Japanese Grand Prix,suzuka,2019-10-13,giovinazzi,alfa,11,14,14,0.0,51,+1 Lap
2019,17,Japanese Grand Prix,suzuka,2019-10-13,kevin_magnussen,haas,19,15,15,0.0,51,+1 Lap
2019,17,Japanese Grand Prix,suzuka,2019-10-13,russell,williams,18,16,16,0.0,50,+2 Laps
2019,17,Japanese Grand Prix,suzuka,2019-10-13,kubica,williams,0,17,17,0.0,50,+2 Laps
2019,17,Japanese Grand Prix,suzuka,2019-10-13,max_verstappen,red_bull,5,18,R,0.0,14,Brakes
2019,17,Japanese Grand Prix,suzuka,2019-10-13,ricciardo,renault,16,19,D,0.0,51,Disqualified
2019,17,Japanese Grand Prix,suzuka,2019-10-13,hulkenberg,renault,15,20,D,0.0,51,Disqualified
2019,18,Mexican Grand Prix,rodriguez,2019-10-27,hamilton,mercedes,3,1,1,25.0,71,Finished
2019,18,Mexican Grand Prix,rodriguez,2019-10-27,vettel,ferrari,2,2,2,18.0,71,Finished
2019,18,Mexican Grand Prix,rodriguez,2019-10-27,bottas,mercedes,6,3,3,15.0,71,Finished
2019,18,Mexican Grand Prix,rodriguez,2019-10-27,leclerc,ferrari,1,4,4,13.0,71,Finished
2019,18,Mexican Grand Prix,rodriguez,2019-10-27,albon,red_bull,5,5,5,10.0,71,Finished
2019,18,Mexican Grand Prix,rodriguez,2019-10-27,max_verstappen,red_bull,4,6,6,8.0,71,Finished
2019,18,Mexican Grand Prix,rodriguez,2019-10-27,perez,racing_point,11,7,7,6.0,71,Finished
2019,18,Mexican Grand Prix,rodriguez,2019-10-27,ricciardo,renault,13,8,8,4.0,71,Finished
2019,18,Mexican Grand Prix,rodriguez,2019-10-27,gasly,toro_rosso,10,9,9,2.0,70,+1 Lap
2019,18,Mexican Grand Prix,rodriguez,2019-10-27,hulkenberg,renault,12,10,10,1.0,70,+1 Lap
2019,18,Mexican Grand Prix,rodriguez,2019-10-27,kvyat,toro_rosso,9,11,11,0.0,70,+1 Lap
2019,18,Mexican Grand Prix,rodriguez,2019-10-27,stroll,racing_point,16,12,12,0.0,70,+1 Lap
2019,18,Mexican Grand Prix,rodriguez,2019-10-27,sainz,mclaren,7,13,13,0.0,70,+1 Lap
2019,18,Mexican Grand Prix,rodriguez,2019-10-27,giovinazzi,alfa,15,14,14,0.0,70,+1 Lap
2019,18,Mexican Grand Prix,rodriguez,2019-10-27,kevin_magnussen,haas,17,15,15,0.0,69,+2 Laps
2019,18,Mexican Grand Prix,rodriguez,2019-10-27,russell,williams,19,16,16,0.0,69,+2 Laps
2019,18,Mexican Grand Prix,rodriguez,2019-10-27,grosjean,haas,18,17,17,0.0,69,+2 Laps
2019,18,Mexican Grand Prix,rodriguez,2019-10-27,kubica,williams,20,18,18,0.0,69,+2 Laps
2019,18,Mexican Grand Prix,rodriguez,2019-10-27,raikkonen,alfa,14,19,R,0.0,58,Overheating
2019,18,Mexican Grand Prix,rodriguez,2019-10-27,norris,mclaren,8,20,W,0.0,48,Withdrew
2019,19,United States Grand Prix,americas,2019-11-03,bottas,mercedes,1,1,1,25.0,56,Finished
2019,19,United States Grand Prix,americas,2019-11-03,hamilton,mercedes,5,2,2,18.0,56,Finished
2019,19,United States Grand Prix,americas,2019-11-03,max_verstappen,red_bull,3,3,3,15.0,56,Finished
2019,19,United States Grand Prix,americas,2019-11-03,leclerc,ferrari,4,4,4,13.0,56,Finished
2019,19,United States Grand Prix,americas,2019-11-03,albon,red_bull,6,5,5,10.0,56,Finished
2019,19,United States Grand Prix,americas,2019-11-03,ricciardo,renault,9,6,6,8.0,56,Finished
2019,19,United States Grand Prix,americas,2019-11-03,norris,mclaren,8,7,7,6.0,56,Finished
2019,19,United States Grand Prix,americas,2019-11-03,sainz,mclaren,7,8,8,4.0,55,+1 Lap
2019,19,United States Grand Prix,americas,2019-11-03,hulkenberg,renault,11,9,9,2.0,55,+1 Lap
2019,19,United States Grand Prix,americas,2019-11-03,perez,racing_point,0,10,10,1.0,55,+1 Lap
2019,19,United States Grand Prix,americas,2019-11-03,raikkonen,alfa,17,11,11,0.0,55,+1 Lap
2019,19,United States Grand Prix,americas,2019-11-03,kvyat,toro_rosso,13,12,12,0.0,55,+1 Lap
2019,19,United States Grand Prix,americas,2019-11-03,stroll,racing_point,14,13,13,0.0,55,+1 Lap
2019,19,United States Grand Prix,americas,2019-11-03,giovinazzi,alfa,16,14,14,0.0,55,+1 Lap
2019,19,United States Grand Prix,americas,2019-11-03,grosjean,haas,15,15,15,0.0,55,+1 Lap
2019,19,United States Grand Prix,americas,2019-11-03,gasly,toro_rosso,10,16,16,0.0,54,Suspension
2019,19,United States Grand Prix,americas,2019-11-03,russell,williams,18,17,17,0.0,54,+2 Laps
2019,19,United States Grand Prix,americas,2019-11-03,kevin_magnussen,haas,12,18,18,0.0,52,Brakes
2019,19,United States Grand Prix,americas,2019-11-03,kubica,williams,19,19,R,0.0,31,Oil leak
2019,19,United States Grand Prix,americas,2019-11-03,vettel,ferrari,2,20,R,0.0,7,Suspension
2019,20,Brazilian Grand Prix,interlagos,2019-11-17,max_verstappen,red_bull,1,1,1,25.0,71,Finished
2019,20,Brazilian Grand Prix,interlagos,2019-11-17,gasly,toro_rosso,6,2,2,18.0,71,Finished
2019,20,Brazilian Grand Prix,interlagos,2019-11-17,sainz,mclaren,20,3,3,15.0,71,Finished
2019,20,Brazilian Grand Prix,interlagos,2019-11-17,raikkonen,alfa,8,4,4,12.0,71,Finished
2019,20,Brazilian Grand Prix,interlagos,2019-11-17,giovinazzi,alfa,12,5,5,10.0,71,Finished
2019,20,Brazilian Grand Prix,interlagos,2019-11-17,ricciardo,renault,11,6,6,8.0,71,Finished
2019,20,Brazilian Grand Prix,interlagos,2019-11-17,hamilton,mercedes,3,7,7,6.0,71,Finished
2019,20,Brazilian Grand Prix,interlagos,2019-11-17,norris,mclaren,10,8,8,4.0,71,Finished
2019,20,Brazilian Grand Prix,interlagos,2019-11-17,perez,racing_point,15,9,9,2.0,71,Finished
2019,20,Brazilian Grand Prix,interlagos,2019-11-17,kvyat,toro_rosso,16,10,10,1.0,71,Finished
2019,20,Brazilian Grand Prix,interlagos,2019-11-17,kevin_magnussen,haas,9,11,11,0.0,71,Finished
2019,20,Brazilian Grand Prix,interlagos,2019-11-17,russell,williams,18,12,12,0.0,71,Finished
2019,20,Brazilian Grand Prix,interlagos,2019-11-17,grosjean,haas,7,13,13,0.0,71,Finished
2019,20,Brazilian Grand Prix,interlagos,2019-11-17,albon,red_bull,5,14,14,0.0,71,Finished
2019,20,Brazilian Grand Prix,interlagos,2019-11-17,hulkenberg,renault,13,15,15,0.0,71,Finished
2019,20,Brazilian Grand Prix,interlagos,2019-11-17,kubica,williams,19,16,16,0.0,70,+1 Lap
2019,20,Brazilian Grand Prix,interlagos,2019-11-17,vettel,ferrari,2,17,17,0.0,65,Collision
2019,20,Brazilian Grand Prix,interlagos,2019-11-17,leclerc,ferrari,14,18,18,0.0,65,Collision
2019,20,Brazilian Grand Prix,interlagos,2019-11-17,stroll,racing_point,17,19,19,0.0,65,Suspension
2019,20,Brazilian Grand Prix,interlagos,2019-11-17,bottas,mercedes,4,20,R,0.0,51,Power Unit
2019,21,Abu Dhabi Grand Prix,yas_marina,2019-12-01,hamilton,mercedes,1,1,1,26.0,55,Finished
2019,21,Abu Dhabi Grand Prix,yas_marina,2019-12-01,max_verstappen,red_bull,2,2,2,18.0,55,Finished
2019,21,Abu Dhabi Grand Prix,yas_marina,2019-12-01,leclerc,ferrari,3,3,3,15.0,55,Finished
2019,21,Abu Dhabi Grand Prix,yas_marina,2019-12-01,bottas,mercedes,20,4,4,12.0,55,Finished
2019,21,Abu Dhabi Grand Prix,yas_marina,2019-12-01,vettel,ferrari,4,5,5,10.0,55,Finished
2019,21,Abu Dhabi Grand Prix,yas_marina,2019-12-01,albon,red_bull,5,6,6,8.0,55,Finished
2019,21,Abu Dhabi Grand Prix,yas_marina,2019-12-01,perez,racing_point,10,7,7,6.0,54,+1 Lap
2019,21,Abu Dhabi Grand Prix,yas_marina,2019-12-01,norris,mclaren,6,8,8,4.0,54,+1 Lap
2019,21,Abu Dhabi Grand Prix,yas_marina,2019-12-01,kvyat,toro_rosso,13,9,9,2.0,54,+1 Lap
2019,21,Abu Dhabi Grand Prix,yas_marina,2019-12-01,sainz,mclaren,8,10,10,1.0,54,+1 Lap
2019,21,Abu Dhabi Grand Prix,yas_marina,2019-12-01,ricciardo,renault,7,11,11,0.0,54,+1 Lap
2019,21,Abu Dhabi Grand Prix,yas_marina,2019-12-01,hulkenberg,renault,9,12,12,0.0,54,+1 Lap
2019,21,Abu Dhabi Grand Prix,yas_marina,2019-12-01,raikkonen,alfa,17,13,13,0.0,54,+1 Lap
2019,21,Abu Dhabi Grand Prix,yas_marina,2019-12-01,kevin_magnussen,haas,14,14,14,0.0,54,+1 Lap
2019,21,Abu Dhabi Grand Prix,yas_marina,2019-12-01,grosjean,haas,15,15,15,0.0,54,+1 Lap
2019,21,Abu Dhabi Grand Prix,yas_marina,2019-12-01,giovinazzi,alfa,16,16,16,0.0,54,+1 Lap
2019,21,Abu Dhabi Grand Prix,yas_marina,2019-12-01,russell,williams,18,17,17,0.0,54,+1 Lap
2019,21,Abu Dhabi Grand Prix,yas_marina,2019-12-01,gasly,toro_rosso,11,18,18,0.0,53,+2 Laps
2019,21,Abu Dhabi Grand Prix,yas_marina,2019-12-01,kubica,williams,19,19,19,0.0,53,+2 Laps
2019,21,Abu Dhabi Grand Prix,yas_marina,2019-12-01,stroll,racing_point,12,20,R,0.0,45,Brakes
2020,1,Austrian Grand Prix,red_bull_ring,2020-07-05,bottas,mercedes,1,1,1,25.0,71,Finished
2020,1,Austrian Grand Prix,red_bull_ring,2020-07-05,leclerc,ferrari,7,2,2,18.0,71,Finished
2020,1,Austrian Grand Prix,red_bull_ring,2020-07-05,norris,mclaren,3,3,3,16.0,71,Finished
2020,1,Austrian Grand Prix,red_bull_ring,2020-07-05,hamilton,mercedes,5,4,4,12.0,71,Finished
2020,1,Austrian Grand Prix,red_bull_ring,2020-07-05,sainz,mclaren,8,5,5,10.0,71,Finished
2020,1,Austrian Grand Prix,red_bull_ring,2020-07-05,perez,racing_point,6,6,6,8.0,71,Finished
2020,1,Austrian Grand Prix,red_bull_ring,2020-07-05,gasly,alphatauri,12,7,7,6.0,71,Finished
2020,1,Austrian Grand Prix,red_bull_ring,2020-07-05,ocon,renault,14,8,8,4.0,71,Finished
2020,1,Austrian Grand Prix,red_bull_ring,2020-07-05,giovinazzi,alfa,18,9,9,2.0,71,Finished
2020,1,Austrian Grand Prix,red_bull_ring,2020-07-05,vettel,ferrari,11,10,10,1.0,71,Finished
2020,1,Austrian Grand Prix,red_bull_ring,2020-07-05,latifi,williams,20,11,11,0.0,71,Finished
2020,1,Austrian Grand Prix,red_bull_ring,2020-07-05,kvyat,alphatauri,13,12,12,0.0,69,Suspension
2020,1,Austrian Grand Prix,red_bull_ring,2020-07-05,albon,red_bull,4,13,13,0.0,67,Electronics
2020,1,Austrian Grand Prix,red_bull_ring,2020-07-05,raikkonen,alfa,19,14,R,0.0,53,Wheel
2020,1,Austrian Grand Prix,red_bull_ring,2020-07-05,russell,williams,17,15,R,0.0,49,Fuel pressure
2020,1,Austrian Grand Prix,red_bull_ring,2020-07-05,grosjean,haas,15,16,R,0.0,49,Brakes
2020,1,Austrian Grand Prix,red_bull_ring,2020-07-05,kevin_magnussen,haas,16,17,R,0.0,24,Brakes
2020,1,Austrian Grand Prix,red_bull_ring,2020-07-05,stroll,racing_point,9,18,R,0.0,20,Engine
2020,1,Austrian Grand Prix,red_bull_ring,2020-07-05,ricciardo,renault,10,19,R,0.0,17,Overheating
2020,1,Austrian Grand Prix,red_bull_ring,2020-07-05,max_verstappen,red_bull,2,20,R,0.0,11,Electronics
2020,2,Styrian Grand Prix,red_bull_ring,2020-07-12,hamilton,mercedes,1,1,1,25.0,71,Finished
2020,2,Styrian Grand Prix,red_bull_ring,2020-07-12,bottas,mercedes,4,2,2,18.0,71,Finished
2020,2,Styrian Grand Prix,red_bull_ring,2020-07-12,max_verstappen,red_bull,2,3,3,15.0,71,Finished
2020,2,Styrian Grand Prix,red_bull_ring,2020-07-12,albon,red_bull,6,4,4,12.0,71,Finished
2020,2,Styrian Grand Prix,red_bull_ring,2020-07-12,norris,mclaren,9,5,5,10.0,71,Finished
2020,2,Styrian Grand Prix,red_bull_ring,2020-07-12,perez,racing_point,17,6,6,8.0,71,Finished
2020,2,Styrian Grand Prix,red_bull_ring,2020-07-12,stroll,racing_point,12,7,7,6.0,71,Finished
2020,2,Styrian Grand Prix,red_bull_ring,2020-07-12,ricciardo,renault,8,8,8,4.0,71,Finished
2020,2,Styrian Grand Prix,red_bull_ring,2020-07-12,sainz,mclaren,3,9,9,3.0,70,+1 Lap
2020,2,Styrian Grand Prix,red_bull_ring,2020-07-12,kvyat,alphatauri,13,10,10,1.0,70,+1 Lap
2020,2,Styrian Grand Prix,red_bull_ring,2020-07-12,raikkonen,alfa,16,11,11,0.0,70,+1 Lap
2020,2,Styrian Grand Prix,red_bull_ring,2020-07-12,kevin_magnussen,haas,15,12,12,0.0,70,+1 Lap
2020,2,Styrian Grand Prix,red_bull_ring,2020-07-12,grosjean,haas,0,13,13,0.0,70,+1 Lap
2020,2,Styrian Grand Prix,red_bull_ring,2020-07-12,giovinazzi,alfa,19,14,14,0.0,70,+1 Lap
2020,2,Styrian Grand Prix,red_bull_ring,2020-07-12,gasly,alphatauri,7,15,15,0.0,70,+1 Lap
2020,2,Styrian Grand Prix,red_bull_ring,2020-07-12,russell,williams,11,16,16,0.0,69,+2 Laps
2020,2,Styrian Grand Prix,red_bull_ring,2020-07-12,latifi,williams,18,17,17,0.0,69,+2 Laps
2020,2,Styrian Grand Prix,red_bull_ring,2020-07-12,ocon,renault,5,18,R,0.0,25,Overheating
2020,2,Styrian Grand Prix,red_bull_ring,2020-07-12,leclerc,ferrari,14,19,R,0.0,4,Collision damage
2020,2,Styrian Grand Prix,red_bull_ring,2020-07-12,vettel,ferrari,10,20,R,0.0,1,Collision damage
2020,3,Hungarian Grand Prix,hungaroring,2020-07-19,hamilton,mercedes,1,1,1,26.0,70,Finished
2020,3,Hungarian Grand Prix,hungaroring,2020-07-19,max_verstappen,red_bull,7,2,2,18.0,70,Finished
2020,3,Hungarian Grand Prix,hungaroring,2020-07-19,bottas,mercedes,2,3,3,15.0,70,Finished
2020,3,Hungarian Grand Prix,hungaroring,2020-07-19,stroll,racing_point,3,4,4,12.0,70,Finished
2020,3,Hungarian Grand Prix,hungaroring,2020-07-19,albon,red_bull,13,5,5,10.0,70,Finished
2020,3,Hungarian Grand Prix,hungaroring,2020-07-19,vettel,ferrari,5,6,6,8.0,69,+1 Lap
2020,3,Hungarian Grand Prix,hungaroring,2020-07-19,perez,racing_point,4,7,7,6.0,69,+1 Lap
2020,3,Hungarian Grand Prix,hungaroring,2020-07-19,ricciardo,renault,11,8,8,4.0,69,+1 Lap
2020,3,Hungarian Grand Prix,hungaroring,2020-07-19,sainz,mclaren,9,9,9,2.0,69,+1 Lap
2020,3,Hungarian Grand Prix,hungaroring,2020-07-19,kevin_magnussen,haas,0,10,10,1.0,69,+1 Lap
2020,3,Hungarian Grand Prix,hungaroring,2020-07-19,leclerc,ferrari,6,11,11,0.0,69,+1 Lap
2020,3,Hungarian Grand Prix,hungaroring,2020-07-19,kvyat,alphatauri,17,12,12,0.0,69,+1 Lap
2020,3,Hungarian Grand Prix,hungaroring,2020-07-19,norris,mclaren,8,13,13,0.0,69,+1 Lap
2020,3,Hungarian Grand Prix,hungaroring,2020-07-19,ocon,renault,14,14,14,0.0,69,+1 Lap
2020,3,Hungarian Grand Prix,hungaroring,2020-07-19,raikkonen,alfa,20,15,15,0.0,69,+1 Lap
2020,3,Hungarian Grand Prix,hungaroring,2020-07-19,grosjean,haas,0,16,16,0.0,69,+1 Lap
2020,3,Hungarian Grand Prix,hungaroring,2020-07-19,giovinazzi,alfa,19,17,17,0.0,69,+1 Lap
2020,3,Hungarian Grand Prix,hungaroring,2020-07-19,russell,williams,12,18,18,0.0,69,+1 Lap
2020,3,Hungarian Grand Prix,hungaroring,2020-07-19,latifi,williams,15,19,19,0.0,65,+5 Laps
2020,3,Hungarian Grand Prix,hungaroring,2020-07-19,gasly,alphatauri,10,20,R,0.0,15,Engine
2020,4,British Grand Prix,silverstone,2020-08-02,hamilton,mercedes,1,1,1,25.0,52,Finished
2020,4,British Grand Prix,silverstone,2020-08-02,max_verstappen,red_bull,3,2,2,19.0,52,Finished
2020,4,British Grand Prix,silverstone,2020-08-02,leclerc,ferrari,4,3,3,15.0,52,Finished
2020,4,British Grand Prix,silverstone,2020-08-02,ricciardo,renault,8,4,4,12.0,52,Finished
2020,4,British Grand Prix,silverstone,2020-08-02,norris,mclaren,5,5,5,10.0,52,Finished
2020,4,British Grand Prix,silverstone,2020-08-02,ocon,renault,9,6,6,8.0,52,Finished
2020,4,British Grand Prix,silverstone,2020-08-02,gasly,alphatauri,11,7,7,6.0,52,Finished
2020,4,British Grand Prix,silverstone,2020-08-02,albon,red_bull,12,8,8,4.0,52,Finished
2020,4,British Grand Prix,silverstone,2020-08-02,stroll,racing_point,6,9,9,2.0,52,Finished
2020,4,British Grand Prix,silverstone,2020-08-02,vettel,ferrari,10,10,10,1.0,52,Finished
2020,4,British Grand Prix,silverstone,2020-08-02,bottas,mercedes,2,11,11,0.0,52,Finished
2020,4,British Grand Prix,silverstone,2020-08-02,russell,williams,20,12,12,0.0,52,Finished
2020,4,British Grand Prix,silverstone,2020-08-02,sainz,mclaren,7,13,13,0.0,52,Finished
2020,4,British Grand Prix,silverstone,2020-08-02,giovinazzi,alfa,15,14,14,0.0,52,Finished
2020,4,British Grand Prix,silverstone,2020-08-02,latifi,williams,18,15,15,0.0,52,Finished
2020,4,British Grand Prix,silverstone,2020-08-02,grosjean,haas,17,16,16,0.0,52,Finished
2020,4,British Grand Prix,silverstone,2020-08-02,raikkonen,alfa,16,17,17,0.0,51,+1 Lap
2020,4,British Grand Prix,silverstone,2020-08-02,kvyat,alphatauri,19,18,R,0.0,11,Accident
2020,4,British Grand Prix,silverstone,2020-08-02,kevin_magnussen,haas,14,19,R,0.0,1,Collision
2020,4,British Grand Prix,silverstone,2020-08-02,hulkenberg,racing_point,13,20,W,0.0,0,Power Unit
2020,5,70th Anniversary Grand Prix,silverstone,2020-08-09,max_verstappen,red_bull,4,1,1,25.0,52,Finished
2020,5,70th Anniversary Grand Prix,silverstone,2020-08-09,hamilton,mercedes,2,2,2,19.0,52,Finished
2020,5,70th Anniversary Grand Prix,silverstone,2020-08-09,bottas,mercedes,1,3,3,15.0,52,Finished
2020,5,70th Anniversary Grand Prix,silverstone,2020-08-09,leclerc,ferrari,8,4,4,12.0,52,Finished
2020,5,70th Anniversary Grand Prix,silverstone,2020-08-09,albon,red_bull,9,5,5,10.0,52,Finished
2020,5,70th Anniversary Grand Prix,silverstone,2020-08-09,stroll,racing_point,6,6,6,8.0,52,Finished
2020,5,70th Anniversary Grand Prix,silverstone,2020-08-09,hulkenberg,racing_point,3,7,7,6.0,52,Finished
2020,5,70th Anniversary Grand Prix,silverstone,2020-08-09,ocon,renault,14,8,8,4.0,52,Finished
2020,5,70th Anniversary Grand Prix,silverstone,2020-08-09,norris,mclaren,10,9,9,2.0,52,Finished
2020,5,70th Anniversary Grand Prix,silverstone,2020-08-09,kvyat,alphatauri,16,10,10,1.0,52,Finished
2020,5,70th Anniversary Grand Prix,silverstone,2020-08-09,gasly,alphatauri,7,11,11,0.0,52,Finished
2020,5,70th Anniversary Grand Prix,silverstone,2020-08-09,vettel,ferrari,11,12,12,0.0,52,Finished
2020,5,70th Anniversary Grand Prix,silverstone,2020-08-09,sainz,mclaren,12,13,13,0.0,52,Finished
2020,5,70th Anniversary Grand Prix,silverstone,2020-08-09,ricciardo,renault,5,14,14,0.0,51,+1 Lap
2020,5,70th Anniversary Grand Prix,silverstone,2020-08-09,raikkonen,alfa,20,15,15,0.0,51,+1 Lap
2020,5,70th Anniversary Grand Prix,silverstone,2020-08-09,grosjean,haas,13,16,16,0.0,51,+1 Lap
2020,5,70th Anniversary Grand Prix,silverstone,2020-08-09,giovinazzi,alfa,19,17,17,0.0,51,+1 Lap
2020,5,70th Anniversary Grand Prix,silverstone,2020-08-09,russell,williams,15,18,18,0.0,51,+1 Lap
2020,5,70th Anniversary Grand Prix,silverstone,2020-08-09,latifi,williams,18,19,19,0.0,51,+1 Lap
2020,5,70th Anniversary Grand Prix,silverstone,2020-08-09,kevin_magnussen,haas,17,20,R,0.0,43,Retired
2020,6,Spanish Grand Prix,catalunya,2020-08-16,hamilton,mercedes,1,1,1,25.0,66,Finished
2020,6,Spanish Grand Prix,catalunya,2020-08-16,max_verstappen,red_bull,3,2,2,18.0,66,Finished
2020,6,Spanish Grand Prix,catalunya,2020-08-16,bottas,mercedes,2,3,3,16.0,66,Finished
2020,6,Spanish Grand Prix,catalunya,2020-08-16,stroll,racing_point,5,4,4,12.0,65,+1 Lap
2020,6,Spanish Grand Prix,catalunya,2020-08-16,perez,racing_point,4,5,5,10.0,65,+1 Lap
2020,6,Spanish Grand Prix,catalunya,2020-08-16,sainz,mclaren,7,6,6,8.0,65,+1 Lap
2020,6,Spanish Grand Prix,catalunya,2020-08-16,vettel,ferrari,11,7,7,6.0,65,+1 Lap
2020,6,Spanish Grand Prix,catalunya,2020-08-16,albon,red_bull,6,8,8,4.0,65,+1 Lap
2020,6,Spanish Grand Prix,catalunya,2020-08-16,gasly,alphatauri,10,9,9,2.0,65,+1 Lap
2020,6,Spanish Grand Prix,catalunya,2020-08-16,norris,mclaren,8,10,10,1.0,65,+1 Lap
2020,6,Spanish Grand Prix,catalunya,2020-08-16,ricciardo,renault,13,11,11,0.0,65,+1 Lap
2020,6,Spanish Grand Prix,catalunya,2020-08-16,kvyat,alphatauri,12,12,12,0.0,65,+1 Lap
2020,6,Spanish Grand Prix,catalunya,2020-08-16,ocon,renault,15,13,13,0.0,65,+1 Lap
2020,6,Spanish Grand Prix,catalunya,2020-08-16,raikkonen,alfa,14,14,14,0.0,65,+1 Lap
2020,6,Spanish Grand Prix,catalunya,2020-08-16,kevin_magnussen,haas,16,15,15,0.0,65,+1 Lap
2020,6,Spanish Grand Prix,catalunya,2020-08-16,giovinazzi,alfa,20,16,16,0.0,65,+1 Lap
2020,6,Spanish Grand Prix,catalunya,2020-08-16,russell,williams,18,17,17,0.0,65,+1 Lap
2020,6,Spanish Grand Prix,catalunya,2020-08-16,latifi,williams,19,18,18,0.0,64,+2 Laps
2020,6,Spanish Grand Prix,catalunya,2020-08-16,grosjean,haas,17,19,19,0.0,64,+2 Laps
2020,6,Spanish Grand Prix,catalunya,2020-08-16,leclerc,ferrari,9,20,R,0.0,38,Electronics
2020,7,Belgian Grand Prix,spa,2020-08-30,hamilton,mercedes,1,1,1,25.0,44,Finished
2020,7,Belgian Grand Prix,spa,2020-08-30,bottas,mercedes,2,2,2,18.0,44,Finished
2020,7,Belgian Grand Prix,spa,2020-08-30,max_verstappen,red_bull,3,3,3,15.0,44,Finished
2020,7,Belgian Grand Prix,spa,2020-08-30,ricciardo,renault,4,4,4,13.0,44,Finished
2020,7,Belgian Grand Prix,spa,2020-08-30,ocon,renault,6,5,5,10.0,44,Finished
2020,7,Belgian Grand Prix,spa,2020-08-30,albon,red_bull,5,6,6,8.0,44,Finished
2020,7,Belgian Grand Prix,spa,2020-08-30,norris,mclaren,10,7,7,6.0,44,Finished
2020,7,Belgian Grand Prix,spa,2020-08-30,gasly,alphatauri,12,8,8,4.0,44,Finished
2020,7,Belgian Grand Prix,spa,2020-08-30,stroll,racing_point,9,9,9,2.0,44,Finished
2020,7,Belgian Grand Prix,spa,2020-08-30,perez,racing_point,8,10,10,1.0,44,Finished
2020,7,Belgian Grand Prix,spa,2020-08-30,kvyat,alphatauri,11,11,11,0.0,44,Finished
2020,7,Belgian Grand Prix,spa,2020-08-30,raikkonen,alfa,16,12,12,0.0,44,Finished
2020,7,Belgian Grand Prix,spa,2020-08-30,vettel,ferrari,14,13,13,0.0,44,Finished
2020,7,Belgian Grand Prix,spa,2020-08-30,leclerc,ferrari,13,14,14,0.0,44,Finished
2020,7,Belgian Grand Prix,spa,2020-08-30,grosjean,haas,17,15,15,0.0,44,Finished
2020,7,Belgian Grand Prix,spa,2020-08-30,latifi,williams,19,16,16,0.0,44,Finished
2020,7,Belgian Grand Prix,spa,2020-08-30,kevin_magnussen,haas,20,17,17,0.0,44,Finished
2020,7,Belgian Grand Prix,spa,2020-08-30,giovinazzi,alfa,18,18,R,0.0,9,Accident
2020,7,Belgian Grand Prix,spa,2020-08-30,russell,williams,15,19,R,0.0,9,Debris
2020,7,Belgian Grand Prix,spa,2020-08-30,sainz,mclaren,7,20,W,0.0,0,Exhaust
2020,8,Italian Grand Prix,monza,2020-09-06,gasly,alphatauri,10,1,1,25.0,53,Finished
2020,8,Italian Grand Prix,monza,2020-09-06,sainz,mclaren,3,2,2,18.0,53,Finished
2020,8,Italian Grand Prix,monza,2020-09-06,stroll,racing_point,8,3,3,15.0,53,Finished
2020,8,Italian Grand Prix,monza,2020-09-06,norris,mclaren,6,4,4,12.0,53,Finished
2020,8,Italian Grand Prix,monza,2020-09-06,bottas,mercedes,2,5,5,10.0,53,Finished
2020,8,Italian Grand Prix,monza,2020-09-06,ricciardo,renault,7,6,6,8.0,53,Finished
2020,8,Italian Grand Prix,monza,2020-09-06,hamilton,mercedes,1,7,7,7.0,53,Finished
2020,8,Italian Grand Prix,monza,2020-09-06,ocon,renault,12,8,8,4.0,53,Finished
2020,8,Italian Grand Prix,monza,2020-09-06,kvyat,alphatauri,11,9,9,2.0,53,Finished
2020,8,Italian Grand Prix,monza,2020-09-06,perez,racing_point,4,10,10,1.0,53,Finished
2020,8,Italian Grand Prix,monza,2020-09-06,latifi,williams,20,11,11,0.0,53,Finished
2020,8,Italian Grand Prix,monza,2020-09-06,grosjean,haas,16,12,12,0.0,53,Finished
2020,8,Italian Grand Prix,monza,2020-09-06,raikkonen,alfa,14,13,13,0.0,53,Finished
2020,8,Italian Grand Prix,monza,2020-09-06,russell,williams,19,14,14,0.0,53,Finished
2020,8,Italian Grand Prix,monza,2020-09-06,albon,red_bull,9,15,15,0.0,53,Finished
2020,8,Italian Grand Prix,monza,2020-09-06,giovinazzi,alfa,18,16,16,0.0,53,Finished
2020,8,Italian Grand Prix,monza,2020-09-06,max_verstappen,red_bull,5,17,R,0.0,30,Power Unit
2020,8,Italian Grand Prix,monza,2020-09-06,leclerc,ferrari,13,18,R,0.0,23,Accident
2020,8,Italian Grand Prix,monza,2020-09-06,kevin_magnussen,haas,15,19,R,0.0,17,Power Unit
2020,8,Italian Grand Prix,monza,2020-09-06,vettel,ferrari,17,20,R,0.0,6,Brakes
2020,9,Tuscan Grand Prix,mugello,2020-09-13,hamilton,mercedes,1,1,1,26.0,59,Finished
2020,9,Tuscan Grand Prix,mugello,2020-09-13,bottas,mercedes,2,2,2,18.0,59,Finished
2020,9,Tuscan Grand Prix,mugello,2020-09-13,albon,red_bull,4,3,3,15.0,59,Finished
2020,9,Tuscan Grand Prix,mugello,2020-09-13,ricciardo,renault,8,4,4,12.0,59,Finished
2020,9,Tuscan Grand Prix,mugello,2020-09-13,perez,racing_point,7,5,5,10.0,59,Finished
2020,9,Tuscan Grand Prix,mugello,2020-09-13,norris,mclaren,11,6,6,8.0,59,Finished
2020,9,Tuscan Grand Prix,mugello,2020-09-13,kvyat,alphatauri,12,7,7,6.0,59,Finished
2020,9,Tuscan Grand Prix,mugello,2020-09-13,leclerc,ferrari,5,8,8,4.0,59,Finished
2020,9,Tuscan Grand Prix,mugello,2020-09-13,raikkonen,alfa,13,9,9,2.0,59,Finished
2020,9,Tuscan Grand Prix,mugello,2020-09-13,vettel,ferrari,14,10,10,1.0,59,Finished
2020,9,Tuscan Grand Prix,mugello,2020-09-13,russell,williams,18,11,11,0.0,59,Finished
2020,9,Tuscan Grand Prix,mugello,2020-09-13,grosjean,haas,15,12,12,0.0,59,Finished
2020,9,Tuscan Grand Prix,mugello,2020-09-13,stroll,racing_point,6,13,R,0.0,42,Puncture
2020,9,Tuscan Grand Prix,mugello,2020-09-13,ocon,renault,10,14,R,0.0,7,Brakes
2020,9,Tuscan Grand Prix,mugello,2020-09-13,latifi,williams,19,15,R,0.0,6,Collision
2020,9,Tuscan Grand Prix,mugello,2020-09-13,kevin_magnussen,haas,20,16,R,0.0,5,Collision
2020,9,Tuscan Grand Prix,mugello,2020-09-13,giovinazzi,alfa,17,17,R,0.0,5,Collision
2020,9,Tuscan Grand Prix,mugello,2020-09-13,sainz,mclaren,9,18,R,0.0,5,Collision
2020,9,Tuscan Grand Prix,mugello,2020-09-13,max_verstappen,red_bull,3,19,R,0.0,0,Collision
2020,9,Tuscan Grand Prix,mugello,2020-09-13,gasly,alphatauri,16,20,R,0.0,0,Collision
2020,10,Russian Grand Prix,sochi,2020-09-27,bottas,mercedes,3,1,1,26.0,53,Finished
2020,10,Russian Grand Prix,sochi,2020-09-27,max_verstappen,red_bull,2,2,2,18.0,53,Finished
2020,10,Russian Grand Prix,sochi,2020-09-27,hamilton,mercedes,1,3,3,15.0,53,Finished
2020,10,Russian Grand Prix,sochi,2020-09-27,perez,racing_point,4,4,4,12.0,53,Finished
2020,10,Russian Grand Prix,sochi,2020-09-27,ricciardo,renault,5,5,5,10.0,53,Finished
2020,10,Russian Grand Prix,sochi,2020-09-27,leclerc,ferrari,10,6,6,8.0,53,Finished
2020,10,Russian Grand Prix,sochi,2020-09-27,ocon,renault,7,7,7,6.0,53,Finished
2020,10,Russian Grand Prix,sochi,2020-09-27,kvyat,alphatauri,11,8,8,4.0,53,Finished
2020,10,Russian Grand Prix,sochi,2020-09-27,gasly,alphatauri,9,9,9,2.0,53,Finished
2020,10,Russian Grand Prix,sochi,2020-09-27,albon,red_bull,15,10,10,1.0,53,Finished
2020,10,Russian Grand Prix,sochi,2020-09-27,giovinazzi,alfa,17,11,11,0.0,52,+1 Lap
2020,10,Russian Grand Prix,sochi,2020-09-27,kevin_magnussen,haas,18,12,12,0.0,52,+1 Lap
2020,10,Russian Grand Prix,sochi,2020-09-27,vettel,ferrari,14,13,13,0.0,52,+1 Lap
2020,10,Russian Grand Prix,sochi,2020-09-27,raikkonen,alfa,19,14,14,0.0,52,+1 Lap
2020,10,Russian Grand Prix,sochi,2020-09-27,norris,mclaren,8,15,15,0.0,52,+1 Lap
2020,10,Russian Grand Prix,sochi,2020-09-27,latifi,williams,20,16,16,0.0,52,+1 Lap
2020,10,Russian Grand Prix,sochi,2020-09-27,grosjean,haas,16,17,17,0.0,52,+1 Lap
2020,10,Russian Grand Prix,sochi,2020-09-27,russell,williams,13,18,18,0.0,52,+1 Lap
2020,10,Russian Grand Prix,sochi,2020-09-27,sainz,mclaren,6,19,R,0.0,0,Accident
2020,10,Russian Grand Prix,sochi,2020-09-27,stroll,racing_point,12,20,R,0.0,0,Collision
2020,11,Eifel Grand Prix,nurburgring,2020-10-11,hamilton,mercedes,2,1,1,25.0,60,Finished
2020,11,Eifel Grand Prix,nurburgring,2020-10-11,max_verstappen,red_bull,3,2,2,19.0,60,Finished
2020,11,Eifel Grand Prix,nurburgring,2020-10-11,ricciardo,renault,6,3,3,15.0,60,Finished
2020,11,Eifel Grand Prix,nurburgring,2020-10-11,perez,racing_point,9,4,4,12.0,60,Finished
2020,11,Eifel Grand Prix,nurburgring,2020-10-11,sainz,mclaren,10,5,5,10.0,60,Finished
2020,11,Eifel Grand Prix,nurburgring,2020-10-11,gasly,alphatauri,12,6,6,8.0,60,Finished
2020,11,Eifel Grand Prix,nurburgring,2020-10-11,leclerc,ferrari,4,7,7,6.0,60,Finished
2020,11,Eifel Grand Prix,nurburgring,2020-10-11,hulkenberg,racing_point,20,8,8,4.0,60,Finished
2020,11,Eifel Grand Prix,nurburgring,2020-10-11,grosjean,haas,16,9,9,2.0,60,Finished
2020,11,Eifel Grand Prix,nurburgring,2020-10-11,giovinazzi,alfa,14,10,10,1.0,60,Finished
2020,11,Eifel Grand Prix,nurburgring,2020-10-11,vettel,ferrari,11,11,11,0.0,60,Finished
2020,11,Eifel Grand Prix,nurburgring,2020-10-11,raikkonen,alfa,19,12,12,0.0,60,Finished
2020,11,Eifel Grand Prix,nurburgring,2020-10-11,kevin_magnussen,haas,15,13,13,0.0,60,Finished
2020,11,Eifel Grand Prix,nurburgring,2020-10-11,latifi,williams,18,14,14,0.0,60,Finished
2020,11,Eifel Grand Prix,nurburgring,2020-10-11,kvyat,alphatauri,13,15,15,0.0,60,Finished
2020,11,Eifel Grand Prix,nurburgring,2020-10-11,norris,mclaren,8,16,R,0.0,42,Power Unit
2020,11,Eifel Grand Prix,nurburgring,2020-10-11,albon,red_bull,5,17,R,0.0,23,Radiator
2020,11,Eifel Grand Prix,nurburgring,2020-10-11,ocon,renault,7,18,R,0.0,22,Gearbox
2020,11,Eifel Grand Prix,nurburgring,2020-10-11,bottas,mercedes,1,19,R,0.0,18,Power Unit
2020,11,Eifel Grand Prix,nurburgring,2020-10-11,russell,williams,17,20,R,0.0,12,Collision
2020,12,Portuguese Grand Prix,portimao,2020-10-25,hamilton,mercedes,1,1,1,26.0,66,Finished
2020,12,Portuguese Grand Prix,portimao,2020-10-25,bottas,mercedes,2,2,2,18.0,66,Finished
2020,12,Portuguese Grand Prix,portimao,2020-10-25,max_verstappen,red_bull,3,3,3,15.0,66,Finished
2020,12,Portuguese Grand Prix,portimao,2020-10-25,leclerc,ferrari,4,4,4,12.0,66,Finished
2020,12,Portuguese Grand Prix,portimao,2020-10-25,gasly,alphatauri,9,5,5,10.0,65,+1 Lap
2020,12,Portuguese Grand Prix,portimao,2020-10-25,sainz,mclaren,7,6,6,8.0,65,+1 Lap
2020,12,Portuguese Grand Prix,portimao,2020-10-25,perez,racing_point,5,7,7,6.0,65,+1 Lap
2020,12,Portuguese Grand Prix,portimao,2020-10-25,ocon,renault,11,8,8,4.0,65,+1 Lap
2020,12,Portuguese Grand Prix,portimao,2020-10-25,ricciardo,renault,10,9,9,2.0,65,+1 Lap
2020,12,Portuguese Grand Prix,portimao,2020-10-25,vettel,ferrari,15,10,10,1.0,65,+1 Lap
2020,12,Portuguese Grand Prix,portimao,2020-10-25,raikkonen,alfa,16,11,11,0.0,65,+1 Lap
2020,12,Portuguese Grand Prix,portimao,2020-10-25,albon,red_bull,6,12,12,0.0,65,+1 Lap
2020,12,Portuguese Grand Prix,portimao,2020-10-25,norris,mclaren,8,13,13,0.0,65,+1 Lap
2020,12,Portuguese Grand Prix,portimao,2020-10-25,russell,williams,14,14,14,0.0,65,+1 Lap
2020,12,Portuguese Grand Prix,portimao,2020-10-25,giovinazzi,alfa,17,15,15,0.0,65,+1 Lap
2020,12,Portuguese Grand Prix,portimao,2020-10-25,kevin_magnussen,haas,19,16,16,0.0,65,+1 Lap
2020,12,Portuguese Grand Prix,portimao,2020-10-25,grosjean,haas,18,17,17,0.0,65,+1 Lap
2020,12,Portuguese Grand Prix,portimao,2020-10-25,latifi,williams,20,18,18,0.0,64,+2 Laps
2020,12,Portuguese Grand Prix,portimao,2020-10-25,kvyat,alphatauri,13,19,19,0.0,64,+2 Laps
2020,12,Portuguese Grand Prix,portimao,2020-10-25,stroll,racing_point,12,20,R,0.0,51,Collision damage
2020,13,Emilia Romagna Grand Prix,imola,2020-11-01,hamilton,mercedes,2,1,1,26.0,63,Finished
2020,13,Emilia Romagna Grand Prix,imola,2020-11-01,bottas,mercedes,1,2,2,18.0,63,Finished
2020,13,Emilia Romagna Grand Prix,imola,2020-11-01,ricciardo,renault,5,3,3,15.0,63,Finished
2020,13,Emilia Romagna Grand Prix,imola,2020-11-01,kvyat,alphatauri,8,4,4,12.0,63,Finished
2020,13,Emilia Romagna Grand Prix,imola,2020-11-01,leclerc,ferrari,7,5,5,10.0,63,Finished
2020,13,Emilia Romagna Grand Prix,imola,2020-11-01,perez,racing_point,11,6,6,8.0,63,Finished
2020,13,Emilia Romagna Grand Prix,imola,2020-11-01,sainz,mclaren,10,7,7,6.0,63,Finished
2020,13,Emilia Romagna Grand Prix,imola,2020-11-01,norris,mclaren,9,8,8,4.0,63,Finished
2020,13,Emilia Romagna Grand Prix,imola,2020-11-01,raikkonen,alfa,18,9,9,2.0,63,Finished
2020,13,Emilia Romagna Grand Prix,imola,2020-11-01,giovinazzi,alfa,20,10,10,1.0,63,Finished
2020,13,Emilia Romagna Grand Prix,imola,2020-11-01,latifi,williams,19,11,11,0.0,63,Finished
2020,13,Emilia Romagna Grand Prix,imola,2020-11-01,vettel,ferrari,14,12,12,0.0,63,Finished
2020,13,Emilia Romagna Grand Prix,imola,2020-11-01,stroll,racing_point,15,13,13,0.0,63,Finished
2020,13,Emilia Romagna Grand Prix,imola,2020-11-01,grosjean,haas,16,14,14,0.0,63,Finished
2020,13,Emilia Romagna Grand Prix,imola,2020-11-01,albon,red_bull,6,15,15,0.0,63,Finished
2020,13,Emilia Romagna Grand Prix,imola,2020-11-01,russell,williams,13,16,R,0.0,51,Accident
2020,13,Emilia Romagna Grand Prix,imola,2020-11-01,max_verstappen,red_bull,3,17,R,0.0,50,Puncture
2020,13,Emilia Romagna Grand Prix,imola,2020-11-01,kevin_magnussen,haas,17,18,R,0.0,47,Illness
2020,13,Emilia Romagna Grand Prix,imola,2020-11-01,ocon,renault,12,19,R,0.0,27,Gearbox
2020,13,Emilia Romagna Grand Prix,imola,2020-11-01,gasly,alphatauri,4,20,R,0.0,8,Water pressure
2020,14,Turkish Grand Prix,istanbul,2020-11-15,hamilton,mercedes,6,1,1,25.0,58,Finished
2020,14,Turkish Grand Prix,istanbul,2020-11-15,perez,racing_point,3,2,2,18.0,58,Finished
2020,14,Turkish Grand Prix,istanbul,2020-11-15,vettel,ferrari,11,3,3,15.0,58,Finished
2020,14,Turkish Grand Prix,istanbul,2020-11-15,leclerc,ferrari,12,4,4,12.0,58,Finished
2020,14,Turkish Grand Prix,istanbul,2020-11-15,sainz,mclaren,15,5,5,10.0,58,Finished
2020,14,Turkish Grand Prix,istanbul,2020-11-15,max_verstappen,red_bull,2,6,6,8.0,58,Finished
2020,14,Turkish Grand Prix,istanbul,2020-11-15,albon,red_bull,4,7,7,6.0,58,Finished
2020,14,Turkish Grand Prix,istanbul,2020-11-15,norris,mclaren,14,8,8,5.0,58,Finished
2020,14,Turkish Grand Prix,istanbul,2020-11-15,stroll,racing_point,1,9,9,2.0,58,Finished
2020,14,Turkish Grand Prix,istanbul,2020-11-15,ricciardo,renault,5,10,10,1.0,58,Finished
2020,14,Turkish Grand Prix,istanbul,2020-11-15,ocon,renault,7,11,11,0.0,57,+1 Lap
2020,14,Turkish Grand Prix,istanbul,2020-11-15,kvyat,alphatauri,16,12,12,0.0,57,+1 Lap
2020,14,Turkish Grand Prix,istanbul,2020-11-15,gasly,alphatauri,19,13,13,0.0,57,+1 Lap
2020,14,Turkish Grand Prix,istanbul,2020-11-15,bottas,mercedes,9,14,14,0.0,57,+1 Lap
2020,14,Turkish Grand Prix,istanbul,2020-11-15,raikkonen,alfa,8,15,15,0.0,57,+1 Lap
2020,14,Turkish Grand Prix,istanbul,2020-11-15,russell,williams,0,16,16,0.0,57,+1 Lap
2020,14,Turkish Grand Prix,istanbul,2020-11-15,kevin_magnussen,haas,13,17,17,0.0,55,Withdrew
2020,14,Turkish Grand Prix,istanbul,2020-11-15,grosjean,haas,17,18,R,0.0,49,Collision damage
2020,14,Turkish Grand Prix,istanbul,2020-11-15,latifi,williams,0,19,R,0.0,39,Collision damage
2020,14,Turkish Grand Prix,istanbul,2020-11-15,giovinazzi,alfa,10,20,R,0.0,11,Gearbox
2020,15,Bahrain Grand Prix,bahrain,2020-11-29,hamilton,mercedes,1,1,1,25.0,57,Finished
2020,15,Bahrain Grand Prix,bahrain,2020-11-29,max_verstappen,red_bull,3,2,2,19.0,57,Finished
2020,15,Bahrain Grand Prix,bahrain,2020-11-29,albon,red_bull,4,3,3,15.0,57,Finished
2020,15,Bahrain Grand Prix,bahrain,2020-11-29,norris,mclaren,9,4,4,12.0,57,Finished
2020,15,Bahrain Grand Prix,bahrain,2020-11-29,sainz,mclaren,15,5,5,10.0,57,Finished
2020,15,Bahrain Grand Prix,bahrain,2020-11-29,gasly,alphatauri,8,6,6,8.0,57,Finished
2020,15,Bahrain Grand Prix,bahrain,2020-11-29,ricciardo,renault,6,7,7,6.0,57,Finished
2020,15,Bahrain Grand Prix,bahrain,2020-11-29,bottas,mercedes,2,8,8,4.0,57,Finished
2020,15,Bahrain Grand Prix,bahrain,2020-11-29,ocon,renault,7,9,9,2.0,57,Finished
2020,15,Bahrain Grand Prix,bahrain,2020-11-29,leclerc,ferrari,12,10,10,1.0,56,+1 Lap
2020,15,Bahrain Grand Prix,bahrain,2020-11-29,kvyat,alphatauri,10,11,11,0.0,56,+1 Lap
2020,15,Bahrain Grand Prix,bahrain,2020-11-29,russell,williams,14,12,12,0.0,56,+1 Lap
2020,15,Bahrain Grand Prix,bahrain,2020-11-29,vettel,ferrari,11,13,13,0.0,56,+1 Lap
2020,15,Bahrain Grand Prix,bahrain,2020-11-29,latifi,williams,20,14,14,0.0,56,+1 Lap
2020,15,Bahrain Grand Prix,bahrain,2020-11-29,raikkonen,alfa,17,15,15,0.0,56,+1 Lap
2020,15,Bahrain Grand Prix,bahrain,2020-11-29,giovinazzi,alfa,16,16,16,0.0,56,+1 Lap
2020,15,Bahrain Grand Prix,bahrain,2020-11-29,kevin_magnussen,haas,18,17,17,0.0,56,+1 Lap
2020,15,Bahrain Grand Prix,bahrain,2020-11-29,perez,racing_point,5,18,18,0.0,53,Engine
2020,15,Bahrain Grand Prix,bahrain,2020-11-29,stroll,racing_point,13,19,R,0.0,2,Collision
2020,15,Bahrain Grand Prix,bahrain,2020-11-29,grosjean,haas,19,20,R,0.0,0,Collision
2020,16,Sakhir Grand Prix,bahrain,2020-12-06,perez,racing_point,5,1,1,25.0,87,Finished
2020,16,Sakhir Grand Prix,bahrain,2020-12-06,ocon,renault,11,2,2,18.0,87,Finished
2020,16,Sakhir Grand Prix,bahrain,2020-12-06,stroll,racing_point,10,3,3,15.0,87,Finished
2020,16,Sakhir Grand Prix,bahrain,2020-12-06,sainz,mclaren,8,4,4,12.0,87,Finished
2020,16,Sakhir Grand Prix,bahrain,2020-12-06,ricciardo,renault,7,5,5,10.0,87,Finished
2020,16,Sakhir Grand Prix,bahrain,2020-12-06,albon,red_bull,12,6,6,8.0,87,Finished
2020,16,Sakhir Grand Prix,bahrain,2020-12-06,kvyat,alphatauri,6,7,7,6.0,87,Finished
2020,16,Sakhir Grand Prix,bahrain,2020-12-06,bottas,mercedes,1,8,8,4.0,87,Finished
2020,16,Sakhir Grand Prix,bahrain,2020-12-06,russell,mercedes,2,9,9,3.0,87,Finished
2020,16,Sakhir Grand Prix,bahrain,2020-12-06,norris,mclaren,19,10,10,1.0,87,Finished
2020,16,Sakhir Grand Prix,bahrain,2020-12-06,gasly,alphatauri,9,11,11,0.0,87,Finished
2020,16,Sakhir Grand Prix,bahrain,2020-12-06,vettel,ferrari,13,12,12,0.0,87,Finished
2020,16,Sakhir Grand Prix,bahrain,2020-12-06,giovinazzi,alfa,14,13,13,0.0,87,Finished
2020,16,Sakhir Grand Prix,bahrain,2020-12-06,raikkonen,alfa,18,14,14,0.0,87,Finished
2020,16,Sakhir Grand Prix,bahrain,2020-12-06,kevin_magnussen,haas,15,15,15,0.0,87,Finished
2020,16,Sakhir Grand Prix,bahrain,2020-12-06,aitken,williams,17,16,16,0.0,87,Finished
2020,16,Sakhir Grand Prix,bahrain,2020-12-06,pietro_fittipaldi,haas,20,17,17,0.0,87,Finished
2020,16,Sakhir Grand Prix,bahrain,2020-12-06,latifi,williams,16,18,R,0.0,52,Engine
2020,16,Sakhir Grand Prix,bahrain,2020-12-06,max_verstappen,red_bull,3,19,R,0.0,0,Accident
2020,16,Sakhir Grand Prix,bahrain,2020-12-06,leclerc,ferrari,4,20,R,0.0,0,Collision
2020,17,Abu Dhabi Grand Prix,yas_marina,2020-12-13,max_verstappen,red_bull,1,1,1,25.0,55,Finished
2020,17,Abu Dhabi Grand Prix,yas_marina,2020-12-13,bottas,mercedes,2,2,2,18.0,55,Finished
2020,17,Abu Dhabi Grand Prix,yas_marina,2020-12-13,hamilton,mercedes,3,3,3,15.0,55,Finished
2020,17,Abu Dhabi Grand Prix,yas_marina,2020-12-13,albon,red_bull,5,4,4,12.0,55,Finished
2020,17,Abu Dhabi Grand Prix,yas_marina,2020-12-13,norris,mclaren,4,5,5,10.0,55,Finished
2020,17,Abu Dhabi Grand Prix,yas_marina,2020-12-13,sainz,mclaren,6,6,6,8.0,55,Finished
2020,17,Abu Dhabi Grand Prix,yas_marina,2020-12-13,ricciardo,renault,11,7,7,7.0,55,Finished
2020,17,Abu Dhabi Grand Prix,yas_marina,2020-12-13,gasly,alphatauri,9,8,8,4.0,55,Finished
2020,17,Abu Dhabi Grand Prix,yas_marina,2020-12-13,ocon,renault,10,9,9,2.0,55,Finished
2020,17,Abu Dhabi Grand Prix,yas_marina,2020-12-13,stroll,racing_point,8,10,10,1.0,55,Finished
2020,17,Abu Dhabi Grand Prix,yas_marina,2020-12-13,kvyat,alphatauri,7,11,11,0.0,54,+1 Lap
2020,17,Abu Dhabi Grand Prix,yas_marina,2020-12-13,raikkonen,alfa,15,12,12,0.0,54,+1 Lap
2020,17,Abu Dhabi Grand Prix,yas_marina,2020-12-13,leclerc,ferrari,12,13,13,0.0,54,+1 Lap
2020,17,Abu Dhabi Grand Prix,yas_marina,2020-12-13,vettel,ferrari,13,14,14,0.0,54,+1 Lap
2020,17,Abu Dhabi Grand Prix,yas_marina,2020-12-13,russell,williams,16,15,15,0.0,54,+1 Lap
2020,17,Abu Dhabi Grand Prix,yas_marina,2020-12-13,giovinazzi,alfa,14,16,16,0.0,54,+1 Lap
2020,17,Abu Dhabi Grand Prix,yas_marina,2020-12-13,latifi,williams,18,17,17,0.0,54,+1 Lap
2020,17,Abu Dhabi Grand Prix,yas_marina,2020-12-13,kevin_magnussen,haas,20,18,18,0.0,54,+1 Lap
2020,17,Abu Dhabi Grand Prix,yas_marina,2020-12-13,pietro_fittipaldi,haas,17,19,19,0.0,53,+2 Laps
2020,17,Abu Dhabi Grand Prix,yas_marina,2020-12-13,perez,racing_point,19,20,R,0.0,8,Transmission
2021,1,Bahrain Grand Prix,bahrain,2021-03-28,hamilton,mercedes,2,1,1,25.0,56,Finished
2021,1,Bahrain Grand Prix,bahrain,2021-03-28,max_verstappen,red_bull,1,2,2,18.0,56,Finished
2021,1,Bahrain Grand Prix,bahrain,2021-03-28,bottas,mercedes,3,3,3,16.0,56,Finished
2021,1,Bahrain Grand Prix,bahrain,2021-03-28,norris,mclaren,7,4,4,12.0,56,Finished
2021,1,Bahrain Grand Prix,bahrain,2021-03-28,perez,red_bull,0,5,5,10.0,56,Finished
2021,1,Bahrain Grand Prix,bahrain,2021-03-28,leclerc,ferrari,4,6,6,8.0,56,Finished
2021,1,Bahrain Grand Prix,bahrain,2021-03-28,ricciardo,mclaren,6,7,7,6.0,56,Finished
2021,1,Bahrain Grand Prix,bahrain,2021-03-28,sainz,ferrari,8,8,8,4.0,56,Finished
2021,1,Bahrain Grand Prix,bahrain,2021-03-28,tsunoda,alphatauri,13,9,9,2.0,56,Finished
2021,1,Bahrain Grand Prix,bahrain,2021-03-28,stroll,aston_martin,10,10,10,1.0,56,Finished
2021,1,Bahrain Grand Prix,bahrain,2021-03-28,raikkonen,alfa,14,11,11,0.0,56,Finished
2021,1,Bahrain Grand Prix,bahrain,2021-03-28,giovinazzi,alfa,12,12,12,0.0,55,+1 Lap
2021,1,Bahrain Grand Prix,bahrain,2021-03-28,ocon,alpine,16,13,13,0.0,55,+1 Lap
2021,1,Bahrain Grand Prix,bahrain,2021-03-28,russell,williams,15,14,14,0.0,55,+1 Lap
2021,1,Bahrain Grand Prix,bahrain,2021-03-28,vettel,aston_martin,20,15,15,0.0,55,+1 Lap
2021,1,Bahrain Grand Prix,bahrain,2021-03-28,mick_schumacher,haas,18,16,16,0.0,55,+1 Lap
2021,1,Bahrain Grand Prix,bahrain,2021-03-28,gasly,alphatauri,5,17,17,0.0,52,Retired
2021,1,Bahrain Grand Prix,bahrain,2021-03-28,latifi,williams,17,18,18,0.0,51,Retired
2021,1,Bahrain Grand Prix,bahrain,2021-03-28,alonso,alpine,9,19,R,0.0,32,Brakes
2021,1,Bahrain Grand Prix,bahrain,2021-03-28,mazepin,haas,19,20,R,0.0,0,Accident
2021,2,Emilia Romagna Grand Prix,imola,2021-04-18,max_verstappen,red_bull,3,1,1,25.0,63,Finished
2021,2,Emilia Romagna Grand Prix,imola,2021-04-18,hamilton,mercedes,1,2,2,19.0,63,Finished
2021,2,Emilia Romagna Grand Prix,imola,2021-04-18,norris,mclaren,7,3,3,15.0,63,Finished
2021,2,Emilia Romagna Grand Prix,imola,2021-04-18,leclerc,ferrari,4,4,4,12.0,63,Finished
2021,2,Emilia Romagna Grand Prix,imola,2021-04-18,sainz,ferrari,11,5,5,10.0,63,Finished
2021,2,Emilia Romagna Grand Prix,imola,2021-04-18,ricciardo,mclaren,6,6,6,8.0,63,Finished
2021,2,Emilia Romagna Grand Prix,imola,2021-04-18,gasly,alphatauri,5,7,7,6.0,63,Finished
2021,2,Emilia Romagna Grand Prix,imola,2021-04-18,stroll,aston_martin,10,8,8,4.0,63,Finished
2021,2,Emilia Romagna Grand Prix,imola,2021-04-18,ocon,alpine,9,9,9,2.0,63,Finished
2021,2,Emilia Romagna Grand Prix,imola,2021-04-18,alonso,alpine,15,10,10,1.0,63,Finished
2021,2,Emilia Romagna Grand Prix,imola,2021-04-18,perez,red_bull,2,11,11,0.0,63,Finished
2021,2,Emilia Romagna Grand Prix,imola,2021-04-18,tsunoda,alphatauri,20,12,12,0.0,63,Finished
2021,2,Emilia Romagna Grand Prix,imola,2021-04-18,raikkonen,alfa,16,13,13,0.0,63,Finished
2021,2,Emilia Romagna Grand Prix,imola,2021-04-18,giovinazzi,alfa,17,14,14,0.0,62,+1 Lap
2021,2,Emilia Romagna Grand Prix,imola,2021-04-18,vettel,aston_martin,0,15,15,0.0,61,Gearbox
2021,2,Emilia Romagna Grand Prix,imola,2021-04-18,mick_schumacher,haas,18,16,16,0.0,61,+2 Laps
2021,2,Emilia Romagna Grand Prix,imola,2021-04-18,mazepin,haas,19,17,17,0.0,61,+2 Laps
2021,2,Emilia Romagna Grand Prix,imola,2021-04-18,bottas,mercedes,8,18,R,0.0,30,Collision
2021,2,Emilia Romagna Grand Prix,imola,2021-04-18,russell,williams,12,19,R,0.0,30,Collision
2021,2,Emilia Romagna Grand Prix,imola,2021-04-18,latifi,williams,14,20,R,0.0,0,Collision
2021,3,Portuguese Grand Prix,portimao,2021-05-02,hamilton,mercedes,2,1,1,25.0,66,Finished
2021,3,Portuguese Grand Prix,portimao,2021-05-02,max_verstappen,red_bull,3,2,2,18.0,66,Finished
2021,3,Portuguese Grand Prix,portimao,2021-05-02,bottas,mercedes,1,3,3,16.0,66,Finished
2021,3,Portuguese Grand Prix,portimao,2021-05-02,perez,red_bull,4,4,4,12.0,66,Finished
2021,3,Portuguese Grand Prix,portimao,2021-05-02,norris,mclaren,7,5,5,10.0,66,Finished
2021,3,Portuguese Grand Prix,portimao,2021-05-02,leclerc,ferrari,8,6,6,8.0,66,Finished
2021,3,Portuguese Grand Prix,portimao,2021-05-02,ocon,alpine,6,7,7,6.0,66,Finished
2021,3,Portuguese Grand Prix,portimao,2021-05-02,alonso,alpine,13,8,8,4.0,66,Finished
2021,3,Portuguese Grand Prix,portimao,2021-05-02,ricciardo,mclaren,16,9,9,2.0,66,Finished
2021,3,Portuguese Grand Prix,portimao,2021-05-02,gasly,alphatauri,9,10,10,1.0,66,Finished
2021,3,Portuguese Grand Prix,portimao,2021-05-02,sainz,ferrari,5,11,11,0.0,66,Finished
2021,3,Portuguese Grand Prix,portimao,2021-05-02,giovinazzi,alfa,12,12,12,0.0,65,+1 Lap
2021,3,Portuguese Grand Prix,portimao,2021-05-02,vettel,aston_martin,10,13,13,0.0,65,+1 Lap
2021,3,Portuguese Grand Prix,portimao,2021-05-02,stroll,aston_martin,17,14,14,0.0,65,+1 Lap
2021,3,Portuguese Grand Prix,portimao,2021-05-02,tsunoda,alphatauri,14,15,15,0.0,65,+1 Lap
2021,3,Portuguese Grand Prix,portimao,2021-05-02,russell,williams,11,16,16,0.0,65,+1 Lap
2021,3,Portuguese Grand Prix,portimao,2021-05-02,mick_schumacher,haas,19,17,17,0.0,64,+2 Laps
2021,3,Portuguese Grand Prix,portimao,2021-05-02,latifi,williams,18,18,18,0.0,64,+2 Laps
2021,3,Portuguese Grand Prix,portimao,2021-05-02,mazepin,haas,20,19,19,0.0,64,+2 Laps
2021,3,Portuguese Grand Prix,portimao,2021-05-02,raikkonen,alfa,15,20,R,0.0,1,Collision damage
2021,4,Spanish Grand Prix,catalunya,2021-05-09,hamilton,mercedes,1,1,1,25.0,66,Finished
2021,4,Spanish Grand Prix,catalunya,2021-05-09,max_verstappen,red_bull,2,2,2,19.0,66,Finished
2021,4,Spanish Grand Prix,catalunya,2021-05-09,bottas,mercedes,3,3,3,15.0,66,Finished
2021,4,Spanish Grand Prix,catalunya,2021-05-09,leclerc,ferrari,4,4,4,12.0,66,Finished
2021,4,Spanish Grand Prix,catalunya,2021-05-09,perez,red_bull,8,5,5,10.0,66,Finished
2021,4,Spanish Grand Prix,catalunya,2021-05-09,ricciardo,mclaren,7,6,6,8.0,66,Finished
2021,4,Spanish Grand Prix,catalunya,2021-05-09,sainz,ferrari,6,7,7,6.0,66,Finished
2021,4,Spanish Grand Prix,catalunya,2021-05-09,norris,mclaren,9,8,8,4.0,65,+1 Lap
2021,4,Spanish Grand Prix,catalunya,2021-05-09,ocon,alpine,5,9,9,2.0,65,+1 Lap
2021,4,Spanish Grand Prix,catalunya,2021-05-09,gasly,alphatauri,12,10,10,1.0,65,+1 Lap
2021,4,Spanish Grand Prix,catalunya,2021-05-09,stroll,aston_martin,11,11,11,0.0,65,+1 Lap
2021,4,Spanish Grand Prix,catalunya,2021-05-09,raikkonen,alfa,17,12,12,0.0,65,+1 Lap
2021,4,Spanish Grand Prix,catalunya,2021-05-09,vettel,aston_martin,13,13,13,0.0,65,+1 Lap
2021,4,Spanish Grand Prix,catalunya,2021-05-09,russell,williams,15,14,14,0.0,65,+1 Lap
2021,4,Spanish Grand Prix,catalunya,2021-05-09,giovinazzi,alfa,14,15,15,0.0,65,+1 Lap
2021,4,Spanish Grand Prix,catalunya,2021-05-09,latifi,williams,19,16,16,0.0,65,+1 Lap
2021,4,Spanish Grand Prix,catalunya,2021-05-09,alonso,alpine,10,17,17,0.0,65,+1 Lap
2021,4,Spanish Grand Prix,catalunya,2021-05-09,mick_schumacher,haas,18,18,18,0.0,64,+2 Laps
2021,4,Spanish Grand Prix,catalunya,2021-05-09,mazepin,haas,20,19,19,0.0,64,+2 Laps
2021,4,Spanish Grand Prix,catalunya,2021-05-09,tsunoda,alphatauri,16,20,R,0.0,6,Electrical
2021,5,Monaco Grand Prix,monaco,2021-05-23,max_verstappen,red_bull,2,1,1,25.0,78,Finished
2021,5,Monaco Grand Prix,monaco,2021-05-23,sainz,ferrari,4,2,2,18.0,78,Finished
2021,5,Monaco Grand Prix,monaco,2021-05-23,norris,mclaren,5,3,3,15.0,78,Finished
2021,5,Monaco Grand Prix,monaco,2021-05-23,perez,red_bull,9,4,4,12.0,78,Finished
2021,5,Monaco Grand Prix,monaco,2021-05-23,vettel,aston_martin,8,5,5,10.0,78,Finished
2021,5,Monaco Grand Prix,monaco,2021-05-23,gasly,alphatauri,6,6,6,8.0,78,Finished
2021,5,Monaco Grand Prix,monaco,2021-05-23,hamilton,mercedes,7,7,7,7.0,78,Finished
2021,5,Monaco Grand Prix,monaco,2021-05-23,stroll,aston_martin,13,8,8,4.0,77,+1 Lap
2021,5,Monaco Grand Prix,monaco,2021-05-23,ocon,alpine,11,9,9,2.0,77,+1 Lap
2021,5,Monaco Grand Prix,monaco,2021-05-23,giovinazzi,alfa,10,10,10,1.0,77,+1 Lap
2021,5,Monaco Grand Prix,monaco,2021-05-23,raikkonen,alfa,14,11,11,0.0,77,+1 Lap
2021,5,Monaco Grand Prix,monaco,2021-05-23,ricciardo,mclaren,12,12,12,0.0,77,+1 Lap
2021,5,Monaco Grand Prix,monaco,2021-05-23,alonso,alpine,17,13,13,0.0,77,+1 Lap
2021,5,Monaco Grand Prix,monaco,2021-05-23,russell,williams,15,14,14,0.0,77,+1 Lap
2021,5,Monaco Grand Prix,monaco,2021-05-23,latifi,williams,18,15,15,0.0,77,+1 Lap
2021,5,Monaco Grand Prix,monaco,2021-05-23,tsunoda,alphatauri,16,16,16,0.0,77,+1 Lap
2021,5,Monaco Grand Prix,monaco,2021-05-23,mazepin,haas,19,17,17,0.0,75,+3 Laps
2021,5,Monaco Grand Prix,monaco,2021-05-23,mick_schumacher,haas,20,18,18,0.0,75,+3 Laps
2021,5,Monaco Grand Prix,monaco,2021-05-23,bottas,mercedes,3,19,R,0.0,29,Wheel nut
2021,5,Monaco Grand Prix,monaco,2021-05-23,leclerc,ferrari,1,20,W,0.0,0,Driveshaft
2021,6,Azerbaijan Grand Prix,baku,2021-06-06,perez,red_bull,6,1,1,25.0,51,Finished
2021,6,Azerbaijan Grand Prix,baku,2021-06-06,vettel,aston_martin,11,2,2,18.0,51,Finished
2021,6,Azerbaijan Grand Prix,baku,2021-06-06,gasly,alphatauri,4,3,3,15.0,51,Finished
2021,6,Azerbaijan Grand Prix,baku,2021-06-06,leclerc,ferrari,1,4,4,12.0,51,Finished
2021,6,Azerbaijan Grand Prix,baku,2021-06-06,norris,mclaren,9,5,5,10.0,51,Finished
2021,6,Azerbaijan Grand Prix,baku,2021-06-06,alonso,alpine,8,6,6,8.0,51,Finished
2021,6,Azerbaijan Grand Prix,baku,2021-06-06,tsunoda,alphatauri,7,7,7,6.0,51,Finished
2021,6,Azerbaijan Grand Prix,baku,2021-06-06,sainz,ferrari,5,8,8,4.0,51,Finished
2021,6,Azerbaijan Grand Prix,baku,2021-06-06,ricciardo,mclaren,13,9,9,2.0,51,Finished
2021,6,Azerbaijan Grand Prix,baku,2021-06-06,raikkonen,alfa,14,10,10,1.0,51,Finished
2021,6,Azerbaijan Grand Prix,baku,2021-06-06,giovinazzi,alfa,20,11,11,0.0,51,Finished
2021,6,Azerbaijan Grand Prix,baku,2021-06-06,bottas,mercedes,10,12,12,0.0,51,Finished
2021,6,Azerbaijan Grand Prix,baku,2021-06-06,mick_schumacher,haas,17,13,13,0.0,51,Finished
2021,6,Azerbaijan Grand Prix,baku,2021-06-06,mazepin,haas,18,14,14,0.0,51,Finished
2021,6,Azerbaijan Grand Prix,baku,2021-06-06,hamilton,mercedes,2,15,15,0.0,51,Finished
2021,6,Azerbaijan Grand Prix,baku,2021-06-06,latifi,williams,16,16,16,0.0,51,Finished
2021,6,Azerbaijan Grand Prix,baku,2021-06-06,russell,williams,15,17,R,0.0,48,Gearbox
2021,6,Azerbaijan Grand Prix,baku,2021-06-06,max_verstappen,red_bull,3,18,R,0.0,45,Accident
2021,6,Azerbaijan Grand Prix,baku,2021-06-06,stroll,aston_martin,19,19,R,0.0,29,Accident
2021,6,Azerbaijan Grand Prix,baku,2021-06-06,ocon,alpine,12,20,R,0.0,3,Turbo
2021,7,French Grand Prix,ricard,2021-06-20,max_verstappen,red_bull,1,1,1,26.0,53,Finished
2021,7,French Grand Prix,ricard,2021-06-20,hamilton,mercedes,2,2,2,18.0,53,Finished
2021,7,French Grand Prix,ricard,2021-06-20,perez,red_bull,4,3,3,15.0,53,Finished
2021,7,French Grand Prix,ricard,2021-06-20,bottas,mercedes,3,4,4,12.0,53,Finished
2021,7,French Grand Prix,ricard,2021-06-20,norris,mclaren,8,5,5,10.0,53,Finished
2021,7,French Grand Prix,ricard,2021-06-20,ricciardo,mclaren,10,6,6,8.0,53,Finished
2021,7,French Grand Prix,ricard,2021-06-20,gasly,alphatauri,6,7,7,6.0,53,Finished
2021,7,French Grand Prix,ricard,2021-06-20,alonso,alpine,9,8,8,4.0,53,Finished
2021,7,French Grand Prix,ricard,2021-06-20,vettel,aston_martin,12,9,9,2.0,53,Finished
2021,7,French Grand Prix,ricard,2021-06-20,stroll,aston_martin,19,10,10,1.0,53,Finished
2021,7,French Grand Prix,ricard,2021-06-20,sainz,ferrari,5,11,11,0.0,53,Finished
2021,7,French Grand Prix,ricard,2021-06-20,russell,williams,14,12,12,0.0,52,+1 Lap
2021,7,French Grand Prix,ricard,2021-06-20,tsunoda,alphatauri,0,13,13,0.0,52,+1 Lap
2021,7,French Grand Prix,ricard,2021-06-20,ocon,alpine,11,14,14,0.0,52,+1 Lap
2021,7,French Grand Prix,ricard,2021-06-20,giovinazzi,alfa,13,15,15,0.0,52,+1 Lap
2021,7,French Grand Prix,ricard,2021-06-20,leclerc,ferrari,7,16,16,0.0,52,+1 Lap
2021,7,French Grand Prix,ricard,2021-06-20,raikkonen,alfa,17,17,17,0.0,52,+1 Lap
2021,7,French Grand Prix,ricard,2021-06-20,latifi,williams,16,18,18,0.0,52,+1 Lap
2021,7,French Grand Prix,ricard,2021-06-20,mick_schumacher,haas,15,19,19,0.0,52,+1 Lap
2021,7,French Grand Prix,ricard,2021-06-20,mazepin,haas,18,20,20,0.0,52,+1 Lap
2021,8,Styrian Grand Prix,red_bull_ring,2021-06-27,max_verstappen,red_bull,1,1,1,25.0,71,Finished
2021,8,Styrian Grand Prix,red_bull_ring,2021-06-27,hamilton,mercedes,2,2,2,19.0,71,Finished
2021,8,Styrian Grand Prix,red_bull_ring,2021-06-27,bottas,mercedes,5,3,3,15.0,71,Finished
2021,8,Styrian Grand Prix,red_bull_ring,2021-06-27,perez,red_bull,4,4,4,12.0,71,Finished
2021,8,Styrian Grand Prix,red_bull_ring,2021-06-27,norris,mclaren,3,5,5,10.0,70,+1 Lap
2021,8,Styrian Grand Prix,red_bull_ring,2021-06-27,sainz,ferrari,12,6,6,8.0,70,+1 Lap
2021,8,Styrian Grand Prix,red_bull_ring,2021-06-27,leclerc,ferrari,7,7,7,6.0,70,+1 Lap
2021,8,Styrian Grand Prix,red_bull_ring,2021-06-27,stroll,aston_martin,9,8,8,4.0,70,+1 Lap
2021,8,Styrian Grand Prix,red_bull_ring,2021-06-27,alonso,alpine,8,9,9,2.0,70,+1 Lap
2021,8,Styrian Grand Prix,red_bull_ring,2021-06-27,tsunoda,alphatauri,11,10,10,1.0,70,+1 Lap
2021,8,Styrian Grand Prix,red_bull_ring,2021-06-27,raikkonen,alfa,18,11,11,0.0,70,+1 Lap
2021,8,Styrian Grand Prix,red_bull_ring,2021-06-27,vettel,aston_martin,14,12,12,0.0,70,+1 Lap
2021,8,Styrian Grand Prix,red_bull_ring,2021-06-27,ricciardo,mclaren,13,13,13,0.0,70,+1 Lap
2021,8,Styrian Grand Prix,red_bull_ring,2021-06-27,ocon,alpine,17,14,14,0.0,70,+1 Lap
2021,8,Styrian Grand Prix,red_bull_ring,2021-06-27,giovinazzi,alfa,15,15,15,0.0,70,+1 Lap
2021,8,Styrian Grand Prix,red_bull_ring,2021-06-27,mick_schumacher,haas,19,16,16,0.0,69,+2 Laps
2021,8,Styrian Grand Prix,red_bull_ring,2021-06-27,latifi,williams,16,17,17,0.0,68,+3 Laps
2021,8,Styrian Grand Prix,red_bull_ring,2021-06-27,mazepin,haas,20,18,18,0.0,68,+3 Laps
2021,8,Styrian Grand Prix,red_bull_ring,2021-06-27,russell,williams,10,19,R,0.0,36,Engine
2021,8,Styrian Grand Prix,red_bull_ring,2021-06-27,gasly,alphatauri,6,20,R,0.0,1,Collision
2021,9,Austrian Grand Prix,red_bull_ring,2021-07-04,max_verstappen,red_bull,1,1,1,26.0,71,Finished
2021,9,Austrian Grand Prix,red_bull_ring,2021-07-04,bottas,mercedes,5,2,2,18.0,71,Finished
2021,9,Austrian Grand Prix,red_bull_ring,2021-07-04,norris,mclaren,2,3,3,15.0,71,Finished
2021,9,Austrian Grand Prix,red_bull_ring,2021-07-04,hamilton,mercedes,4,4,4,12.0,71,Finished
2021,9,Austrian Grand Prix,red_bull_ring,2021-07-04,sainz,ferrari,10,5,5,10.0,71,Finished
2021,9,Austrian Grand Prix,red_bull_ring,2021-07-04,perez,red_bull,3,6,6,8.0,71,Finished
2021,9,Austrian Grand Prix,red_bull_ring,2021-07-04,ricciardo,mclaren,13,7,7,6.0,71,Finished
2021,9,Austrian Grand Prix,red_bull_ring,2021-07-04,leclerc,ferrari,12,8,8,4.0,71,Finished
2021,9,Austrian Grand Prix,red_bull_ring,2021-07-04,gasly,alphatauri,6,9,9,2.0,71,Finished
2021,9,Austrian Grand Prix,red_bull_ring,2021-07-04,alonso,alpine,14,10,10,1.0,70,+1 Lap
2021,9,Austrian Grand Prix,red_bull_ring,2021-07-04,russell,williams,8,11,11,0.0,70,+1 Lap
2021,9,Austrian Grand Prix,red_bull_ring,2021-07-04,tsunoda,alphatauri,7,12,12,0.0,70,+1 Lap
2021,9,Austrian Grand Prix,red_bull_ring,2021-07-04,stroll,aston_martin,9,13,13,0.0,70,+1 Lap
2021,9,Austrian Grand Prix,red_bull_ring,2021-07-04,giovinazzi,alfa,15,14,14,0.0,70,+1 Lap
2021,9,Austrian Grand Prix,red_bull_ring,2021-07-04,raikkonen,alfa,16,15,15,0.0,70,+1 Lap
2021,9,Austrian Grand Prix,red_bull_ring,2021-07-04,latifi,williams,18,16,16,0.0,70,+1 Lap
2021,9,Austrian Grand Prix,red_bull_ring,2021-07-04,vettel,aston_martin,11,17,17,0.0,69,Collision
2021,9,Austrian Grand Prix,red_bull_ring,2021-07-04,mick_schumacher,haas,19,18,18,0.0,69,+2 Laps
2021,9,Austrian Grand Prix,red_bull_ring,2021-07-04,mazepin,haas,20,19,19,0.0,69,+2 Laps
2021,9,Austrian Grand Prix,red_bull_ring,2021-07-04,ocon,alpine,17,20,R,0.0,0,Collision
2021,10,British Grand Prix,silverstone,2021-07-18,hamilton,mercedes,2,1,1,25.0,52,Finished
2021,10,British Grand Prix,silverstone,2021-07-18,leclerc,ferrari,4,2,2,18.0,52,Finished
2021,10,British Grand Prix,silverstone,2021-07-18,bottas,mercedes,3,3,3,15.0,52,Finished
2021,10,British Grand Prix,silverstone,2021-07-18,norris,mclaren,5,4,4,12.0,52,Finished
2021,10,British Grand Prix,silverstone,2021-07-18,ricciardo,mclaren,6,5,5,10.0,52,Finished
2021,10,British Grand Prix,silverstone,2021-07-18,sainz,ferrari,10,6,6,8.0,52,Finished
2021,10,British Grand Prix,silverstone,2021-07-18,alonso,alpine,7,7,7,6.0,52,Finished
2021,10,British Grand Prix,silverstone,2021-07-18,stroll,aston_martin,14,8,8,4.0,52,Finished
2021,10,British Grand Prix,silverstone,2021-07-18,ocon,alpine,9,9,9,2.0,52,Finished
2021,10,British Grand Prix,silverstone,2021-07-18,tsunoda,alphatauri,16,10,10,1.0,52,Finished
2021,10,British Grand Prix,silverstone,2021-07-18,gasly,alphatauri,11,11,11,0.0,52,Finished
2021,10,British Grand Prix,silverstone,2021-07-18,russell,williams,12,12,12,0.0,51,+1 Lap
2021,10,British Grand Prix,silverstone,2021-07-18,giovinazzi,alfa,15,13,13,0.0,51,+1 Lap
2021,10,British Grand Prix,silverstone,2021-07-18,latifi,williams,17,14,14,0.0,51,+1 Lap
2021,10,British Grand Prix,silverstone,2021-07-18,raikkonen,alfa,13,15,15,0.0,51,+1 Lap
2021,10,British Grand Prix,silverstone,2021-07-18,perez,red_bull,0,16,16,0.0,51,+1 Lap
2021,10,British Grand Prix,silverstone,2021-07-18,mazepin,haas,19,17,17,0.0,51,+1 Lap
2021,10,British Grand Prix,silverstone,2021-07-18,mick_schumacher,haas,18,18,18,0.0,51,+1 Lap
2021,10,British Grand Prix,silverstone,2021-07-18,vettel,aston_martin,8,19,R,0.0,40,Retired
2021,10,British Grand Prix,silverstone,2021-07-18,max_verstappen,red_bull,1,20,R,0.0,0,Collision
2021,11,Hungarian Grand Prix,hungaroring,2021-08-01,ocon,alpine,8,1,1,25.0,70,Finished
2021,11,Hungarian Grand Prix,hungaroring,2021-08-01,hamilton,mercedes,1,2,2,18.0,70,Finished
2021,11,Hungarian Grand Prix,hungaroring,2021-08-01,sainz,ferrari,15,3,3,15.0,70,Finished
2021,11,Hungarian Grand Prix,hungaroring,2021-08-01,alonso,alpine,9,4,4,12.0,70,Finished
2021,11,Hungarian Grand Prix,hungaroring,2021-08-01,gasly,alphatauri,5,5,5,11.0,70,Finished
2021,11,Hungarian Grand Prix,hungaroring,2021-08-01,tsunoda,alphatauri,16,6,6,8.0,70,Finished
2021,11,Hungarian Grand Prix,hungaroring,2021-08-01,latifi,williams,18,7,7,6.0,70,Finished
2021,11,Hungarian Grand Prix,hungaroring,2021-08-01,russell,williams,17,8,8,4.0,70,Finished
2021,11,Hungarian Grand Prix,hungaroring,2021-08-01,max_verstappen,red_bull,3,9,9,2.0,70,Finished
2021,11,Hungarian Grand Prix,hungaroring,2021-08-01,raikkonen,alfa,13,10,10,1.0,69,+1 Lap
2021,11,Hungarian Grand Prix,hungaroring,2021-08-01,ricciardo,mclaren,11,11,11,0.0,69,+1 Lap
2021,11,Hungarian Grand Prix,hungaroring,2021-08-01,mick_schumacher,haas,20,12,12,0.0,69,+1 Lap
2021,11,Hungarian Grand Prix,hungaroring,2021-08-01,giovinazzi,alfa,0,13,13,0.0,69,+1 Lap
2021,11,Hungarian Grand Prix,hungaroring,2021-08-01,mazepin,haas,19,14,R,0.0,3,Collision
2021,11,Hungarian Grand Prix,hungaroring,2021-08-01,norris,mclaren,6,15,R,0.0,2,Collision
2021,11,Hungarian Grand Prix,hungaroring,2021-08-01,bottas,mercedes,2,16,R,0.0,0,Collision
2021,11,Hungarian Grand Prix,hungaroring,2021-08-01,perez,red_bull,4,17,R,0.0,0,Collision
2021,11,Hungarian Grand Prix,hungaroring,2021-08-01,leclerc,ferrari,7,18,R,0.0,0,Collision
2021,11,Hungarian Grand Prix,hungaroring,2021-08-01,stroll,aston_martin,12,19,R,0.0,0,Collision
2021,11,Hungarian Grand Prix,hungaroring,2021-08-01,vettel,aston_martin,10,20,D,0.0,70,Disqualified
2021,12,Belgian Grand Prix,spa,2021-08-29,max_verstappen,red_bull,1,1,1,12.5,1,Finished
2021,12,Belgian Grand Prix,spa,2021-08-29,russell,williams,2,2,2,9.0,1,Finished
2021,12,Belgian Grand Prix,spa,2021-08-29,hamilton,mercedes,3,3,3,7.5,1,Finished
2021,12,Belgian Grand Prix,spa,2021-08-29,ricciardo,mclaren,4,4,4,6.0,1,Finished
2021,12,Belgian Grand Prix,spa,2021-08-29,vettel,aston_martin,5,5,5,5.0,1,Finished
2021,12,Belgian Grand Prix,spa,2021-08-29,gasly,alphatauri,6,6,6,4.0,1,Finished
2021,12,Belgian Grand Prix,spa,2021-08-29,ocon,alpine,8,7,7,3.0,1,Finished
2021,12,Belgian Grand Prix,spa,2021-08-29,leclerc,ferrari,9,8,8,2.0,1,Finished
2021,12,Belgian Grand Prix,spa,2021-08-29,latifi,williams,10,9,9,1.0,1,Finished
2021,12,Belgian Grand Prix,spa,2021-08-29,sainz,ferrari,11,10,10,0.5,1,Finished
2021,12,Belgian Grand Prix,spa,2021-08-29,alonso,alpine,12,11,11,0.0,1,Finished
2021,12,Belgian Grand Prix,spa,2021-08-29,bottas,mercedes,13,12,12,0.0,1,Finished
2021,12,Belgian Grand Prix,spa,2021-08-29,giovinazzi,alfa,14,13,13,0.0,1,Finished
2021,12,Belgian Grand Prix,spa,2021-08-29,norris,mclaren,15,14,14,0.0,1,Finished
2021,12,Belgian Grand Prix,spa,2021-08-29,tsunoda,alphatauri,16,15,15,0.0,1,Finished
2021,12,Belgian Grand Prix,spa,2021-08-29,mick_schumacher,haas,17,16,16,0.0,1,Finished
2021,12,Belgian Grand Prix,spa,2021-08-29,mazepin,haas,18,17,17,0.0,1,Finished
2021,12,Belgian Grand Prix,spa,2021-08-29,raikkonen,alfa,0,18,18,0.0,1,Finished
2021,12,Belgian Grand Prix,spa,2021-08-29,perez,red_bull,0,19,19,0.0,1,Finished
2021,12,Belgian Grand Prix,spa,2021-08-29,stroll,aston_martin,19,20,20,0.0,1,Finished
2021,13,Dutch Grand Prix,zandvoort,2021-09-05,max_verstappen,red_bull,1,1,1,25.0,72,Finished
2021,13,Dutch Grand Prix,zandvoort,2021-09-05,hamilton,mercedes,2,2,2,19.0,72,Finished
2021,13,Dutch Grand Prix,zandvoort,2021-09-05,bottas,mercedes,3,3,3,15.0,72,Finished
2021,13,Dutch Grand Prix,zandvoort,2021-09-05,gasly,alphatauri,4,4,4,12.0,71,+1 Lap
2021,13,Dutch Grand Prix,zandvoort,2021-09-05,leclerc,ferrari,5,5,5,10.0,71,+1 Lap
2021,13,Dutch Grand Prix,zandvoort,2021-09-05,alonso,alpine,9,6,6,8.0,71,+1 Lap
2021,13,Dutch Grand Prix,zandvoort,2021-09-05,sainz,ferrari,6,7,7,6.0,71,+1 Lap
2021,13,Dutch Grand Prix,zandvoort,2021-09-05,perez,red_bull,0,8,8,4.0,71,+1 Lap
2021,13,Dutch Grand Prix,zandvoort,2021-09-05,ocon,alpine,8,9,9,2.0,71,+1 Lap
2021,13,Dutch Grand Prix,zandvoort,2021-09-05,norris,mclaren,13,10,10,1.0,71,+1 Lap
2021,13,Dutch Grand Prix,zandvoort,2021-09-05,ricciardo,mclaren,10,11,11,0.0,71,+1 Lap
2021,13,Dutch Grand Prix,zandvoort,2021-09-05,stroll,aston_martin,12,12,12,0.0,70,+2 Laps
2021,13,Dutch Grand Prix,zandvoort,2021-09-05,vettel,aston_martin,15,13,13,0.0,70,+2 Laps
2021,13,Dutch Grand Prix,zandvoort,2021-09-05,giovinazzi,alfa,7,14,14,0.0,70,+2 Laps
2021,13,Dutch Grand Prix,zandvoort,2021-09-05,kubica,alfa,16,15,15,0.0,70,+2 Laps
2021,13,Dutch Grand Prix,zandvoort,2021-09-05,latifi,williams,0,16,16,0.0,70,+2 Laps
2021,13,Dutch Grand Prix,zandvoort,2021-09-05,russell,williams,11,17,17,0.0,69,Gearbox
2021,13,Dutch Grand Prix,zandvoort,2021-09-05,mick_schumacher,haas,17,18,18,0.0,69,+3 Laps
2021,13,Dutch Grand Prix,zandvoort,2021-09-05,tsunoda,alphatauri,14,19,R,0.0,48,Power Unit
2021,13,Dutch Grand Prix,zandvoort,2021-09-05,mazepin,haas,18,20,R,0.0,41,Hydraulics
2021,14,Italian Grand Prix,monza,2021-09-12,ricciardo,mclaren,2,1,1,26.0,53,Finished
2021,14,Italian Grand Prix,monza,2021-09-12,norris,mclaren,3,2,2,18.0,53,Finished
2021,14,Italian Grand Prix,monza,2021-09-12,bottas,mercedes,19,3,3,15.0,53,Finished
2021,14,Italian Grand Prix,monza,2021-09-12,leclerc,ferrari,5,4,4,12.0,53,Finished
2021,14,Italian Grand Prix,monza,2021-09-12,perez,red_bull,8,5,5,10.0,53,Finished
2021,14,Italian Grand Prix,monza,2021-09-12,sainz,ferrari,6,6,6,8.0,53,Finished
2021,14,Italian Grand Prix,monza,2021-09-12,stroll,aston_martin,9,7,7,6.0,53,Finished
2021,14,Italian Grand Prix,monza,2021-09-12,alonso,alpine,10,8,8,4.0,53,Finished
2021,14,Italian Grand Prix,monza,2021-09-12,russell,williams,14,9,9,2.0,53,Finished
2021,14,Italian Grand Prix,monza,2021-09-12,ocon,alpine,12,10,10,1.0,53,Finished
2021,14,Italian Grand Prix,monza,2021-09-12,latifi,williams,13,11,11,0.0,53,Finished
2021,14,Italian Grand Prix,monza,2021-09-12,vettel,aston_martin,11,12,12,0.0,53,Finished
2021,14,Italian Grand Prix,monza,2021-09-12,giovinazzi,alfa,7,13,13,0.0,53,Finished
2021,14,Italian Grand Prix,monza,2021-09-12,kubica,alfa,17,14,14,0.0,53,Finished
2021,14,Italian Grand Prix,monza,2021-09-12,mick_schumacher,haas,18,15,15,0.0,53,Finished
2021,14,Italian Grand Prix,monza,2021-09-12,mazepin,haas,16,16,R,0.0,41,Power Unit
2021,14,Italian Grand Prix,monza,2021-09-12,hamilton,mercedes,4,17,R,0.0,25,Collision
2021,14,Italian Grand Prix,monza,2021-09-12,max_verstappen,red_bull,1,18,R,0.0,25,Collision
2021,14,Italian Grand Prix,monza,2021-09-12,gasly,alphatauri,0,19,R,0.0,3,Suspension
2021,14,Italian Grand Prix,monza,2021-09-12,tsunoda,alphatauri,0,20,W,0.0,0,Brakes
2021,15,Russian Grand Prix,sochi,2021-09-26,hamilton,mercedes,4,1,1,25.0,53,Finished
2021,15,Russian Grand Prix,sochi,2021-09-26,max_verstappen,red_bull,20,2,2,18.0,53,Finished
2021,15,Russian Grand Prix,sochi,2021-09-26,sainz,ferrari,2,3,3,15.0,53,Finished
2021,15,Russian Grand Prix,sochi,2021-09-26,ricciardo,mclaren,5,4,4,12.0,53,Finished
2021,15,Russian Grand Prix,sochi,2021-09-26,bottas,mercedes,16,5,5,10.0,53,Finished
2021,15,Russian Grand Prix,sochi,2021-09-26,alonso,alpine,6,6,6,8.0,53,Finished
2021,15,Russian Grand Prix,sochi,2021-09-26,norris,mclaren,1,7,7,7.0,53,Finished
2021,15,Russian Grand Prix,sochi,2021-09-26,raikkonen,alfa,13,8,8,4.0,53,Finished
2021,15,Russian Grand Prix,sochi,2021-09-26,perez,red_bull,8,9,9,2.0,53,Finished
2021,15,Russian Grand Prix,sochi,2021-09-26,russell,williams,3,10,10,1.0,53,Finished
2021,15,Russian Grand Prix,sochi,2021-09-26,stroll,aston_martin,7,11,11,0.0,53,Finished
2021,15,Russian Grand Prix,sochi,2021-09-26,vettel,aston_martin,10,12,12,0.0,52,+1 Lap
2021,15,Russian Grand Prix,sochi,2021-09-26,gasly,alphatauri,11,13,13,0.0,52,+1 Lap
2021,15,Russian Grand Prix,sochi,2021-09-26,ocon,alpine,9,14,14,0.0,52,+1 Lap
2021,15,Russian Grand Prix,sochi,2021-09-26,leclerc,ferrari,19,15,15,0.0,52,+1 Lap
2021,15,Russian Grand Prix,sochi,2021-09-26,giovinazzi,alfa,17,16,16,0.0,52,+1 Lap
2021,15,Russian Grand Prix,sochi,2021-09-26,tsunoda,alphatauri,12,17,17,0.0,52,+1 Lap
2021,15,Russian Grand Prix,sochi,2021-09-26,mazepin,haas,15,18,18,0.0,51,+2 Laps
2021,15,Russian Grand Prix,sochi,2021-09-26,latifi,williams,18,19,19,0.0,47,Accident
2021,15,Russian Grand Prix,sochi,2021-09-26,mick_schumacher,haas,14,20,R,0.0,32,Oil leak
2021,16,Turkish Grand Prix,istanbul,2021-10-10,bottas,mercedes,1,1,1,26.0,58,Finished
2021,16,Turkish Grand Prix,istanbul,2021-10-10,max_verstappen,red_bull,2,2,2,18.0,58,Finished
2021,16,Turkish Grand Prix,istanbul,2021-10-10,perez,red_bull,6,3,3,15.0,58,Finished
2021,16,Turkish Grand Prix,istanbul,2021-10-10,leclerc,ferrari,3,4,4,12.0,58,Finished
2021,16,Turkish Grand Prix,istanbul,2021-10-10,hamilton,mercedes,11,5,5,10.0,58,Finished
2021,16,Turkish Grand Prix,istanbul,2021-10-10,gasly,alphatauri,4,6,6,8.0,58,Finished
2021,16,Turkish Grand Prix,istanbul,2021-10-10,norris,mclaren,7,7,7,6.0,58,Finished
2021,16,Turkish Grand Prix,istanbul,2021-10-10,sainz,ferrari,19,8,8,4.0,58,Finished
2021,16,Turkish Grand Prix,istanbul,2021-10-10,stroll,aston_martin,8,9,9,2.0,58,Finished
2021,16,Turkish Grand Prix,istanbul,2021-10-10,ocon,alpine,12,10,10,1.0,57,+1 Lap
2021,16,Turkish Grand Prix,istanbul,2021-10-10,giovinazzi,alfa,16,11,11,0.0,57,+1 Lap
2021,16,Turkish Grand Prix,istanbul,2021-10-10,raikkonen,alfa,17,12,12,0.0,57,+1 Lap
2021,16,Turkish Grand Prix,istanbul,2021-10-10,ricciardo,mclaren,20,13,13,0.0,57,+1 Lap
2021,16,Turkish Grand Prix,istanbul,2021-10-10,tsunoda,alphatauri,9,14,14,0.0,57,+1 Lap
2021,16,Turkish Grand Prix,istanbul,2021-10-10,russell,williams,13,15,15,0.0,57,+1 Lap
2021,16,Turkish Grand Prix,istanbul,2021-10-10,alonso,alpine,5,16,16,0.0,57,+1 Lap
2021,16,Turkish Grand Prix,istanbul,2021-10-10,latifi,williams,15,17,17,0.0,57,+1 Lap
2021,16,Turkish Grand Prix,istanbul,2021-10-10,vettel,aston_martin,10,18,18,0.0,57,+1 Lap
2021,16,Turkish Grand Prix,istanbul,2021-10-10,mick_schumacher,haas,14,19,19,0.0,56,+2 Laps
2021,16,Turkish Grand Prix,istanbul,2021-10-10,mazepin,haas,18,20,20,0.0,56,+2 Laps
2021,17,United States Grand Prix,americas,2021-10-24,max_verstappen,red_bull,1,1,1,25.0,56,Finished
2021,17,United States Grand Prix,americas,2021-10-24,hamilton,mercedes,2,2,2,19.0,56,Finished
2021,17,United States Grand Prix,americas,2021-10-24,perez,red_bull,3,3,3,15.0,56,Finished
2021,17,United States Grand Prix,americas,2021-10-24,leclerc,ferrari,4,4,4,12.0,56,Finished
2021,17,United States Grand Prix,americas,2021-10-24,ricciardo,mclaren,6,5,5,10.0,56,Finished
2021,17,United States Grand Prix,americas,2021-10-24,bottas,mercedes,9,6,6,8.0,56,Finished
2021,17,United States Grand Prix,americas,2021-10-24,sainz,ferrari,5,7,7,6.0,56,Finished
2021,17,United States Grand Prix,americas,2021-10-24,norris,mclaren,7,8,8,4.0,56,Finished
2021,17,United States Grand Prix,americas,2021-10-24,tsunoda,alphatauri,10,9,9,2.0,55,+1 Lap
2021,17,United States Grand Prix,americas,2021-10-24,vettel,aston_martin,18,10,10,1.0,55,+1 Lap
2021,17,United States Grand Prix,americas,2021-10-24,giovinazzi,alfa,12,11,11,0.0,55,+1 Lap
2021,17,United States Grand Prix,americas,2021-10-24,stroll,aston_martin,13,12,12,0.0,55,+1 Lap
2021,17,United States Grand Prix,americas,2021-10-24,raikkonen,alfa,15,13,13,0.0,55,+1 Lap
2021,17,United States Grand Prix,americas,2021-10-24,russell,williams,20,14,14,0.0,55,+1 Lap
2021,17,United States Grand Prix,americas,2021-10-24,latifi,williams,14,15,15,0.0,55,+1 Lap
2021,17,United States Grand Prix,americas,2021-10-24,mick_schumacher,haas,16,16,16,0.0,54,+2 Laps
2021,17,United States Grand Prix,americas,2021-10-24,mazepin,haas,17,17,17,0.0,54,+2 Laps
2021,17,United States Grand Prix,americas,2021-10-24,alonso,alpine,19,18,R,0.0,49,Rear wing
2021,17,United States Grand Prix,americas,2021-10-24,ocon,alpine,11,19,R,0.0,40,Mechanical
2021,17,United States Grand Prix,americas,2021-10-24,gasly,alphatauri,8,20,R,0.0,14,Suspension
2021,18,Mexico City Grand Prix,rodriguez,2021-11-07,max_verstappen,red_bull,3,1,1,25.0,71,Finished
2021,18,Mexico City Grand Prix,rodriguez,2021-11-07,hamilton,mercedes,2,2,2,18.0,71,Finished
2021,18,Mexico City Grand Prix,rodriguez,2021-11-07,perez,red_bull,4,3,3,15.0,71,Finished
2021,18,Mexico City Grand Prix,rodriguez,2021-11-07,gasly,alphatauri,5,4,4,12.0,71,Finished
2021,18,Mexico City Grand Prix,rodriguez,2021-11-07,leclerc,ferrari,8,5,5,10.0,71,Finished
2021,18,Mexico City Grand Prix,rodriguez,2021-11-07,sainz,ferrari,6,6,6,8.0,70,+1 Lap
2021,18,Mexico City Grand Prix,rodriguez,2021-11-07,vettel,aston_martin,9,7,7,6.0,70,+1 Lap
2021,18,Mexico City Grand Prix,rodriguez,2021-11-07,raikkonen,alfa,10,8,8,4.0,70,+1 Lap
2021,18,Mexico City Grand Prix,rodriguez,2021-11-07,alonso,alpine,12,9,9,2.0,70,+1 Lap
2021,18,Mexico City Grand Prix,rodriguez,2021-11-07,norris,mclaren,18,10,10,1.0,70,+1 Lap
2021,18,Mexico City Grand Prix,rodriguez,2021-11-07,giovinazzi,alfa,11,11,11,0.0,70,+1 Lap
2021,18,Mexico City Grand Prix,rodriguez,2021-11-07,ricciardo,mclaren,7,12,12,0.0,70,+1 Lap
2021,18,Mexico City Grand Prix,rodriguez,2021-11-07,ocon,alpine,19,13,13,0.0,70,+1 Lap
2021,18,Mexico City Grand Prix,rodriguez,2021-11-07,stroll,aston_martin,20,14,14,0.0,69,+2 Laps
2021,18,Mexico City Grand Prix,rodriguez,2021-11-07,bottas,mercedes,1,15,15,0.0,69,+2 Laps
2021,18,Mexico City Grand Prix,rodriguez,2021-11-07,russell,williams,16,16,16,0.0,69,+2 Laps
2021,18,Mexico City Grand Prix,rodriguez,2021-11-07,latifi,williams,13,17,17,0.0,69,+2 Laps
2021,18,Mexico City Grand Prix,rodriguez,2021-11-07,mazepin,haas,15,18,18,0.0,68,+3 Laps
2021,18,Mexico City Grand Prix,rodriguez,2021-11-07,mick_schumacher,haas,14,19,R,0.0,0,Collision
2021,18,Mexico City Grand Prix,rodriguez,2021-11-07,tsunoda,alphatauri,17,20,R,0.0,0,Collision
2021,19,São Paulo Grand Prix,interlagos,2021-11-14,hamilton,mercedes,10,1,1,25.0,71,Finished
2021,19,São Paulo Grand Prix,interlagos,2021-11-14,max_verstappen,red_bull,2,2,2,18.0,71,Finished
2021,19,São Paulo Grand Prix,interlagos,2021-11-14,bottas,mercedes,1,3,3,15.0,71,Finished
2021,19,São Paulo Grand Prix,interlagos,2021-11-14,perez,red_bull,4,4,4,13.0,71,Finished
2021,19,São Paulo Grand Prix,interlagos,2021-11-14,leclerc,ferrari,6,5,5,10.0,71,Finished
2021,19,São Paulo Grand Prix,interlagos,2021-11-14,sainz,ferrari,3,6,6,8.0,71,Finished
2021,19,São Paulo Grand Prix,interlagos,2021-11-14,gasly,alphatauri,7,7,7,6.0,70,+1 Lap
2021,19,São Paulo Grand Prix,interlagos,2021-11-14,ocon,alpine,8,8,8,4.0,70,+1 Lap
2021,19,São Paulo Grand Prix,interlagos,2021-11-14,alonso,alpine,12,9,9,2.0,70,+1 Lap
2021,19,São Paulo Grand Prix,interlagos,2021-11-14,norris,mclaren,5,10,10,1.0,70,+1 Lap
2021,19,São Paulo Grand Prix,interlagos,2021-11-14,vettel,aston_martin,9,11,11,0.0,70,+1 Lap
2021,19,São Paulo Grand Prix,interlagos,2021-11-14,raikkonen,alfa,0,12,12,0.0,70,+1 Lap
2021,19,São Paulo Grand Prix,interlagos,2021-11-14,russell,williams,17,13,13,0.0,70,+1 Lap
2021,19,São Paulo Grand Prix,interlagos,2021-11-14,giovinazzi,alfa,13,14,14,0.0,70,+1 Lap
2021,19,São Paulo Grand Prix,interlagos,2021-11-14,tsunoda,alphatauri,15,15,15,0.0,70,+1 Lap
2021,19,São Paulo Grand Prix,interlagos,2021-11-14,latifi,williams,16,16,16,0.0,70,+1 Lap
2021,19,São Paulo Grand Prix,interlagos,2021-11-14,mazepin,haas,19,17,17,0.0,69,+2 Laps
2021,19,São Paulo Grand Prix,interlagos,2021-11-14,mick_schumacher,haas,18,18,18,0.0,69,+2 Laps
2021,19,São Paulo Grand Prix,interlagos,2021-11-14,ricciardo,mclaren,11,19,R,0.0,49,Power loss
2021,19,São Paulo Grand Prix,interlagos,2021-11-14,stroll,aston_martin,14,20,R,0.0,47,Collision damage
2021,20,Qatar Grand Prix,losail,2021-11-21,hamilton,mercedes,1,1,1,25.0,57,Finished
2021,20,Qatar Grand Prix,losail,2021-11-21,max_verstappen,red_bull,7,2,2,19.0,57,Finished
2021,20,Qatar Grand Prix,losail,2021-11-21,alonso,alpine,3,3,3,15.0,57,Finished
2021,20,Qatar Grand Prix,losail,2021-11-21,perez,red_bull,11,4,4,12.0,57,Finished
2021,20,Qatar Grand Prix,losail,2021-11-21,ocon,alpine,9,5,5,10.0,57,Finished
2021,20,Qatar Grand Prix,losail,2021-11-21,stroll,aston_martin,12,6,6,8.0,57,Finished
2021,20,Qatar Grand Prix,losail,2021-11-21,sainz,ferrari,5,7,7,6.0,57,Finished
2021,20,Qatar Grand Prix,losail,2021-11-21,leclerc,ferrari,13,8,8,4.0,57,Finished
2021,20,Qatar Grand Prix,losail,2021-11-21,norris,mclaren,4,9,9,2.0,56,+1 Lap
2021,20,Qatar Grand Prix,losail,2021-11-21,vettel,aston_martin,10,10,10,1.0,56,+1 Lap
2021,20,Qatar Grand Prix,losail,2021-11-21,gasly,alphatauri,2,11,11,0.0,56,+1 Lap
2021,20,Qatar Grand Prix,losail,2021-11-21,ricciardo,mclaren,14,12,12,0.0,56,+1 Lap
2021,20,Qatar Grand Prix,losail,2021-11-21,tsunoda,alphatauri,8,13,13,0.0,56,+1 Lap
2021,20,Qatar Grand Prix,losail,2021-11-21,raikkonen,alfa,16,14,14,0.0,56,+1 Lap
2021,20,Qatar Grand Prix,losail,2021-11-21,giovinazzi,alfa,18,15,15,0.0,56,+1 Lap
2021,20,Qatar Grand Prix,losail,2021-11-21,mick_schumacher,haas,19,16,16,0.0,56,+1 Lap
2021,20,Qatar Grand Prix,losail,2021-11-21,russell,williams,15,17,17,0.0,55,+2 Laps
2021,20,Qatar Grand Prix,losail,2021-11-21,mazepin,haas,20,18,18,0.0,55,+2 Laps
2021,20,Qatar Grand Prix,losail,2021-11-21,latifi,williams,17,19,R,0.0,50,Puncture
2021,20,Qatar Grand Prix,losail,2021-11-21,bottas,mercedes,6,20,R,0.0,48,Damage
2021,21,Saudi Arabian Grand Prix,jeddah,2021-12-05,hamilton,mercedes,1,1,1,26.0,50,Finished
2021,21,Saudi Arabian Grand Prix,jeddah,2021-12-05,max_verstappen,red_bull,3,2,2,18.0,50,Finished
2021,21,Saudi Arabian Grand Prix,jeddah,2021-12-05,bottas,mercedes,2,3,3,15.0,50,Finished
2021,21,Saudi Arabian Grand Prix,jeddah,2021-12-05,ocon,alpine,9,4,4,12.0,50,Finished
2021,21,Saudi Arabian Grand Prix,jeddah,2021-12-05,ricciardo,mclaren,11,5,5,10.0,50,Finished
2021,21,Saudi Arabian Grand Prix,jeddah,2021-12-05,gasly,alphatauri,6,6,6,8.0,50,Finished
2021,21,Saudi Arabian Grand Prix,jeddah,2021-12-05,leclerc,ferrari,4,7,7,6.0,50,Finished
2021,21,Saudi Arabian Grand Prix,jeddah,2021-12-05,sainz,ferrari,15,8,8,4.0,50,Finished
2021,21,Saudi Arabian Grand Prix,jeddah,2021-12-05,giovinazzi,alfa,10,9,9,2.0,50,Finished
2021,21,Saudi Arabian Grand Prix,jeddah,2021-12-05,norris,mclaren,7,10,10,1.0,50,Finished
2021,21,Saudi Arabian Grand Prix,jeddah,2021-12-05,stroll,aston_martin,18,11,11,0.0,50,Finished
2021,21,Saudi Arabian Grand Prix,jeddah,2021-12-05,latifi,williams,16,12,12,0.0,50,Finished
2021,21,Saudi Arabian Grand Prix,jeddah,2021-12-05,alonso,alpine,13,13,13,0.0,49,+1 Lap
2021,21,Saudi Arabian Grand Prix,jeddah,2021-12-05,tsunoda,alphatauri,8,14,14,0.0,49,+1 Lap
2021,21,Saudi Arabian Grand Prix,jeddah,2021-12-05,raikkonen,alfa,12,15,15,0.0,49,+1 Lap
2021,21,Saudi Arabian Grand Prix,jeddah,2021-12-05,vettel,aston_martin,17,16,R,0.0,44,Collision damage
2021,21,Saudi Arabian Grand Prix,jeddah,2021-12-05,perez,red_bull,5,17,R,0.0,14,Collision
2021,21,Saudi Arabian Grand Prix,jeddah,2021-12-05,mazepin,haas,20,18,R,0.0,14,Collision
2021,21,Saudi Arabian Grand Prix,jeddah,2021-12-05,russell,williams,14,19,R,0.0,14,Collision
2021,21,Saudi Arabian Grand Prix,jeddah,2021-12-05,mick_schumacher,haas,19,20,R,0.0,8,Accident
2021,22,Abu Dhabi Grand Prix,yas_marina,2021-12-12,max_verstappen,red_bull,1,1,1,26.0,58,Finished
2021,22,Abu Dhabi Grand Prix,yas_marina,2021-12-12,hamilton,mercedes,2,2,2,18.0,58,Finished
2021,22,Abu Dhabi Grand Prix,yas_marina,2021-12-12,sainz,ferrari,5,3,3,15.0,58,Finished
2021,22,Abu Dhabi Grand Prix,yas_marina,2021-12-12,tsunoda,alphatauri,8,4,4,12.0,58,Finished
2021,22,Abu Dhabi Grand Prix,yas_marina,2021-12-12,gasly,alphatauri,12,5,5,10.0,58,Finished
2021,22,Abu Dhabi Grand Prix,yas_marina,2021-12-12,bottas,mercedes,6,6,6,8.0,58,Finished
2021,22,Abu Dhabi Grand Prix,yas_marina,2021-12-12,norris,mclaren,3,7,7,6.0,58,Finished
2021,22,Abu Dhabi Grand Prix,yas_marina,2021-12-12,alonso,alpine,11,8,8,4.0,58,Finished
2021,22,Abu Dhabi Grand Prix,yas_marina,2021-12-12,ocon,alpine,9,9,9,2.0,58,Finished
2021,22,Abu Dhabi Grand Prix,yas_marina,2021-12-12,leclerc,ferrari,7,10,10,1.0,58,Finished
2021,22,Abu Dhabi Grand Prix,yas_marina,2021-12-12,vettel,aston_martin,15,11,11,0.0,58,Finished
2021,22,Abu Dhabi Grand Prix,yas_marina,2021-12-12,ricciardo,mclaren,10,12,12,0.0,57,+1 Lap
2021,22,Abu Dhabi Grand Prix,yas_marina,2021-12-12,stroll,aston_martin,13,13,13,0.0,57,+1 Lap
2021,22,Abu Dhabi Grand Prix,yas_marina,2021-12-12,mick_schumacher,haas,19,14,14,0.0,57,+1 Lap
2021,22,Abu Dhabi Grand Prix,yas_marina,2021-12-12,perez,red_bull,4,15,15,0.0,55,Engine
2021,22,Abu Dhabi Grand Prix,yas_marina,2021-12-12,latifi,williams,16,16,R,0.0,50,Accident
2021,22,Abu Dhabi Grand Prix,yas_marina,2021-12-12,giovinazzi,alfa,14,17,R,0.0,33,Gearbox
2021,22,Abu Dhabi Grand Prix,yas_marina,2021-12-12,russell,williams,17,18,R,0.0,26,Gearbox
2021,22,Abu Dhabi Grand Prix,yas_marina,2021-12-12,raikkonen,alfa,18,19,R,0.0,25,Brakes
2021,22,Abu Dhabi Grand Prix,yas_marina,2021-12-12,mazepin,haas,20,20,W,0.0,0,Illness
2022,1,Bahrain Grand Prix,bahrain,2022-03-20,leclerc,ferrari,1,1,1,26.0,57,Finished
2022,1,Bahrain Grand Prix,bahrain,2022-03-20,sainz,ferrari,3,2,2,18.0,57,Finished
2022,1,Bahrain Grand Prix,bahrain,2022-03-20,hamilton,mercedes,5,3,3,15.0,57,Finished
2022,1,Bahrain Grand Prix,bahrain,2022-03-20,russell,mercedes,9,4,4,12.0,57,Finished
2022,1,Bahrain Grand Prix,bahrain,2022-03-20,kevin_magnussen,haas,7,5,5,10.0,57,Finished
2022,1,Bahrain Grand Prix,bahrain,2022-03-20,bottas,alfa,6,6,6,8.0,57,Finished
2022,1,Bahrain Grand Prix,bahrain,2022-03-20,ocon,alpine,11,7,7,6.0,57,Finished
2022,1,Bahrain Grand Prix,bahrain,2022-03-20,tsunoda,alphatauri,16,8,8,4.0,57,Finished
2022,1,Bahrain Grand Prix,bahrain,2022-03-20,alonso,alpine,8,9,9,2.0,57,Finished
2022,1,Bahrain Grand Prix,bahrain,2022-03-20,zhou,alfa,15,10,10,1.0,57,Finished
2022,1,Bahrain Grand Prix,bahrain,2022-03-20,mick_schumacher,haas,12,11,11,0.0,57,Finished
2022,1,Bahrain Grand Prix,bahrain,2022-03-20,stroll,aston_martin,19,12,12,0.0,57,Finished
2022,1,Bahrain Grand Prix,bahrain,2022-03-20,albon,williams,14,13,13,0.0,57,Finished
2022,1,Bahrain Grand Prix,bahrain,2022-03-20,ricciardo,mclaren,18,14,14,0.0,57,Finished
2022,1,Bahrain Grand Prix,bahrain,2022-03-20,norris,mclaren,13,15,15,0.0,57,Finished
2022,1,Bahrain Grand Prix,bahrain,2022-03-20,latifi,williams,20,16,16,0.0,57,Finished
2022,1,Bahrain Grand Prix,bahrain,2022-03-20,hulkenberg,aston_martin,17,17,17,0.0,57,Finished
2022,1,Bahrain Grand Prix,bahrain,2022-03-20,perez,red_bull,4,18,18,0.0,56,Fuel pressure
2022,1,Bahrain Grand Prix,bahrain,2022-03-20,max_verstappen,red_bull,2,19,19,0.0,54,Fuel pressure
2022,1,Bahrain Grand Prix,bahrain,2022-03-20,gasly,alphatauri,10,20,R,0.0,44,Power Unit
2022,2,Saudi Arabian Grand Prix,jeddah,2022-03-27,max_verstappen,red_bull,4,1,1,25.0,50,Finished
2022,2,Saudi Arabian Grand Prix,jeddah,2022-03-27,leclerc,ferrari,2,2,2,19.0,50,Finished
2022,2,Saudi Arabian Grand Prix,jeddah,2022-03-27,sainz,ferrari,3,3,3,15.0,50,Finished
2022,2,Saudi Arabian Grand Prix,jeddah,2022-03-27,perez,red_bull,1,4,4,12.0,50,Finished
2022,2,Saudi Arabian Grand Prix,jeddah,2022-03-27,russell,mercedes,6,5,5,10.0,50,Finished
2022,2,Saudi Arabian Grand Prix,jeddah,2022-03-27,ocon,alpine,5,6,6,8.0,50,Finished
2022,2,Saudi Arabian Grand Prix,jeddah,2022-03-27,norris,mclaren,11,7,7,6.0,50,Finished
2022,2,Saudi Arabian Grand Prix,jeddah,2022-03-27,gasly,alphatauri,9,8,8,4.0,50,Finished
2022,2,Saudi Arabian Grand Prix,jeddah,2022-03-27,kevin_magnussen,haas,10,9,9,2.0,50,Finished
2022,2,Saudi Arabian Grand Prix,jeddah,2022-03-27,hamilton,mercedes,15,10,10,1.0,50,Finished
2022,2,Saudi Arabian Grand Prix,jeddah,2022-03-27,zhou,alfa,12,11,11,0.0,50,Finished
2022,2,Saudi Arabian Grand Prix,jeddah,2022-03-27,hulkenberg,aston_martin,17,12,12,0.0,50,Finished
2022,2,Saudi Arabian Grand Prix,jeddah,2022-03-27,stroll,aston_martin,13,13,13,0.0,49,+1 Lap
2022,2,Saudi Arabian Grand Prix,jeddah,2022-03-27,albon,williams,16,14,14,0.0,47,Collision damage
2022,2,Saudi Arabian Grand Prix,jeddah,2022-03-27,bottas,alfa,8,15,R,0.0,36,Cooling system
2022,2,Saudi Arabian Grand Prix,jeddah,2022-03-27,alonso,alpine,7,16,R,0.0,35,Water pump
2022,2,Saudi Arabian Grand Prix,jeddah,2022-03-27,ricciardo,mclaren,14,17,R,0.0,35,Gearbox
2022,2,Saudi Arabian Grand Prix,jeddah,2022-03-27,latifi,williams,18,18,R,0.0,14,Accident
2022,2,Saudi Arabian Grand Prix,jeddah,2022-03-27,tsunoda,alphatauri,19,19,R,0.0,0,Power Unit
2022,2,Saudi Arabian Grand Prix,jeddah,2022-03-27,mick_schumacher,haas,0,20,W,0.0,0,Withdrew
2022,3,Australian Grand Prix,albert_park,2022-04-10,leclerc,ferrari,1,1,1,26.0,58,Finished
2022,3,Australian Grand Prix,albert_park,2022-04-10,perez,red_bull,3,2,2,18.0,58,Finished
2022,3,Australian Grand Prix,albert_park,2022-04-10,russell,mercedes,6,3,3,15.0,58,Finished
2022,3,Australian Grand Prix,albert_park,2022-04-10,hamilton,mercedes,5,4,4,12.0,58,Finished
2022,3,Australian Grand Prix,albert_park,2022-04-10,norris,mclaren,4,5,5,10.0,58,Finished
2022,3,Australian Grand Prix,albert_park,2022-04-10,ricciardo,mclaren,7,6,6,8.0,58,Finished
2022,3,Australian Grand Prix,albert_park,2022-04-10,ocon,alpine,8,7,7,6.0,58,Finished
2022,3,Australian Grand Prix,albert_park,2022-04-10,bottas,alfa,12,8,8,4.0,58,Finished
2022,3,Australian Grand Prix,albert_park,2022-04-10,gasly,alphatauri,11,9,9,2.0,58,Finished
2022,3,Australian Grand Prix,albert_park,2022-04-10,albon,williams,20,10,10,1.0,58,Finished
2022,3,Australian Grand Prix,albert_park,2022-04-10,zhou,alfa,14,11,11,0.0,58,Finished
2022,3,Australian Grand Prix,albert_park,2022-04-10,stroll,aston_martin,19,12,12,0.0,58,Finished
2022,3,Australian Grand Prix,albert_park,2022-04-10,mick_schumacher,haas,15,13,13,0.0,57,+1 Lap
2022,3,Australian Grand Prix,albert_park,2022-04-10,kevin_magnussen,haas,16,14,14,0.0,57,+1 Lap
2022,3,Australian Grand Prix,albert_park,2022-04-10,tsunoda,alphatauri,13,15,15,0.0,57,+1 Lap
2022,3,Australian Grand Prix,albert_park,2022-04-10,latifi,williams,18,16,16,0.0,57,+1 Lap
2022,3,Australian Grand Prix,albert_park,2022-04-10,alonso,alpine,10,17,17,0.0,57,+1 Lap
2022,3,Australian Grand Prix,albert_park,2022-04-10,max_verstappen,red_bull,2,18,R,0.0,38,Fuel leak
2022,3,Australian Grand Prix,albert_park,2022-04-10,vettel,aston_martin,17,19,R,0.0,22,Accident
2022,3,Australian Grand Prix,albert_park,2022-04-10,sainz,ferrari,9,20,R,0.0,1,Spun off
2022,4,Emilia Romagna Grand Prix,imola,2022-04-24,max_verstappen,red_bull,1,1,1,26.0,63,Finished
2022,4,Emilia Romagna Grand Prix,imola,2022-04-24,perez,red_bull,3,2,2,18.0,63,Finished
2022,4,Emilia Romagna Grand Prix,imola,2022-04-24,norris,mclaren,5,3,3,15.0,63,Finished
2022,4,Emilia Romagna Grand Prix,imola,2022-04-24,russell,mercedes,11,4,4,12.0,63,Finished
2022,4,Emilia Romagna Grand Prix,imola,2022-04-24,bottas,alfa,7,5,5,10.0,63,Finished
2022,4,Emilia Romagna Grand Prix,imola,2022-04-24,leclerc,ferrari,2,6,6,8.0,63,Finished
2022,4,Emilia Romagna Grand Prix,imola,2022-04-24,tsunoda,alphatauri,12,7,7,6.0,63,Finished
2022,4,Emilia Romagna Grand Prix,imola,2022-04-24,vettel,aston_martin,13,8,8,4.0,63,Finished
2022,4,Emilia Romagna Grand Prix,imola,2022-04-24,kevin_magnussen,haas,8,9,9,2.0,63,Finished
2022,4,Emilia Romagna Grand Prix,imola,2022-04-24,stroll,aston_martin,15,10,10,1.0,62,+1 Lap
2022,4,Emilia Romagna Grand Prix,imola,2022-04-24,albon,williams,18,11,11,0.0,62,+1 Lap
2022,4,Emilia Romagna Grand Prix,imola,2022-04-24,gasly,alphatauri,17,12,12,0.0,62,+1 Lap
2022,4,Emilia Romagna Grand Prix,imola,2022-04-24,hamilton,mercedes,14,13,13,0.0,62,+1 Lap
2022,4,Emilia Romagna Grand Prix,imola,2022-04-24,ocon,alpine,16,14,14,0.0,62,+1 Lap
2022,4,Emilia Romagna Grand Prix,imola,2022-04-24,zhou,alfa,0,15,15,0.0,62,+1 Lap
2022,4,Emilia Romagna Grand Prix,imola,2022-04-24,latifi,williams,19,16,16,0.0,62,+1 Lap
2022,4,Emilia Romagna Grand Prix,imola,2022-04-24,mick_schumacher,haas,10,17,17,0.0,62,+1 Lap
2022,4,Emilia Romagna Grand Prix,imola,2022-04-24,ricciardo,mclaren,6,18,18,0.0,62,+1 Lap
2022,4,Emilia Romagna Grand Prix,imola,2022-04-24,alonso,alpine,9,19,R,0.0,6,Collision damage
2022,4,Emilia Romagna Grand Prix,imola,2022-04-24,sainz,ferrari,4,20,R,0.0,0,Collision
2022,5,Miami Grand Prix,miami,2022-05-08,max_verstappen,red_bull,3,1,1,26.0,57,Finished
2022,5,Miami Grand Prix,miami,2022-05-08,leclerc,ferrari,1,2,2,18.0,57,Finished
2022,5,Miami Grand Prix,miami,2022-05-08,sainz,ferrari,2,3,3,15.0,57,Finished
2022,5,Miami Grand Prix,miami,2022-05-08,perez,red_bull,4,4,4,12.0,57,Finished
2022,5,Miami Grand Prix,miami,2022-05-08,russell,mercedes,12,5,5,10.0,57,Finished
2022,5,Miami Grand Prix,miami,2022-05-08,hamilton,mercedes,6,6,6,8.0,57,Finished
2022,5,Miami Grand Prix,miami,2022-05-08,bottas,alfa,5,7,7,6.0,57,Finished
2022,5,Miami Grand Prix,miami,2022-05-08,ocon,alpine,20,8,8,4.0,57,Finished
2022,5,Miami Grand Prix,miami,2022-05-08,albon,williams,18,9,9,2.0,57,Finished
2022,5,Miami Grand Prix,miami,2022-05-08,stroll,aston_martin,0,10,10,1.0,57,Finished
2022,5,Miami Grand Prix,miami,2022-05-08,alonso,alpine,11,11,11,0.0,57,Finished
2022,5,Miami Grand Prix,miami,2022-05-08,tsunoda,alphatauri,9,12,12,0.0,57,Finished
2022,5,Miami Grand Prix,miami,2022-05-08,ricciardo,mclaren,14,13,13,0.0,57,Finished
2022,5,Miami Grand Prix,miami,2022-05-08,latifi,williams,19,14,14,0.0,57,Finished
2022,5,Miami Grand Prix,miami,2022-05-08,mick_schumacher,haas,15,15,15,0.0,57,Finished
2022,5,Miami Grand Prix,miami,2022-05-08,kevin_magnussen,haas,16,16,16,0.0,56,Front wing
2022,5,Miami Grand Prix,miami,2022-05-08,vettel,aston_martin,0,17,17,0.0,54,Collision
2022,5,Miami Grand Prix,miami,2022-05-08,gasly,alphatauri,7,18,R,0.0,45,Suspension
2022,5,Miami Grand Prix,miami,2022-05-08,norris,mclaren,8,19,R,0.0,39,Collision
2022,5,Miami Grand Prix,miami,2022-05-08,zhou,alfa,17,20,R,0.0,6,Water leak
2022,6,Spanish Grand Prix,catalunya,2022-05-22,max_verstappen,red_bull,2,1,1,25.0,66,Finished
2022,6,Spanish Grand Prix,catalunya,2022-05-22,perez,red_bull,5,2,2,19.0,66,Finished
2022,6,Spanish Grand Prix,catalunya,2022-05-22,russell,mercedes,4,3,3,15.0,66,Finished
2022,6,Spanish Grand Prix,catalunya,2022-05-22,sainz,ferrari,3,4,4,12.0,66,Finished
2022,6,Spanish Grand Prix,catalunya,2022-05-22,hamilton,mercedes,6,5,5,10.0,66,Finished
2022,6,Spanish Grand Prix,catalunya,2022-05-22,bottas,alfa,7,6,6,8.0,66,Finished
2022,6,Spanish Grand Prix,catalunya,2022-05-22,ocon,alpine,12,7,7,6.0,66,Finished
2022,6,Spanish Grand Prix,catalunya,2022-05-22,norris,mclaren,11,8,8,4.0,66,Finished
2022,6,Spanish Grand Prix,catalunya,2022-05-22,alonso,alpine,20,9,9,2.0,65,+1 Lap
2022,6,Spanish Grand Prix,catalunya,2022-05-22,tsunoda,alphatauri,13,10,10,1.0,65,+1 Lap
2022,6,Spanish Grand Prix,catalunya,2022-05-22,vettel,aston_martin,16,11,11,0.0,65,+1 Lap
2022,6,Spanish Grand Prix,catalunya,2022-05-22,ricciardo,mclaren,9,12,12,0.0,65,+1 Lap
2022,6,Spanish Grand Prix,catalunya,2022-05-22,gasly,alphatauri,14,13,13,0.0,65,+1 Lap
2022,6,Spanish Grand Prix,catalunya,2022-05-22,mick_schumacher,haas,10,14,14,0.0,65,+1 Lap
2022,6,Spanish Grand Prix,catalunya,2022-05-22,stroll,aston_martin,17,15,15,0.0,65,+1 Lap
2022,6,Spanish Grand Prix,catalunya,2022-05-22,latifi,williams,19,16,16,0.0,64,+2 Laps
2022,6,Spanish Grand Prix,catalunya,2022-05-22,kevin_magnussen,haas,8,17,17,0.0,64,+2 Laps
2022,6,Spanish Grand Prix,catalunya,2022-05-22,albon,williams,18,18,18,0.0,64,+2 Laps
2022,6,Spanish Grand Prix,catalunya,2022-05-22,zhou,alfa,15,19,R,0.0,28,Power loss
2022,6,Spanish Grand Prix,catalunya,2022-05-22,leclerc,ferrari,1,20,R,0.0,27,Turbo
2022,7,Monaco Grand Prix,monaco,2022-05-29,perez,red_bull,3,1,1,25.0,64,Finished
2022,7,Monaco Grand Prix,monaco,2022-05-29,sainz,ferrari,2,2,2,18.0,64,Finished
2022,7,Monaco Grand Prix,monaco,2022-05-29,max_verstappen,red_bull,4,3,3,15.0,64,Finished
2022,7,Monaco Grand Prix,monaco,2022-05-29,leclerc,ferrari,1,4,4,12.0,64,Finished
2022,7,Monaco Grand Prix,monaco,2022-05-29,russell,mercedes,6,5,5,10.0,64,Finished
2022,7,Monaco Grand Prix,monaco,2022-05-29,norris,mclaren,5,6,6,9.0,64,Finished
2022,7,Monaco Grand Prix,monaco,2022-05-29,alonso,alpine,7,7,7,6.0,64,Finished
2022,7,Monaco Grand Prix,monaco,2022-05-29,hamilton,mercedes,8,8,8,4.0,64,Finished
2022,7,Monaco Grand Prix,monaco,2022-05-29,bottas,alfa,12,9,9,2.0,64,Finished
2022,7,Monaco Grand Prix,monaco,2022-05-29,vettel,aston_martin,9,10,10,1.0,64,Finished
2022,7,Monaco Grand Prix,monaco,2022-05-29,gasly,alphatauri,17,11,11,0.0,64,Finished
2022,7,Monaco Grand Prix,monaco,2022-05-29,ocon,alpine,10,12,12,0.0,64,Finished
2022,7,Monaco Grand Prix,monaco,2022-05-29,ricciardo,mclaren,14,13,13,0.0,64,Finished
2022,7,Monaco Grand Prix,monaco,2022-05-29,stroll,aston_martin,18,14,14,0.0,64,Finished
2022,7,Monaco Grand Prix,monaco,2022-05-29,latifi,williams,19,15,15,0.0,63,+1 Lap
2022,7,Monaco Grand Prix,monaco,2022-05-29,zhou,alfa,20,16,16,0.0,63,+1 Lap
2022,7,Monaco Grand Prix,monaco,2022-05-29,tsunoda,alphatauri,11,17,17,0.0,63,+1 Lap
2022,7,Monaco Grand Prix,monaco,2022-05-29,albon,williams,16,18,R,0.0,48,Mechanical
2022,7,Monaco Grand Prix,monaco,2022-05-29,mick_schumacher,haas,15,19,R,0.0,24,Accident
2022,7,Monaco Grand Prix,monaco,2022-05-29,kevin_magnussen,haas,13,20,R,0.0,19,Water pressure
2022,8,Azerbaijan Grand Prix,baku,2022-06-12,max_verstappen,red_bull,3,1,1,25.0,51,Finished
2022,8,Azerbaijan Grand Prix,baku,2022-06-12,perez,red_bull,2,2,2,19.0,51,Finished
2022,8,Azerbaijan Grand Prix,baku,2022-06-12,russell,mercedes,5,3,3,15.0,51,Finished
2022,8,Azerbaijan Grand Prix,baku,2022-06-12,hamilton,mercedes,7,4,4,12.0,51,Finished
2022,8,Azerbaijan Grand Prix,baku,2022-06-12,gasly,alphatauri,6,5,5,10.0,51,Finished
2022,8,Azerbaijan Grand Prix,baku,2022-06-12,vettel,aston_martin,9,6,6,8.0,51,Finished
2022,8,Azerbaijan Grand Prix,baku,2022-06-12,alonso,alpine,10,7,7,6.0,51,Finished
2022,8,Azerbaijan Grand Prix,baku,2022-06-12,ricciardo,mclaren,12,8,8,4.0,51,Finished
2022,8,Azerbaijan Grand Prix,baku,2022-06-12,norris,mclaren,11,9,9,2.0,51,Finished
2022,8,Azerbaijan Grand Prix,baku,2022-06-12,ocon,alpine,13,10,10,1.0,51,Finished
2022,8,Azerbaijan Grand Prix,baku,2022-06-12,bottas,alfa,15,11,11,0.0,50,+1 Lap
2022,8,Azerbaijan Grand Prix,baku,2022-06-12,albon,williams,17,12,12,0.0,50,+1 Lap
2022,8,Azerbaijan Grand Prix,baku,2022-06-12,tsunoda,alphatauri,8,13,13,0.0,50,+1 Lap
2022,8,Azerbaijan Grand Prix,baku,2022-06-12,mick_schumacher,haas,20,14,14,0.0,50,+1 Lap
2022,8,Azerbaijan Grand Prix,baku,2022-06-12,latifi,williams,18,15,15,0.0,50,+1 Lap
2022,8,Azerbaijan Grand Prix,baku,2022-06-12,stroll,aston_martin,19,16,16,0.0,46,Vibrations
2022,8,Azerbaijan Grand Prix,baku,2022-06-12,kevin_magnussen,haas,16,17,R,0.0,31,Power Unit
2022,8,Azerbaijan Grand Prix,baku,2022-06-12,zhou,alfa,14,18,R,0.0,23,Hydraulics
2022,8,Azerbaijan Grand Prix,baku,2022-06-12,leclerc,ferrari,1,19,R,0.0,21,Power Unit
2022,8,Azerbaijan Grand Prix,baku,2022-06-12,sainz,ferrari,4,20,R,0.0,8,Hydraulics
2022,9,Canadian Grand Prix,villeneuve,2022-06-19,max_verstappen,red_bull,1,1,1,25.0,70,Finished
2022,9,Canadian Grand Prix,villeneuve,2022-06-19,sainz,ferrari,3,2,2,19.0,70,Finished
2022,9,Canadian Grand Prix,villeneuve,2022-06-19,hamilton,mercedes,4,3,3,15.0,70,Finished
2022,9,Canadian Grand Prix,villeneuve,2022-06-19,russell,mercedes,8,4,4,12.0,70,Finished
2022,9,Canadian Grand Prix,villeneuve,2022-06-19,leclerc,ferrari,19,5,5,10.0,70,Finished
2022,9,Canadian Grand Prix,villeneuve,2022-06-19,ocon,alpine,7,6,6,8.0,70,Finished
2022,9,Canadian Grand Prix,villeneuve,2022-06-19,bottas,alfa,11,7,7,6.0,70,Finished
2022,9,Canadian Grand Prix,villeneuve,2022-06-19,zhou,alfa,10,8,8,4.0,70,Finished
2022,9,Canadian Grand Prix,villeneuve,2022-06-19,alonso,alpine,2,9,9,2.0,70,Finished
2022,9,Canadian Grand Prix,villeneuve,2022-06-19,stroll,aston_martin,17,10,10,1.0,70,Finished
2022,9,Canadian Grand Prix,villeneuve,2022-06-19,ricciardo,mclaren,9,11,11,0.0,70,Finished
2022,9,Canadian Grand Prix,villeneuve,2022-06-19,vettel,aston_martin,16,12,12,0.0,70,Finished
2022,9,Canadian Grand Prix,villeneuve,2022-06-19,albon,williams,12,13,13,0.0,70,Finished
2022,9,Canadian Grand Prix,villeneuve,2022-06-19,gasly,alphatauri,15,14,14,0.0,70,Finished
2022,9,Canadian Grand Prix,villeneuve,2022-06-19,norris,mclaren,14,15,15,0.0,70,Finished
2022,9,Canadian Grand Prix,villeneuve,2022-06-19,latifi,williams,18,16,16,0.0,70,Finished
2022,9,Canadian Grand Prix,villeneuve,2022-06-19,kevin_magnussen,haas,5,17,17,0.0,70,Finished
2022,9,Canadian Grand Prix,villeneuve,2022-06-19,tsunoda,alphatauri,20,18,R,0.0,47,Accident
2022,9,Canadian Grand Prix,villeneuve,2022-06-19,mick_schumacher,haas,6,19,R,0.0,18,Engine
2022,9,Canadian Grand Prix,villeneuve,2022-06-19,perez,red_bull,13,20,R,0.0,7,Gearbox
2022,10,British Grand Prix,silverstone,2022-07-03,sainz,ferrari,1,1,1,25.0,52,Finished
2022,10,British Grand Prix,silverstone,2022-07-03,perez,red_bull,4,2,2,18.0,52,Finished
2022,10,British Grand Prix,silverstone,2022-07-03,hamilton,mercedes,5,3,3,16.0,52,Finished
2022,10,British Grand Prix,silverstone,2022-07-03,leclerc,ferrari,3,4,4,12.0,52,Finished
2022,10,British Grand Prix,silverstone,2022-07-03,alonso,alpine,7,5,5,10.0,52,Finished
2022,10,British Grand Prix,silverstone,2022-07-03,norris,mclaren,6,6,6,8.0,52,Finished
2022,10,British Grand Prix,silverstone,2022-07-03,max_verstappen,red_bull,2,7,7,6.0,52,Finished
2022,10,British Grand Prix,silverstone,2022-07-03,mick_schumacher,haas,19,8,8,4.0,52,Finished
2022,10,British Grand Prix,silverstone,2022-07-03,vettel,aston_martin,18,9,9,2.0,52,Finished
2022,10,British Grand Prix,silverstone,2022-07-03,kevin_magnussen,haas,17,10,10,1.0,52,Finished
2022,10,British Grand Prix,silverstone,2022-07-03,stroll,aston_martin,20,11,11,0.0,52,Finished
2022,10,British Grand Prix,silverstone,2022-07-03,latifi,williams,10,12,12,0.0,52,Finished
2022,10,British Grand Prix,silverstone,2022-07-03,ricciardo,mclaren,14,13,13,0.0,52,Finished
2022,10,British Grand Prix,silverstone,2022-07-03,tsunoda,alphatauri,13,14,14,0.0,52,Finished
2022,10,British Grand Prix,silverstone,2022-07-03,ocon,alpine,15,15,R,0.0,37,Fuel pump
2022,10,British Grand Prix,silverstone,2022-07-03,gasly,alphatauri,11,16,R,0.0,26,Collision damage
2022,10,British Grand Prix,silverstone,2022-07-03,bottas,alfa,12,17,R,0.0,20,Gearbox
2022,10,British Grand Prix,silverstone,2022-07-03,russell,mercedes,8,18,R,0.0,0,Collision
2022,10,British Grand Prix,silverstone,2022-07-03,zhou,alfa,9,19,R,0.0,0,Collision
2022,10,British Grand Prix,silverstone,2022-07-03,albon,williams,16,20,R,0.0,0,Collision
2022,11,Austrian Grand Prix,red_bull_ring,2022-07-10,leclerc,ferrari,2,1,1,25.0,71,Finished
2022,11,Austrian Grand Prix,red_bull_ring,2022-07-10,max_verstappen,red_bull,1,2,2,19.0,71,Finished
2022,11,Austrian Grand Prix,red_bull_ring,2022-07-10,hamilton,mercedes,8,3,3,15.0,71,Finished
2022,11,Austrian Grand Prix,red_bull_ring,2022-07-10,russell,mercedes,4,4,4,12.0,71,Finished
2022,11,Austrian Grand Prix,red_bull_ring,2022-07-10,ocon,alpine,6,5,5,10.0,71,Finished
2022,11,Austrian Grand Prix,red_bull_ring,2022-07-10,mick_schumacher,haas,9,6,6,8.0,70,+1 Lap
2022,11,Austrian Grand Prix,red_bull_ring,2022-07-10,norris,mclaren,10,7,7,6.0,70,+1 Lap
2022,11,Austrian Grand Prix,red_bull_ring,2022-07-10,kevin_magnussen,haas,7,8,8,4.0,70,+1 Lap
2022,11,Austrian Grand Prix,red_bull_ring,2022-07-10,ricciardo,mclaren,11,9,9,2.0,70,+1 Lap
2022,11,Austrian Grand Prix,red_bull_ring,2022-07-10,alonso,alpine,19,10,10,1.0,70,+1 Lap
2022,11,Austrian Grand Prix,red_bull_ring,2022-07-10,bottas,alfa,0,11,11,0.0,70,+1 Lap
2022,11,Austrian Grand Prix,red_bull_ring,2022-07-10,albon,williams,15,12,12,0.0,70,+1 Lap
2022,11,Austrian Grand Prix,red_bull_ring,2022-07-10,stroll,aston_martin,12,13,13,0.0,70,+1 Lap
2022,11,Austrian Grand Prix,red_bull_ring,2022-07-10,zhou,alfa,13,14,14,0.0,70,+1 Lap
2022,11,Austrian Grand Prix,red_bull_ring,2022-07-10,gasly,alphatauri,14,15,15,0.0,70,+1 Lap
2022,11,Austrian Grand Prix,red_bull_ring,2022-07-10,tsunoda,alphatauri,16,16,16,0.0,70,+1 Lap
2022,11,Austrian Grand Prix,red_bull_ring,2022-07-10,vettel,aston_martin,18,17,17,0.0,70,+1 Lap
2022,11,Austrian Grand Prix,red_bull_ring,2022-07-10,sainz,ferrari,3,18,R,0.0,56,Power Unit
2022,11,Austrian Grand Prix,red_bull_ring,2022-07-10,latifi,williams,17,19,R,0.0,48,Undertray
2022,11,Austrian Grand Prix,red_bull_ring,2022-07-10,perez,red_bull,5,20,R,0.0,24,Collision damage
2022,12,French Grand Prix,ricard,2022-07-24,max_verstappen,red_bull,2,1,1,25.0,53,Finished
2022,12,French Grand Prix,ricard,2022-07-24,hamilton,mercedes,4,2,2,18.0,53,Finished
2022,12,French Grand Prix,ricard,2022-07-24,russell,mercedes,6,3,3,15.0,53,Finished
2022,12,French Grand Prix,ricard,2022-07-24,perez,red_bull,3,4,4,12.0,53,Finished
2022,12,French Grand Prix,ricard,2022-07-24,sainz,ferrari,19,5,5,11.0,53,Finished
2022,12,French Grand Prix,ricard,2022-07-24,alonso,alpine,7,6,6,8.0,53,Finished
2022,12,French Grand Prix,ricard,2022-07-24,norris,mclaren,5,7,7,6.0,53,Finished
2022,12,French Grand Prix,ricard,2022-07-24,ocon,alpine,10,8,8,4.0,53,Finished
2022,12,French Grand Prix,ricard,2022-07-24,ricciardo,mclaren,9,9,9,2.0,53,Finished
2022,12,French Grand Prix,ricard,2022-07-24,stroll,aston_martin,15,10,10,1.0,53,Finished
2022,12,French Grand Prix,ricard,2022-07-24,vettel,aston_martin,12,11,11,0.0,53,Finished
2022,12,French Grand Prix,ricard,2022-07-24,gasly,alphatauri,14,12,12,0.0,53,Finished
2022,12,French Grand Prix,ricard,2022-07-24,albon,williams,13,13,13,0.0,53,Finished
2022,12,French Grand Prix,ricard,2022-07-24,bottas,alfa,11,14,14,0.0,53,Finished
2022,12,French Grand Prix,ricard,2022-07-24,mick_schumacher,haas,17,15,15,0.0,53,Finished
2022,12,French Grand Prix,ricard,2022-07-24,zhou,alfa,16,16,16,0.0,47,+6 Laps
2022,12,French Grand Prix,ricard,2022-07-24,latifi,williams,18,17,R,0.0,40,Collision damage
2022,12,French Grand Prix,ricard,2022-07-24,kevin_magnussen,haas,20,18,R,0.0,37,Collision damage
2022,12,French Grand Prix,ricard,2022-07-24,leclerc,ferrari,1,19,R,0.0,17,Accident
2022,12,French Grand Prix,ricard,2022-07-24,tsunoda,alphatauri,8,20,R,0.0,17,Undertray
2022,13,Hungarian Grand Prix,hungaroring,2022-07-31,max_verstappen,red_bull,10,1,1,25.0,70,Finished
2022,13,Hungarian Grand Prix,hungaroring,2022-07-31,hamilton,mercedes,7,2,2,19.0,70,Finished
2022,13,Hungarian Grand Prix,hungaroring,2022-07-31,russell,mercedes,1,3,3,15.0,70,Finished
2022,13,Hungarian Grand Prix,hungaroring,2022-07-31,sainz,ferrari,2,4,4,12.0,70,Finished
2022,13,Hungarian Grand Prix,hungaroring,2022-07-31,perez,red_bull,11,5,5,10.0,70,Finished
2022,13,Hungarian Grand Prix,hungaroring,2022-07-31,leclerc,ferrari,3,6,6,8.0,70,Finished
2022,13,Hungarian Grand Prix,hungaroring,2022-07-31,norris,mclaren,4,7,7,6.0,70,Finished
2022,13,Hungarian Grand Prix,hungaroring,2022-07-31,alonso,alpine,6,8,8,4.0,69,+1 Lap
2022,13,Hungarian Grand Prix,hungaroring,2022-07-31,ocon,alpine,5,9,9,2.0,69,+1 Lap
2022,13,Hungarian Grand Prix,hungaroring,2022-07-31,vettel,aston_martin,18,10,10,1.0,69,+1 Lap
2022,13,Hungarian Grand Prix,hungaroring,2022-07-31,stroll,aston_martin,14,11,11,0.0,69,+1 Lap
2022,13,Hungarian Grand Prix,hungaroring,2022-07-31,gasly,alphatauri,0,12,12,0.0,69,+1 Lap
2022,13,Hungarian Grand Prix,hungaroring,2022-07-31,zhou,alfa,12,13,13,0.0,69,+1 Lap
2022,13,Hungarian Grand Prix,hungaroring,2022-07-31,mick_schumacher,haas,15,14,14,0.0,69,+1 Lap
2022,13,Hungarian Grand Prix,hungaroring,2022-07-31,ricciardo,mclaren,9,15,15,0.0,69,+1 Lap
2022,13,Hungarian Grand Prix,hungaroring,2022-07-31,kevin_magnussen,haas,13,16,16,0.0,69,+1 Lap
2022,13,Hungarian Grand Prix,hungaroring,2022-07-31,albon,williams,17,17,17,0.0,69,+1 Lap
2022,13,Hungarian Grand Prix,hungaroring,2022-07-31,latifi,williams,19,18,18,0.0,69,+1 Lap
2022,13,Hungarian Grand Prix,hungaroring,2022-07-31,tsunoda,alphatauri,16,19,19,0.0,68,+2 Laps
2022,13,Hungarian Grand Prix,hungaroring,2022-07-31,bottas,alfa,8,20,20,0.0,65,Power Unit
2022,14,Belgian Grand Prix,spa,2022-08-28,max_verstappen,red_bull,14,1,1,26.0,44,Finished
2022,14,Belgian Grand Prix,spa,2022-08-28,perez,red_bull,2,2,2,18.0,44,Finished
2022,14,Belgian Grand Prix,spa,2022-08-28,sainz,ferrari,1,3,3,15.0,44,Finished
2022,14,Belgian Grand Prix,spa,2022-08-28,russell,mercedes,5,4,4,12.0,44,Finished
2022,14,Belgian Grand Prix,spa,2022-08-28,alonso,alpine,3,5,5,10.0,44,Finished
2022,14,Belgian Grand Prix,spa,2022-08-28,leclerc,ferrari,15,6,6,8.0,44,Finished
2022,14,Belgian Grand Prix,spa,2022-08-28,ocon,alpine,16,7,7,6.0,44,Finished
2022,14,Belgian Grand Prix,spa,2022-08-28,vettel,aston_martin,10,8,8,4.0,44,Finished
2022,14,Belgian Grand Prix,spa,2022-08-28,gasly,alphatauri,0,9,9,2.0,44,Finished
2022,14,Belgian Grand Prix,spa,2022-08-28,albon,williams,6,10,10,1.0,44,Finished
2022,14,Belgian Grand Prix,spa,2022-08-28,stroll,aston_martin,9,11,11,0.0,44,Finished
2022,14,Belgian Grand Prix,spa,2022-08-28,norris,mclaren,17,12,12,0.0,44,Finished
2022,14,Belgian Grand Prix,spa,2022-08-28,tsunoda,alphatauri,0,13,13,0.0,44,Finished
2022,14,Belgian Grand Prix,spa,2022-08-28,zhou,alfa,18,14,14,0.0,44,Finished
2022,14,Belgian Grand Prix,spa,2022-08-28,ricciardo,mclaren,7,15,15,0.0,44,Finished
2022,14,Belgian Grand Prix,spa,2022-08-28,kevin_magnussen,haas,12,16,16,0.0,43,+1 Lap
2022,14,Belgian Grand Prix,spa,2022-08-28,mick_schumacher,haas,19,17,17,0.0,43,+1 Lap
2022,14,Belgian Grand Prix,spa,2022-08-28,latifi,williams,11,18,18,0.0,43,+1 Lap
2022,14,Belgian Grand Prix,spa,2022-08-28,bottas,alfa,13,19,R,0.0,1,Accident
2022,14,Belgian Grand Prix,spa,2022-08-28,hamilton,mercedes,4,20,R,0.0,0,Collision damage
2022,15,Dutch Grand Prix,zandvoort,2022-09-04,max_verstappen,red_bull,1,1,1,26.0,72,Finished
2022,15,Dutch Grand Prix,zandvoort,2022-09-04,russell,mercedes,6,2,2,18.0,72,Finished
2022,15,Dutch Grand Prix,zandvoort,2022-09-04,leclerc,ferrari,2,3,3,15.0,72,Finished
2022,15,Dutch Grand Prix,zandvoort,2022-09-04,hamilton,mercedes,4,4,4,12.0,72,Finished
2022,15,Dutch Grand Prix,zandvoort,2022-09-04,perez,red_bull,5,5,5,10.0,72,Finished
2022,15,Dutch Grand Prix,zandvoort,2022-09-04,alonso,alpine,13,6,6,8.0,72,Finished
2022,15,Dutch Grand Prix,zandvoort,2022-09-04,norris,mclaren,7,7,7,6.0,72,Finished
2022,15,Dutch Grand Prix,zandvoort,2022-09-04,sainz,ferrari,3,8,8,4.0,72,Finished
2022,15,Dutch Grand Prix,zandvoort,2022-09-04,ocon,alpine,12,9,9,2.0,72,Finished
2022,15,Dutch Grand Prix,zandvoort,2022-09-04,stroll,aston_martin,10,10,10,1.0,72,Finished
2022,15,Dutch Grand Prix,zandvoort,2022-09-04,gasly,alphatauri,11,11,11,0.0,72,Finished
2022,15,Dutch Grand Prix,zandvoort,2022-09-04,albon,williams,15,12,12,0.0,72,Finished
2022,15,Dutch Grand Prix,zandvoort,2022-09-04,mick_schumacher,haas,8,13,13,0.0,72,Finished
2022,15,Dutch Grand Prix,zandvoort,2022-09-04,vettel,aston_martin,19,14,14,0.0,72,Finished
2022,15,Dutch Grand Prix,zandvoort,2022-09-04,kevin_magnussen,haas,18,15,15,0.0,72,Finished
2022,15,Dutch Grand Prix,zandvoort,2022-09-04,zhou,alfa,14,16,16,0.0,72,Finished
2022,15,Dutch Grand Prix,zandvoort,2022-09-04,ricciardo,mclaren,17,17,17,0.0,72,Finished
2022,15,Dutch Grand Prix,zandvoort,2022-09-04,latifi,williams,20,18,18,0.0,71,+1 Lap
2022,15,Dutch Grand Prix,zandvoort,2022-09-04,bottas,alfa,16,19,R,0.0,53,Engine
2022,15,Dutch Grand Prix,zandvoort,2022-09-04,tsunoda,alphatauri,9,20,R,0.0,43,Differential
2022,16,Italian Grand Prix,monza,2022-09-11,max_verstappen,red_bull,7,1,1,25.0,53,Finished
2022,16,Italian Grand Prix,monza,2022-09-11,leclerc,ferrari,1,2,2,18.0,53,Finished
2022,16,Italian Grand Prix,monza,2022-09-11,russell,mercedes,2,3,3,15.0,53,Finished
2022,16,Italian Grand Prix,monza,2022-09-11,sainz,ferrari,18,4,4,12.0,53,Finished
2022,16,Italian Grand Prix,monza,2022-09-11,hamilton,mercedes,19,5,5,10.0,53,Finished
2022,16,Italian Grand Prix,monza,2022-09-11,perez,red_bull,13,6,6,9.0,53,Finished
2022,16,Italian Grand Prix,monza,2022-09-11,norris,mclaren,3,7,7,6.0,53,Finished
2022,16,Italian Grand Prix,monza,2022-09-11,gasly,alphatauri,5,8,8,4.0,53,Finished
2022,16,Italian Grand Prix,monza,2022-09-11,de_vries,williams,8,9,9,2.0,53,Finished
2022,16,Italian Grand Prix,monza,2022-09-11,zhou,alfa,9,10,10,1.0,53,Finished
2022,16,Italian Grand Prix,monza,2022-09-11,ocon,alpine,14,11,11,0.0,53,Finished
2022,16,Italian Grand Prix,monza,2022-09-11,mick_schumacher,haas,17,12,12,0.0,53,Finished
2022,16,Italian Grand Prix,monza,2022-09-11,bottas,alfa,15,13,13,0.0,52,+1 Lap
2022,16,Italian Grand Prix,monza,2022-09-11,tsunoda,alphatauri,20,14,14,0.0,52,+1 Lap
2022,16,Italian Grand Prix,monza,2022-09-11,latifi,williams,10,15,15,0.0,52,+1 Lap
2022,16,Italian Grand Prix,monza,2022-09-11,kevin_magnussen,haas,16,16,16,0.0,52,+1 Lap
2022,16,Italian Grand Prix,monza,2022-09-11,ricciardo,mclaren,4,17,R,0.0,45,Oil leak
2022,16,Italian Grand Prix,monza,2022-09-11,stroll,aston_martin,12,18,R,0.0,39,Engine
2022,16,Italian Grand Prix,monza,2022-09-11,alonso,alpine,6,19,R,0.0,31,Water pressure
2022,16,Italian Grand Prix,monza,2022-09-11,vettel,aston_martin,11,20,R,0.0,10,Engine
2022,17,Singapore Grand Prix,marina_bay,2022-10-02,perez,red_bull,2,1,1,25.0,59,Finished
2022,17,Singapore Grand Prix,marina_bay,2022-10-02,leclerc,ferrari,1,2,2,18.0,59,Finished
2022,17,Singapore Grand Prix,marina_bay,2022-10-02,sainz,ferrari,4,3,3,15.0,59,Finished
2022,17,Singapore Grand Prix,marina_bay,2022-10-02,norris,mclaren,6,4,4,12.0,59,Finished
2022,17,Singapore Grand Prix,marina_bay,2022-10-02,ricciardo,mclaren,16,5,5,10.0,59,Finished
2022,17,Singapore Grand Prix,marina_bay,2022-10-02,stroll,aston_martin,11,6,6,8.0,59,Finished
2022,17,Singapore Grand Prix,marina_bay,2022-10-02,max_verstappen,red_bull,8,7,7,6.0,59,Finished
2022,17,Singapore Grand Prix,marina_bay,2022-10-02,vettel,aston_martin,13,8,8,4.0,59,Finished
2022,17,Singapore Grand Prix,marina_bay,2022-10-02,hamilton,mercedes,3,9,9,2.0,59,Finished
2022,17,Singapore Grand Prix,marina_bay,2022-10-02,gasly,alphatauri,7,10,10,1.0,59,Finished
2022,17,Singapore Grand Prix,marina_bay,2022-10-02,bottas,alfa,15,11,11,0.0,59,Finished
2022,17,Singapore Grand Prix,marina_bay,2022-10-02,kevin_magnussen,haas,9,12,12,0.0,59,Finished
2022,17,Singapore Grand Prix,marina_bay,2022-10-02,mick_schumacher,haas,12,13,13,0.0,58,+1 Lap
2022,17,Singapore Grand Prix,marina_bay,2022-10-02,russell,mercedes,0,14,14,0.0,57,+2 Laps
2022,17,Singapore Grand Prix,marina_bay,2022-10-02,tsunoda,alphatauri,10,15,R,0.0,34,Accident
2022,17,Singapore Grand Prix,marina_bay,2022-10-02,ocon,alpine,17,16,R,0.0,26,Engine
2022,17,Singapore Grand Prix,marina_bay,2022-10-02,albon,williams,18,17,R,0.0,25,Collision damage
2022,17,Singapore Grand Prix,marina_bay,2022-10-02,alonso,alpine,5,18,R,0.0,20,Engine
2022,17,Singapore Grand Prix,marina_bay,2022-10-02,latifi,williams,19,19,R,0.0,7,Collision damage
2022,17,Singapore Grand Prix,marina_bay,2022-10-02,zhou,alfa,14,20,R,0.0,6,Collision
2022,18,Japanese Grand Prix,suzuka,2022-10-09,max_verstappen,red_bull,1,1,1,25.0,28,Finished
2022,18,Japanese Grand Prix,suzuka,2022-10-09,perez,red_bull,4,2,2,18.0,28,Finished
2022,18,Japanese Grand Prix,suzuka,2022-10-09,leclerc,ferrari,2,3,3,15.0,28,Finished
2022,18,Japanese Grand Prix,suzuka,2022-10-09,ocon,alpine,5,4,4,12.0,28,Finished
2022,18,Japanese Grand Prix,suzuka,2022-10-09,hamilton,mercedes,6,5,5,10.0,28,Finished
2022,18,Japanese Grand Prix,suzuka,2022-10-09,vettel,aston_martin,9,6,6,8.0,28,Finished
2022,18,Japanese Grand Prix,suzuka,2022-10-09,alonso,alpine,7,7,7,6.0,28,Finished
2022,18,Japanese Grand Prix,suzuka,2022-10-09,russell,mercedes,8,8,8,4.0,28,Finished
2022,18,Japanese Grand Prix,suzuka,2022-10-09,latifi,williams,20,9,9,2.0,28,Finished
2022,18,Japanese Grand Prix,suzuka,2022-10-09,norris,mclaren,10,10,10,1.0,28,Finished
2022,18,Japanese Grand Prix,suzuka,2022-10-09,ricciardo,mclaren,11,11,11,0.0,28,Finished
2022,18,Japanese Grand Prix,suzuka,2022-10-09,stroll,aston_martin,19,12,12,0.0,28,Finished
2022,18,Japanese Grand Prix,suzuka,2022-10-09,tsunoda,alphatauri,13,13,13,0.0,28,Finished
2022,18,Japanese Grand Prix,suzuka,2022-10-09,kevin_magnussen,haas,18,14,14,0.0,28,Finished
2022,18,Japanese Grand Prix,suzuka,2022-10-09,bottas,alfa,12,15,15,0.0,28,Finished
2022,18,Japanese Grand Prix,suzuka,2022-10-09,zhou,alfa,14,16,16,0.0,28,Finished
2022,18,Japanese Grand Prix,suzuka,2022-10-09,mick_schumacher,haas,15,17,17,0.0,28,Finished
2022,18,Japanese Grand Prix,suzuka,2022-10-09,gasly,alphatauri,17,18,18,0.0,28,Finished
2022,18,Japanese Grand Prix,suzuka,2022-10-09,sainz,ferrari,3,19,R,0.0,0,Accident
2022,18,Japanese Grand Prix,suzuka,2022-10-09,albon,williams,16,20,R,0.0,0,Hydraulics
2022,19,United States Grand Prix,americas,2022-10-23,max_verstappen,red_bull,2,1,1,25.0,56,Finished
2022,19,United States Grand Prix,americas,2022-10-23,hamilton,mercedes,3,2,2,18.0,56,Finished
2022,19,United States Grand Prix,americas,2022-10-23,leclerc,ferrari,12,3,3,15.0,56,Finished
2022,19,United States Grand Prix,americas,2022-10-23,perez,red_bull,9,4,4,12.0,56,Finished
2022,19,United States Grand Prix,americas,2022-10-23,russell,mercedes,4,5,5,11.0,56,Finished
2022,19,United States Grand Prix,americas,2022-10-23,norris,mclaren,6,6,6,8.0,56,Finished
2022,19,United States Grand Prix,americas,2022-10-23,alonso,alpine,14,7,7,6.0,56,Finished
2022,19,United States Grand Prix,americas,2022-10-23,vettel,aston_martin,10,8,8,4.0,56,Finished
2022,19,United States Grand Prix,americas,2022-10-23,kevin_magnussen,haas,13,9,9,2.0,56,Finished
2022,19,United States Grand Prix,americas,2022-10-23,tsunoda,alphatauri,19,10,10,1.0,56,Finished
2022,19,United States Grand Prix,americas,2022-10-23,ocon,alpine,0,11,11,0.0,56,Finished
2022,19,United States Grand Prix,americas,2022-10-23,zhou,alfa,18,12,12,0.0,56,Finished
2022,19,United States Grand Prix,americas,2022-10-23,albon,williams,8,13,13,0.0,56,Finished
2022,19,United States Grand Prix,americas,2022-10-23,gasly,alphatauri,11,14,14,0.0,56,Finished
2022,19,United States Grand Prix,americas,2022-10-23,mick_schumacher,haas,16,15,15,0.0,56,Finished
2022,19,United States Grand Prix,americas,2022-10-23,ricciardo,mclaren,15,16,16,0.0,56,Finished
2022,19,United States Grand Prix,americas,2022-10-23,latifi,williams,17,17,17,0.0,56,Finished
2022,19,United States Grand Prix,americas,2022-10-23,stroll,aston_martin,5,18,R,0.0,21,Collision
2022,19,United States Grand Prix,americas,2022-10-23,bottas,alfa,7,19,R,0.0,16,Spun off
2022,19,United States Grand Prix,americas,2022-10-23,sainz,ferrari,1,20,R,0.0,1,Collision damage
2022,20,Mexico City Grand Prix,rodriguez,2022-10-30,max_verstappen,red_bull,1,1,1,25.0,71,Finished
2022,20,Mexico City Grand Prix,rodriguez,2022-10-30,hamilton,mercedes,3,2,2,18.0,71,Finished
2022,20,Mexico City Grand Prix,rodriguez,2022-10-30,perez,red_bull,4,3,3,15.0,71,Finished
2022,20,Mexico City Grand Prix,rodriguez,2022-10-30,russell,mercedes,2,4,4,13.0,71,Finished
2022,20,Mexico City Grand Prix,rodriguez,2022-10-30,sainz,ferrari,5,5,5,10.0,71,Finished
2022,20,Mexico City Grand Prix,rodriguez,2022-10-30,leclerc,ferrari,7,6,6,8.0,71,Finished
2022,20,Mexico City Grand Prix,rodriguez,2022-10-30,ricciardo,mclaren,11,7,7,6.0,70,+1 Lap
2022,20,Mexico City Grand Prix,rodriguez,2022-10-30,ocon,alpine,10,8,8,4.0,70,+1 Lap
2022,20,Mexico City Grand Prix,rodriguez,2022-10-30,norris,mclaren,8,9,9,2.0,70,+1 Lap
2022,20,Mexico City Grand Prix,rodriguez,2022-10-30,bottas,alfa,6,10,10,1.0,70,+1 Lap
2022,20,Mexico City Grand Prix,rodriguez,2022-10-30,gasly,alphatauri,14,11,11,0.0,70,+1 Lap
2022,20,Mexico City Grand Prix,rodriguez,2022-10-30,albon,williams,17,12,12,0.0,70,+1 Lap
2022,20,Mexico City Grand Prix,rodriguez,2022-10-30,zhou,alfa,12,13,13,0.0,70,+1 Lap
2022,20,Mexico City Grand Prix,rodriguez,2022-10-30,vettel,aston_martin,16,14,14,0.0,70,+1 Lap
2022,20,Mexico City Grand Prix,rodriguez,2022-10-30,stroll,aston_martin,20,15,15,0.0,70,+1 Lap
2022,20,Mexico City Grand Prix,rodriguez,2022-10-30,mick_schumacher,haas,15,16,16,0.0,70,+1 Lap
2022,20,Mexico City Grand Prix,rodriguez,2022-10-30,kevin_magnussen,haas,19,17,17,0.0,70,+1 Lap
2022,20,Mexico City Grand Prix,rodriguez,2022-10-30,latifi,williams,18,18,18,0.0,69,+2 Laps
2022,20,Mexico City Grand Prix,rodriguez,2022-10-30,alonso,alpine,9,19,19,0.0,63,Engine
2022,20,Mexico City Grand Prix,rodriguez,2022-10-30,tsunoda,alphatauri,13,20,R,0.0,50,Collision damage
2022,21,São Paulo Grand Prix,interlagos,2022-11-13,russell,mercedes,1,1,1,26.0,71,Finished
2022,21,São Paulo Grand Prix,interlagos,2022-11-13,hamilton,mercedes,2,2,2,18.0,71,Finished
2022,21,São Paulo Grand Prix,interlagos,2022-11-13,sainz,ferrari,7,3,3,15.0,71,Finished
2022,21,São Paulo Grand Prix,interlagos,2022-11-13,leclerc,ferrari,5,4,4,12.0,71,Finished
2022,21,São Paulo Grand Prix,interlagos,2022-11-13,alonso,alpine,17,5,5,10.0,71,Finished
2022,21,São Paulo Grand Prix,interlagos,2022-11-13,max_verstappen,red_bull,3,6,6,8.0,71,Finished
2022,21,São Paulo Grand Prix,interlagos,2022-11-13,perez,red_bull,4,7,7,6.0,71,Finished
2022,21,São Paulo Grand Prix,interlagos,2022-11-13,ocon,alpine,16,8,8,4.0,71,Finished
2022,21,São Paulo Grand Prix,interlagos,2022-11-13,bottas,alfa,14,9,9,2.0,71,Finished
2022,21,São Paulo Grand Prix,interlagos,2022-11-13,stroll,aston_martin,15,10,10,1.0,71,Finished
2022,21,São Paulo Grand Prix,interlagos,2022-11-13,vettel,aston_martin,9,11,11,0.0,71,Finished
2022,21,São Paulo Grand Prix,interlagos,2022-11-13,zhou,alfa,13,12,12,0.0,71,Finished
2022,21,São Paulo Grand Prix,interlagos,2022-11-13,mick_schumacher,haas,12,13,13,0.0,71,Finished
2022,21,São Paulo Grand Prix,interlagos,2022-11-13,gasly,alphatauri,10,14,14,0.0,71,Finished
2022,21,São Paulo Grand Prix,interlagos,2022-11-13,albon,williams,19,15,15,0.0,71,Finished
2022,21,São Paulo Grand Prix,interlagos,2022-11-13,latifi,williams,18,16,16,0.0,71,Finished
2022,21,São Paulo Grand Prix,interlagos,2022-11-13,tsunoda,alphatauri,0,17,17,0.0,70,+1 Lap
2022,21,São Paulo Grand Prix,interlagos,2022-11-13,norris,mclaren,6,18,R,0.0,50,Gearbox
2022,21,São Paulo Grand Prix,interlagos,2022-11-13,kevin_magnussen,haas,8,19,R,0.0,0,Collision
2022,21,São Paulo Grand Prix,interlagos,2022-11-13,ricciardo,mclaren,11,20,R,0.0,0,Collision
2022,22,Abu Dhabi Grand Prix,yas_marina,2022-11-20,max_verstappen,red_bull,1,1,1,25.0,58,Finished
2022,22,Abu Dhabi Grand Prix,yas_marina,2022-11-20,leclerc,ferrari,3,2,2,18.0,58,Finished
2022,22,Abu Dhabi Grand Prix,yas_marina,2022-11-20,perez,red_bull,2,3,3,15.0,58,Finished
2022,22,Abu Dhabi Grand Prix,yas_marina,2022-11-20,sainz,ferrari,4,4,4,12.0,58,Finished
2022,22,Abu Dhabi Grand Prix,yas_marina,2022-11-20,russell,mercedes,6,5,5,10.0,58,Finished
2022,22,Abu Dhabi Grand Prix,yas_marina,2022-11-20,norris,mclaren,7,6,6,9.0,58,Finished
2022,22,Abu Dhabi Grand Prix,yas_marina,2022-11-20,ocon,alpine,8,7,7,6.0,58,Finished
2022,22,Abu Dhabi Grand Prix,yas_marina,2022-11-20,stroll,aston_martin,14,8,8,4.0,58,Finished
2022,22,Abu Dhabi Grand Prix,yas_marina,2022-11-20,ricciardo,mclaren,13,9,9,2.0,58,Finished
2022,22,Abu Dhabi Grand Prix,yas_marina,2022-11-20,vettel,aston_martin,9,10,10,1.0,58,Finished
2022,22,Abu Dhabi Grand Prix,yas_marina,2022-11-20,tsunoda,alphatauri,11,11,11,0.0,58,Finished
2022,22,Abu Dhabi Grand Prix,yas_marina,2022-11-20,zhou,alfa,15,12,12,0.0,57,+1 Lap
2022,22,Abu Dhabi Grand Prix,yas_marina,2022-11-20,albon,williams,19,13,13,0.0,57,+1 Lap
2022,22,Abu Dhabi Grand Prix,yas_marina,2022-11-20,gasly,alphatauri,17,14,14,0.0,57,+1 Lap
2022,22,Abu Dhabi Grand Prix,yas_marina,2022-11-20,bottas,alfa,18,15,15,0.0,57,+1 Lap
2022,22,Abu Dhabi Grand Prix,yas_marina,2022-11-20,mick_schumacher,haas,12,16,16,0.0,57,+1 Lap
2022,22,Abu Dhabi Grand Prix,yas_marina,2022-11-20,kevin_magnussen,haas,16,17,17,0.0,57,+1 Lap
2022,22,Abu Dhabi Grand Prix,yas_marina,2022-11-20,hamilton,mercedes,5,18,18,0.0,55,Hydraulics
2022,22,Abu Dhabi Grand Prix,yas_marina,2022-11-20,latifi,williams,20,19,19,0.0,55,Collision damage
2022,22,Abu Dhabi Grand Prix,yas_marina,2022-11-20,alonso,alpine,10,20,R,0.0,27,Water leak
2023,1,Bahrain Grand Prix,bahrain,2023-03-05,max_verstappen,red_bull,1,1,1,25.0,57,Finished
2023,1,Bahrain Grand Prix,bahrain,2023-03-05,perez,red_bull,2,2,2,18.0,57,Finished
2023,1,Bahrain Grand Prix,bahrain,2023-03-05,alonso,aston_martin,5,3,3,15.0,57,Finished
2023,1,Bahrain Grand Prix,bahrain,2023-03-05,sainz,ferrari,4,4,4,12.0,57,Finished
2023,1,Bahrain Grand Prix,bahrain,2023-03-05,hamilton,mercedes,7,5,5,10.0,57,Finished
2023,1,Bahrain Grand Prix,bahrain,2023-03-05,stroll,aston_martin,8,6,6,8.0,57,Finished
2023,1,Bahrain Grand Prix,bahrain,2023-03-05,russell,mercedes,6,7,7,6.0,57,Finished
2023,1,Bahrain Grand Prix,bahrain,2023-03-05,bottas,alfa,12,8,8,4.0,57,Finished
2023,1,Bahrain Grand Prix,bahrain,2023-03-05,gasly,alpine,20,9,9,2.0,57,Finished
2023,1,Bahrain Grand Prix,bahrain,2023-03-05,albon,williams,15,10,10,1.0,57,Finished
2023,1,Bahrain Grand Prix,bahrain,2023-03-05,tsunoda,alphatauri,14,11,11,0.0,57,Finished
2023,1,Bahrain Grand Prix,bahrain,2023-03-05,sargeant,williams,16,12,12,0.0,56,Lapped
2023,1,Bahrain Grand Prix,bahrain,2023-03-05,kevin_magnussen,haas,17,13,13,0.0,56,Lapped
2023,1,Bahrain Grand Prix,bahrain,2023-03-05,de_vries,alphatauri,19,14,14,0.0,56,Lapped
2023,1,Bahrain Grand Prix,bahrain,2023-03-05,hulkenberg,haas,10,15,15,0.0,56,Lapped
2023,1,Bahrain Grand Prix,bahrain,2023-03-05,zhou,alfa,13,16,16,0.0,56,Lapped
2023,1,Bahrain Grand Prix,bahrain,2023-03-05,norris,mclaren,11,17,17,0.0,55,Lapped
2023,1,Bahrain Grand Prix,bahrain,2023-03-05,ocon,alpine,9,18,R,0.0,41,Retired
2023,1,Bahrain Grand Prix,bahrain,2023-03-05,leclerc,ferrari,3,19,R,0.0,39,Retired
2023,1,Bahrain Grand Prix,bahrain,2023-03-05,piastri,mclaren,18,20,R,0.0,13,Retired
2023,2,Saudi Arabian Grand Prix,jeddah,2023-03-19,perez,red_bull,1,1,1,25.0,50,Finished
2023,2,Saudi Arabian Grand Prix,jeddah,2023-03-19,max_verstappen,red_bull,15,2,2,19.0,50,Finished
2023,2,Saudi Arabian Grand Prix,jeddah,2023-03-19,alonso,aston_martin,2,3,3,15.0,50,Finished
2023,2,Saudi Arabian Grand Prix,jeddah,2023-03-19,russell,mercedes,3,4,4,12.0,50,Finished
2023,2,Saudi Arabian Grand Prix,jeddah,2023-03-19,hamilton,mercedes,7,5,5,10.0,50,Finished
2023,2,Saudi Arabian Grand Prix,jeddah,2023-03-19,sainz,ferrari,4,6,6,8.0,50,Finished
2023,2,Saudi Arabian Grand Prix,jeddah,2023-03-19,leclerc,ferrari,12,7,7,6.0,50,Finished
2023,2,Saudi Arabian Grand Prix,jeddah,2023-03-19,ocon,alpine,6,8,8,4.0,50,Finished
2023,2,Saudi Arabian Grand Prix,jeddah,2023-03-19,gasly,alpine,9,9,9,2.0,50,Finished
2023,2,Saudi Arabian Grand Prix,jeddah,2023-03-19,kevin_magnussen,haas,13,10,10,1.0,50,Finished
2023,2,Saudi Arabian Grand Prix,jeddah,2023-03-19,tsunoda,alphatauri,16,11,11,0.0,50,Finished
2023,2,Saudi Arabian Grand Prix,jeddah,2023-03-19,hulkenberg,haas,10,12,12,0.0,50,Finished
2023,2,Saudi Arabian Grand Prix,jeddah,2023-03-19,zhou,alfa,11,13,13,0.0,50,Finished
2023,2,Saudi Arabian Grand Prix,jeddah,2023-03-19,de_vries,alphatauri,18,14,14,0.0,50,Finished
2023,2,Saudi Arabian Grand Prix,jeddah,2023-03-19,piastri,mclaren,8,15,15,0.0,50,Finished
2023,2,Saudi Arabian Grand Prix,jeddah,2023-03-19,sargeant,williams,20,16,16,0.0,50,Finished
2023,2,Saudi Arabian Grand Prix,jeddah,2023-03-19,norris,mclaren,19,17,17,0.0,50,Finished
2023,2,Saudi Arabian Grand Prix,jeddah,2023-03-19,bottas,alfa,14,18,18,0.0,49,Lapped
2023,2,Saudi Arabian Grand Prix,jeddah,2023-03-19,albon,williams,17,19,R,0.0,27,Retired
2023,2,Saudi Arabian Grand Prix,jeddah,2023-03-19,stroll,aston_martin,5,20,R,0.0,16,Retired
2023,3,Australian Grand Prix,albert_park,2023-04-02,max_verstappen,red_bull,1,1,1,25.0,58,Finished
2023,3,Australian Grand Prix,albert_park,2023-04-02,hamilton,mercedes,3,2,2,18.0,58,Finished
2023,3,Australian Grand Prix,albert_park,2023-04-02,alonso,aston_martin,4,3,3,15.0,58,Finished
2023,3,Australian Grand Prix,albert_park,2023-04-02,stroll,aston_martin,6,4,4,12.0,58,Finished
2023,3,Australian Grand Prix,albert_park,2023-04-02,perez,red_bull,20,5,5,11.0,58,Finished
2023,3,Australian Grand Prix,albert_park,2023-04-02,norris,mclaren,13,6,6,8.0,58,Finished
2023,3,Australian Grand Prix,albert_park,2023-04-02,hulkenberg,haas,10,7,7,6.0,58,Finished
2023,3,Australian Grand Prix,albert_park,2023-04-02,piastri,mclaren,16,8,8,4.0,58,Finished
2023,3,Australian Grand Prix,albert_park,2023-04-02,zhou,alfa,17,9,9,2.0,58,Finished
2023,3,Australian Grand Prix,albert_park,2023-04-02,tsunoda,alphatauri,12,10,10,1.0,58,Finished
2023,3,Australian Grand Prix,albert_park,2023-04-02,bottas,alfa,19,11,11,0.0,58,Finished
2023,3,Australian Grand Prix,albert_park,2023-04-02,sainz,ferrari,5,12,12,0.0,58,Finished
2023,3,Australian Grand Prix,albert_park,2023-04-02,gasly,alpine,9,13,13,0.0,56,Retired
2023,3,Australian Grand Prix,albert_park,2023-04-02,ocon,alpine,11,14,14,0.0,56,Retired
2023,3,Australian Grand Prix,albert_park,2023-04-02,de_vries,alphatauri,15,15,15,0.0,56,Retired
2023,3,Australian Grand Prix,albert_park,2023-04-02,sargeant,williams,18,16,16,0.0,56,Retired
2023,3,Australian Grand Prix,albert_park,2023-04-02,kevin_magnussen,haas,14,17,17,0.0,52,Retired
2023,3,Australian Grand Prix,albert_park,2023-04-02,russell,mercedes,2,18,R,0.0,17,Retired
2023,3,Australian Grand Prix,albert_park,2023-04-02,albon,williams,8,19,R,0.0,6,Retired
2023,3,Australian Grand Prix,albert_park,2023-04-02,leclerc,ferrari,7,20,R,0.0,0,Retired
2023,4,Azerbaijan Grand Prix,baku,2023-04-30,perez,red_bull,3,1,1,25.0,51,Finished
2023,4,Azerbaijan Grand Prix,baku,2023-04-30,max_verstappen,red_bull,2,2,2,18.0,51,Finished
2023,4,Azerbaijan Grand Prix,baku,2023-04-30,leclerc,ferrari,1,3,3,15.0,51,Finished
2023,4,Azerbaijan Grand Prix,baku,2023-04-30,alonso,aston_martin,6,4,4,12.0,51,Finished
2023,4,Azerbaijan Grand Prix,baku,2023-04-30,sainz,ferrari,4,5,5,10.0,51,Finished
2023,4,Azerbaijan Grand Prix,baku,2023-04-30,hamilton,mercedes,5,6,6,8.0,51,Finished
2023,4,Azerbaijan Grand Prix,baku,2023-04-30,stroll,aston_martin,9,7,7,6.0,51,Finished
2023,4,Azerbaijan Grand Prix,baku,2023-04-30,russell,mercedes,11,8,8,5.0,51,Finished
2023,4,Azerbaijan Grand Prix,baku,2023-04-30,norris,mclaren,7,9,9,2.0,51,Finished
2023,4,Azerbaijan Grand Prix,baku,2023-04-30,tsunoda,alphatauri,8,10,10,1.0,51,Finished
2023,4,Azerbaijan Grand Prix,baku,2023-04-30,piastri,mclaren,10,11,11,0.0,51,Finished
2023,4,Azerbaijan Grand Prix,baku,2023-04-30,albon,williams,12,12,12,0.0,51,Finished
2023,4,Azerbaijan Grand Prix,baku,2023-04-30,kevin_magnussen,haas,16,13,13,0.0,51,Finished
2023,4,Azerbaijan Grand Prix,baku,2023-04-30,gasly,alpine,17,14,14,0.0,51,Finished
2023,4,Azerbaijan Grand Prix,baku,2023-04-30,ocon,alpine,19,15,15,0.0,51,Finished
2023,4,Azerbaijan Grand Prix,baku,2023-04-30,sargeant,williams,14,16,16,0.0,51,Finished
2023,4,Azerbaijan Grand Prix,baku,2023-04-30,hulkenberg,haas,20,17,17,0.0,50,Lapped
2023,4,Azerbaijan Grand Prix,baku,2023-04-30,bottas,alfa,13,18,18,0.0,50,Lapped
2023,4,Azerbaijan Grand Prix,baku,2023-04-30,zhou,alfa,15,19,R,0.0,36,Retired
2023,4,Azerbaijan Grand Prix,baku,2023-04-30,de_vries,alphatauri,18,20,R,0.0,9,Retired
2023,5,Miami Grand Prix,miami,2023-05-07,max_verstappen,red_bull,9,1,1,26.0,57,Finished
2023,5,Miami Grand Prix,miami,2023-05-07,perez,red_bull,1,2,2,18.0,57,Finished
2023,5,Miami Grand Prix,miami,2023-05-07,alonso,aston_martin,2,3,3,15.0,57,Finished
2023,5,Miami Grand Prix,miami,2023-05-07,russell,mercedes,6,4,4,12.0,57,Finished
2023,5,Miami Grand Prix,miami,2023-05-07,sainz,ferrari,3,5,5,10.0,57,Finished
2023,5,Miami Grand Prix,miami,2023-05-07,hamilton,mercedes,13,6,6,8.0,57,Finished
2023,5,Miami Grand Prix,miami,2023-05-07,leclerc,ferrari,7,7,7,6.0,57,Finished
2023,5,Miami Grand Prix,miami,2023-05-07,gasly,alpine,5,8,8,4.0,57,Finished
2023,5,Miami Grand Prix,miami,2023-05-07,ocon,alpine,8,9,9,2.0,57,Finished
2023,5,Miami Grand Prix,miami,2023-05-07,kevin_magnussen,haas,4,10,10,1.0,57,Finished
2023,5,Miami Grand Prix,miami,2023-05-07,tsunoda,alphatauri,17,11,11,0.0,57,Finished
2023,5,Miami Grand Prix,miami,2023-05-07,stroll,aston_martin,18,12,12,0.0,57,Finished
2023,5,Miami Grand Prix,miami,2023-05-07,bottas,alfa,10,13,13,0.0,57,Finished
2023,5,Miami Grand Prix,miami,2023-05-07,albon,williams,11,14,14,0.0,57,Finished
2023,5,Miami Grand Prix,miami,2023-05-07,hulkenberg,haas,12,15,15,0.0,57,Finished
2023,5,Miami Grand Prix,miami,2023-05-07,zhou,alfa,14,16,16,0.0,57,Finished
2023,5,Miami Grand Prix,miami,2023-05-07,norris,mclaren,16,17,17,0.0,57,Finished
2023,5,Miami Grand Prix,miami,2023-05-07,de_vries,alphatauri,15,18,18,0.0,57,Finished
2023,5,Miami Grand Prix,miami,2023-05-07,piastri,mclaren,19,19,19,0.0,56,Lapped
2023,5,Miami Grand Prix,miami,2023-05-07,sargeant,williams,20,20,20,0.0,56,Lapped
2023,6,Monaco Grand Prix,monaco,2023-05-28,max_verstappen,red_bull,1,1,1,25.0,78,Finished
2023,6,Monaco Grand Prix,monaco,2023-05-28,alonso,aston_martin,2,2,2,18.0,78,Finished
2023,6,Monaco Grand Prix,monaco,2023-05-28,ocon,alpine,3,3,3,15.0,78,Finished
2023,6,Monaco Grand Prix,monaco,2023-05-28,hamilton,mercedes,5,4,4,13.0,78,Finished
2023,6,Monaco Grand Prix,monaco,2023-05-28,russell,mercedes,8,5,5,10.0,78,Finished
2023,6,Monaco Grand Prix,monaco,2023-05-28,leclerc,ferrari,6,6,6,8.0,78,Finished
2023,6,Monaco Grand Prix,monaco,2023-05-28,gasly,alpine,7,7,7,6.0,78,Finished
2023,6,Monaco Grand Prix,monaco,2023-05-28,sainz,ferrari,4,8,8,4.0,78,Finished
2023,6,Monaco Grand Prix,monaco,2023-05-28,norris,mclaren,10,9,9,2.0,77,Lapped
2023,6,Monaco Grand Prix,monaco,2023-05-28,piastri,mclaren,11,10,10,1.0,77,Lapped
2023,6,Monaco Grand Prix,monaco,2023-05-28,bottas,alfa,15,11,11,0.0,77,Lapped
2023,6,Monaco Grand Prix,monaco,2023-05-28,de_vries,alphatauri,12,12,12,0.0,77,Lapped
2023,6,Monaco Grand Prix,monaco,2023-05-28,zhou,alfa,19,13,13,0.0,77,Lapped
2023,6,Monaco Grand Prix,monaco,2023-05-28,albon,williams,13,14,14,0.0,77,Lapped
2023,6,Monaco Grand Prix,monaco,2023-05-28,tsunoda,alphatauri,9,15,15,0.0,76,Lapped
2023,6,Monaco Grand Prix,monaco,2023-05-28,perez,red_bull,20,16,16,0.0,76,Lapped
2023,6,Monaco Grand Prix,monaco,2023-05-28,hulkenberg,haas,18,17,17,0.0,76,Lapped
2023,6,Monaco Grand Prix,monaco,2023-05-28,sargeant,williams,16,18,18,0.0,76,Lapped
2023,6,Monaco Grand Prix,monaco,2023-05-28,kevin_magnussen,haas,17,19,19,0.0,70,Retired
2023,6,Monaco Grand Prix,monaco,2023-05-28,stroll,aston_martin,14,20,R,0.0,53,Retired
2023,7,Spanish Grand Prix,catalunya,2023-06-04,max_verstappen,red_bull,1,1,1,26.0,66,Finished
2023,7,Spanish Grand Prix,catalunya,2023-06-04,hamilton,mercedes,4,2,2,18.0,66,Finished
2023,7,Spanish Grand Prix,catalunya,2023-06-04,russell,mercedes,12,3,3,15.0,66,Finished
2023,7,Spanish Grand Prix,catalunya,2023-06-04,perez,red_bull,11,4,4,12.0,66,Finished
2023,7,Spanish Grand Prix,catalunya,2023-06-04,sainz,ferrari,2,5,5,10.0,66,Finished
2023,7,Spanish Grand Prix,catalunya,2023-06-04,stroll,aston_martin,5,6,6,8.0,66,Finished
2023,7,Spanish Grand Prix,catalunya,2023-06-04,alonso,aston_martin,8,7,7,6.0,66,Finished
2023,7,Spanish Grand Prix,catalunya,2023-06-04,ocon,alpine,6,8,8,4.0,66,Finished
2023,7,Spanish Grand Prix,catalunya,2023-06-04,zhou,alfa,13,9,9,2.0,66,Finished
2023,7,Spanish Grand Prix,catalunya,2023-06-04,gasly,alpine,10,10,10,1.0,66,Finished
2023,7,Spanish Grand Prix,catalunya,2023-06-04,leclerc,ferrari,19,11,11,0.0,66,Finished
2023,7,Spanish Grand Prix,catalunya,2023-06-04,tsunoda,alphatauri,15,12,12,0.0,66,Finished
2023,7,Spanish Grand Prix,catalunya,2023-06-04,piastri,mclaren,9,13,13,0.0,65,Lapped
2023,7,Spanish Grand Prix,catalunya,2023-06-04,de_vries,alphatauri,14,14,14,0.0,65,Lapped
2023,7,Spanish Grand Prix,catalunya,2023-06-04,hulkenberg,haas,7,15,15,0.0,65,Lapped
2023,7,Spanish Grand Prix,catalunya,2023-06-04,albon,williams,18,16,16,0.0,65,Lapped
2023,7,Spanish Grand Prix,catalunya,2023-06-04,norris,mclaren,3,17,17,0.0,65,Lapped
2023,7,Spanish Grand Prix,catalunya,2023-06-04,kevin_magnussen,haas,17,18,18,0.0,65,Lapped
2023,7,Spanish Grand Prix,catalunya,2023-06-04,bottas,alfa,16,19,19,0.0,65,Lapped
2023,7,Spanish Grand Prix,catalunya,2023-06-04,sargeant,williams,20,20,20,0.0,65,Lapped
2023,8,Canadian Grand Prix,villeneuve,2023-06-18,max_verstappen,red_bull,1,1,1,25.0,70,Finished
2023,8,Canadian Grand Prix,villeneuve,2023-06-18,alonso,aston_martin,2,2,2,18.0,70,Finished
2023,8,Canadian Grand Prix,villeneuve,2023-06-18,hamilton,mercedes,3,3,3,15.0,70,Finished
2023,8,Canadian Grand Prix,villeneuve,2023-06-18,leclerc,ferrari,10,4,4,12.0,70,Finished
2023,8,Canadian Grand Prix,villeneuve,2023-06-18,sainz,ferrari,11,5,5,10.0,70,Finished
2023,8,Canadian Grand Prix,villeneuve,2023-06-18,perez,red_bull,12,6,6,9.0,70,Finished
2023,8,Canadian Grand Prix,villeneuve,2023-06-18,albon,williams,9,7,7,6.0,70,Finished
2023,8,Canadian Grand Prix,villeneuve,2023-06-18,ocon,alpine,6,8,8,4.0,70,Finished
2023,8,Canadian Grand Prix,villeneuve,2023-06-18,stroll,aston_martin,16,9,9,2.0,70,Finished
2023,8,Canadian Grand Prix,villeneuve,2023-06-18,bottas,alfa,14,10,10,1.0,70,Finished
2023,8,Canadian Grand Prix,villeneuve,2023-06-18,piastri,mclaren,8,11,11,0.0,70,Finished
2023,8,Canadian Grand Prix,villeneuve,2023-06-18,gasly,alpine,15,12,12,0.0,70,Finished
2023,8,Canadian Grand Prix,villeneuve,2023-06-18,norris,mclaren,7,13,13,0.0,70,Finished
2023,8,Canadian Grand Prix,villeneuve,2023-06-18,tsunoda,alphatauri,19,14,14,0.0,70,Finished
2023,8,Canadian Grand Prix,villeneuve,2023-06-18,hulkenberg,haas,5,15,15,0.0,69,Lapped
2023,8,Canadian Grand Prix,villeneuve,2023-06-18,zhou,alfa,20,16,16,0.0,69,Lapped
2023,8,Canadian Grand Prix,villeneuve,2023-06-18,kevin_magnussen,haas,13,17,17,0.0,69,Lapped
2023,8,Canadian Grand Prix,villeneuve,2023-06-18,de_vries,alphatauri,17,18,18,0.0,69,Lapped
2023,8,Canadian Grand Prix,villeneuve,2023-06-18,russell,mercedes,4,19,R,0.0,53,Retired
2023,8,Canadian Grand Prix,villeneuve,2023-06-18,sargeant,williams,18,20,R,0.0,6,Retired
2023,9,Austrian Grand Prix,red_bull_ring,2023-07-02,max_verstappen,red_bull,1,1,1,26.0,71,Finished
2023,9,Austrian Grand Prix,red_bull_ring,2023-07-02,leclerc,ferrari,2,2,2,18.0,71,Finished
2023,9,Austrian Grand Prix,red_bull_ring,2023-07-02,perez,red_bull,15,3,3,15.0,71,Finished
2023,9,Austrian Grand Prix,red_bull_ring,2023-07-02,norris,mclaren,4,4,4,12.0,71,Finished
2023,9,Austrian Grand Prix,red_bull_ring,2023-07-02,alonso,aston_martin,7,5,5,10.0,71,Finished
2023,9,Austrian Grand Prix,red_bull_ring,2023-07-02,sainz,ferrari,3,6,6,8.0,71,Finished
2023,9,Austrian Grand Prix,red_bull_ring,2023-07-02,russell,mercedes,11,7,7,6.0,71,Finished
2023,9,Austrian Grand Prix,red_bull_ring,2023-07-02,hamilton,mercedes,5,8,8,4.0,71,Finished
2023,9,Austrian Grand Prix,red_bull_ring,2023-07-02,stroll,aston_martin,6,9,9,2.0,71,Finished
2023,9,Austrian Grand Prix,red_bull_ring,2023-07-02,gasly,alpine,9,10,10,1.0,71,Finished
2023,9,Austrian Grand Prix,red_bull_ring,2023-07-02,albon,williams,10,11,11,0.0,71,Finished
2023,9,Austrian Grand Prix,red_bull_ring,2023-07-02,zhou,alfa,17,12,12,0.0,70,Lapped
2023,9,Austrian Grand Prix,red_bull_ring,2023-07-02,sargeant,williams,18,13,13,0.0,70,Lapped
2023,9,Austrian Grand Prix,red_bull_ring,2023-07-02,ocon,alpine,12,14,14,0.0,70,Lapped
2023,9,Austrian Grand Prix,red_bull_ring,2023-07-02,bottas,alfa,14,15,15,0.0,70,Lapped
2023,9,Austrian Grand Prix,red_bull_ring,2023-07-02,piastri,mclaren,13,16,16,0.0,70,Lapped
2023,9,Austrian Grand Prix,red_bull_ring,2023-07-02,de_vries,alphatauri,20,17,17,0.0,70,Lapped
2023,9,Austrian Grand Prix,red_bull_ring,2023-07-02,kevin_magnussen,haas,19,18,18,0.0,70,Lapped
2023,9,Austrian Grand Prix,red_bull_ring,2023-07-02,tsunoda,alphatauri,16,19,19,0.0,70,Lapped
2023,9,Austrian Grand Prix,red_bull_ring,2023-07-02,hulkenberg,haas,8,20,R,0.0,12,Retired
2023,10,British Grand Prix,silverstone,2023-07-09,max_verstappen,red_bull,1,1,1,26.0,52,Finished
2023,10,British Grand Prix,silverstone,2023-07-09,norris,mclaren,2,2,2,18.0,52,Finished
2023,10,British Grand Prix,silverstone,2023-07-09,hamilton,mercedes,7,3,3,15.0,52,Finished
2023,10,British Grand Prix,silverstone,2023-07-09,piastri,mclaren,3,4,4,12.0,52,Finished
2023,10,British Grand Prix,silverstone,2023-07-09,russell,mercedes,6,5,5,10.0,52,Finished
2023,10,British Grand Prix,silverstone,2023-07-09,perez,red_bull,15,6,6,8.0,52,Finished
2023,10,British Grand Prix,silverstone,2023-07-09,alonso,aston_martin,9,7,7,6.0,52,Finished
2023,10,British Grand Prix,silverstone,2023-07-09,albon,williams,8,8,8,4.0,52,Finished
2023,10,British Grand Prix,silverstone,2023-07-09,leclerc,ferrari,4,9,9,2.0,52,Finished
2023,10,British Grand Prix,silverstone,2023-07-09,sainz,ferrari,5,10,10,1.0,52,Finished
2023,10,British Grand Prix,silverstone,2023-07-09,sargeant,williams,14,11,11,0.0,52,Finished
2023,10,British Grand Prix,silverstone,2023-07-09,bottas,alfa,20,12,12,0.0,52,Finished
2023,10,British Grand Prix,silverstone,2023-07-09,hulkenberg,haas,11,13,13,0.0,52,Finished
2023,10,British Grand Prix,silverstone,2023-07-09,stroll,aston_martin,12,14,14,0.0,52,Finished
2023,10,British Grand Prix,silverstone,2023-07-09,zhou,alfa,17,15,15,0.0,52,Finished
2023,10,British Grand Prix,silverstone,2023-07-09,tsunoda,alphatauri,16,16,16,0.0,52,Finished
2023,10,British Grand Prix,silverstone,2023-07-09,de_vries,alphatauri,18,17,17,0.0,52,Finished
2023,10,British Grand Prix,silverstone,2023-07-09,gasly,alpine,10,18,18,0.0,46,Retired
2023,10,British Grand Prix,silverstone,2023-07-09,kevin_magnussen,haas,19,19,R,0.0,31,Retired
2023,10,British Grand Prix,silverstone,2023-07-09,ocon,alpine,13,20,R,0.0,9,Retired
2023,11,Hungarian Grand Prix,hungaroring,2023-07-23,max_verstappen,red_bull,2,1,1,26.0,70,Finished
2023,11,Hungarian Grand Prix,hungaroring,2023-07-23,norris,mclaren,3,2,2,18.0,70,Finished
2023,11,Hungarian Grand Prix,hungaroring,2023-07-23,perez,red_bull,9,3,3,15.0,70,Finished
2023,11,Hungarian Grand Prix,hungaroring,2023-07-23,hamilton,mercedes,1,4,4,12.0,70,Finished
2023,11,Hungarian Grand Prix,hungaroring,2023-07-23,piastri,mclaren,4,5,5,10.0,70,Finished
2023,11,Hungarian Grand Prix,hungaroring,2023-07-23,russell,mercedes,18,6,6,8.0,70,Finished
2023,11,Hungarian Grand Prix,hungaroring,2023-07-23,leclerc,ferrari,6,7,7,6.0,70,Finished
2023,11,Hungarian Grand Prix,hungaroring,2023-07-23,sainz,ferrari,11,8,8,4.0,70,Finished
2023,11,Hungarian Grand Prix,hungaroring,2023-07-23,alonso,aston_martin,8,9,9,2.0,70,Finished
2023,11,Hungarian Grand Prix,hungaroring,2023-07-23,stroll,aston_martin,14,10,10,1.0,69,Lapped
2023,11,Hungarian Grand Prix,hungaroring,2023-07-23,albon,williams,16,11,11,0.0,69,Lapped
2023,11,Hungarian Grand Prix,hungaroring,2023-07-23,bottas,alfa,7,12,12,0.0,69,Lapped
2023,11,Hungarian Grand Prix,hungaroring,2023-07-23,ricciardo,alphatauri,13,13,13,0.0,69,Lapped
2023,11,Hungarian Grand Prix,hungaroring,2023-07-23,hulkenberg,haas,10,14,14,0.0,69,Lapped
2023,11,Hungarian Grand Prix,hungaroring,2023-07-23,tsunoda,alphatauri,17,15,15,0.0,69,Lapped
2023,11,Hungarian Grand Prix,hungaroring,2023-07-23,zhou,alfa,5,16,16,0.0,69,Lapped
2023,11,Hungarian Grand Prix,hungaroring,2023-07-23,kevin_magnussen,haas,19,17,17,0.0,69,Lapped
2023,11,Hungarian Grand Prix,hungaroring,2023-07-23,sargeant,williams,20,18,18,0.0,67,Retired
2023,11,Hungarian Grand Prix,hungaroring,2023-07-23,ocon,alpine,12,19,R,0.0,2,Retired
2023,11,Hungarian Grand Prix,hungaroring,2023-07-23,gasly,alpine,15,20,R,0.0,1,Retired
2023,12,Belgian Grand Prix,spa,2023-07-30,max_verstappen,red_bull,6,1,1,25.0,44,Finished
2023,12,Belgian Grand Prix,spa,2023-07-30,perez,red_bull,2,2,2,18.0,44,Finished
2023,12,Belgian Grand Prix,spa,2023-07-30,leclerc,ferrari,1,3,3,15.0,44,Finished
2023,12,Belgian Grand Prix,spa,2023-07-30,hamilton,mercedes,3,4,4,13.0,44,Finished
2023,12,Belgian Grand Prix,spa,2023-07-30,alonso,aston_martin,9,5,5,10.0,44,Finished
2023,12,Belgian Grand Prix,spa,2023-07-30,russell,mercedes,8,6,6,8.0,44,Finished
2023,12,Belgian Grand Prix,spa,2023-07-30,norris,mclaren,7,7,7,6.0,44,Finished
2023,12,Belgian Grand Prix,spa,2023-07-30,ocon,alpine,14,8,8,4.0,44,Finished
2023,12,Belgian Grand Prix,spa,2023-07-30,stroll,aston_martin,10,9,9,2.0,44,Finished
2023,12,Belgian Grand Prix,spa,2023-07-30,tsunoda,alphatauri,11,10,10,1.0,44,Finished
2023,12,Belgian Grand Prix,spa,2023-07-30,gasly,alpine,12,11,11,0.0,44,Finished
2023,12,Belgian Grand Prix,spa,2023-07-30,bottas,alfa,13,12,12,0.0,44,Finished
2023,12,Belgian Grand Prix,spa,2023-07-30,zhou,alfa,17,13,13,0.0,44,Finished
2023,12,Belgian Grand Prix,spa,2023-07-30,albon,williams,15,14,14,0.0,44,Finished
2023,12,Belgian Grand Prix,spa,2023-07-30,kevin_magnussen,haas,16,15,15,0.0,44,Finished
2023,12,Belgian Grand Prix,spa,2023-07-30,ricciardo,alphatauri,19,16,16,0.0,44,Finished
2023,12,Belgian Grand Prix,spa,2023-07-30,sargeant,williams,18,17,17,0.0,44,Finished
2023,12,Belgian Grand Prix,spa,2023-07-30,hulkenberg,haas,20,18,18,0.0,44,Finished
2023,12,Belgian Grand Prix,spa,2023-07-30,sainz,ferrari,4,19,R,0.0,23,Retired
2023,12,Belgian Grand Prix,spa,2023-07-30,piastri,mclaren,5,20,R,0.0,0,Retired
2023,13,Dutch Grand Prix,zandvoort,2023-08-27,max_verstappen,red_bull,1,1,1,25.0,72,Finished
2023,13,Dutch Grand Prix,zandvoort,2023-08-27,alonso,aston_martin,5,2,2,19.0,72,Finished
2023,13,Dutch Grand Prix,zandvoort,2023-08-27,gasly,alpine,12,3,3,15.0,72,Finished
2023,13,Dutch Grand Prix,zandvoort,2023-08-27,perez,red_bull,7,4,4,12.0,72,Finished
2023,13,Dutch Grand Prix,zandvoort,2023-08-27,sainz,ferrari,6,5,5,10.0,72,Finished
2023,13,Dutch Grand Prix,zandvoort,2023-08-27,hamilton,mercedes,13,6,6,8.0,72,Finished
2023,13,Dutch Grand Prix,zandvoort,2023-08-27,norris,mclaren,2,7,7,6.0,72,Finished
2023,13,Dutch Grand Prix,zandvoort,2023-08-27,albon,williams,4,8,8,4.0,72,Finished
2023,13,Dutch Grand Prix,zandvoort,2023-08-27,piastri,mclaren,8,9,9,2.0,72,Finished
2023,13,Dutch Grand Prix,zandvoort,2023-08-27,ocon,alpine,16,10,10,1.0,72,Finished
2023,13,Dutch Grand Prix,zandvoort,2023-08-27,stroll,aston_martin,11,11,11,0.0,72,Finished
2023,13,Dutch Grand Prix,zandvoort,2023-08-27,hulkenberg,haas,14,12,12,0.0,72,Finished
2023,13,Dutch Grand Prix,zandvoort,2023-08-27,lawson,alphatauri,19,13,13,0.0,72,Finished
2023,13,Dutch Grand Prix,zandvoort,2023-08-27,bottas,alfa,18,14,14,0.0,72,Finished
2023,13,Dutch Grand Prix,zandvoort,2023-08-27,tsunoda,alphatauri,17,15,15,0.0,72,Finished
2023,13,Dutch Grand Prix,zandvoort,2023-08-27,kevin_magnussen,haas,0,16,16,0.0,72,Finished
2023,13,Dutch Grand Prix,zandvoort,2023-08-27,russell,mercedes,3,17,17,0.0,72,Finished
2023,13,Dutch Grand Prix,zandvoort,2023-08-27,zhou,alfa,15,18,R,0.0,62,Accident
2023,13,Dutch Grand Prix,zandvoort,2023-08-27,leclerc,ferrari,9,19,R,0.0,41,Undertray
2023,13,Dutch Grand Prix,zandvoort,2023-08-27,sargeant,williams,10,20,R,0.0,14,Accident
2023,14,Italian Grand Prix,monza,2023-09-03,max_verstappen,red_bull,2,1,1,25.0,51,Finished
2023,14,Italian Grand Prix,monza,2023-09-03,perez,red_bull,5,2,2,18.0,51,Finished
2023,14,Italian Grand Prix,monza,2023-09-03,sainz,ferrari,1,3,3,15.0,51,Finished
2023,14,Italian Grand Prix,monza,2023-09-03,leclerc,ferrari,3,4,4,12.0,51,Finished
2023,14,Italian Grand Prix,monza,2023-09-03,russell,mercedes,4,5,5,10.0,51,Finished
2023,14,Italian Grand Prix,monza,2023-09-03,hamilton,mercedes,8,6,6,8.0,51,Finished
2023,14,Italian Grand Prix,monza,2023-09-03,albon,williams,6,7,7,6.0,51,Finished
2023,14,Italian Grand Prix,monza,2023-09-03,norris,mclaren,9,8,8,4.0,51,Finished
2023,14,Italian Grand Prix,monza,2023-09-03,alonso,aston_martin,10,9,9,2.0,51,Finished
2023,14,Italian Grand Prix,monza,2023-09-03,bottas,alfa,14,10,10,1.0,51,Finished
2023,14,Italian Grand Prix,monza,2023-09-03,lawson,alphatauri,12,11,11,0.0,51,Finished
2023,14,Italian Grand Prix,monza,2023-09-03,piastri,mclaren,7,12,12,0.0,51,Finished
2023,14,Italian Grand Prix,monza,2023-09-03,sargeant,williams,15,13,13,0.0,51,Finished
2023,14,Italian Grand Prix,monza,2023-09-03,zhou,alfa,16,14,14,0.0,51,Finished
2023,14,Italian Grand Prix,monza,2023-09-03,gasly,alpine,17,15,15,0.0,51,Finished
2023,14,Italian Grand Prix,monza,2023-09-03,stroll,aston_martin,20,16,16,0.0,51,Finished
2023,14,Italian Grand Prix,monza,2023-09-03,hulkenberg,haas,13,17,17,0.0,50,Lapped
2023,14,Italian Grand Prix,monza,2023-09-03,kevin_magnussen,haas,19,18,18,0.0,50,Lapped
2023,14,Italian Grand Prix,monza,2023-09-03,ocon,alpine,18,19,R,0.0,39,Retired
2023,14,Italian Grand Prix,monza,2023-09-03,tsunoda,alphatauri,11,20,W,0.0,0,Did not start
2023,15,Singapore Grand Prix,marina_bay,2023-09-17,sainz,ferrari,1,1,1,25.0,62,Finished
2023,15,Singapore Grand Prix,marina_bay,2023-09-17,norris,mclaren,4,2,2,18.0,62,Finished
2023,15,Singapore Grand Prix,marina_bay,2023-09-17,hamilton,mercedes,5,3,3,16.0,62,Finished
2023,15,Singapore Grand Prix,marina_bay,2023-09-17,leclerc,ferrari,3,4,4,12.0,62,Finished
2023,15,Singapore Grand Prix,marina_bay,2023-09-17,max_verstappen,red_bull,11,5,5,10.0,62,Finished
2023,15,Singapore Grand Prix,marina_bay,2023-09-17,gasly,alpine,12,6,6,8.0,62,Finished
2023,15,Singapore Grand Prix,marina_bay,2023-09-17,piastri,mclaren,17,7,7,6.0,62,Finished
2023,15,Singapore Grand Prix,marina_bay,2023-09-17,perez,red_bull,13,8,8,4.0,62,Finished
2023,15,Singapore Grand Prix,marina_bay,2023-09-17,lawson,alphatauri,10,9,9,2.0,62,Finished
2023,15,Singapore Grand Prix,marina_bay,2023-09-17,kevin_magnussen,haas,6,10,10,1.0,62,Finished
2023,15,Singapore Grand Prix,marina_bay,2023-09-17,albon,williams,14,11,11,0.0,62,Finished
2023,15,Singapore Grand Prix,marina_bay,2023-09-17,zhou,alfa,19,12,12,0.0,62,Finished
2023,15,Singapore Grand Prix,marina_bay,2023-09-17,hulkenberg,haas,9,13,13,0.0,62,Finished
2023,15,Singapore Grand Prix,marina_bay,2023-09-17,sargeant,williams,18,14,14,0.0,62,Finished
2023,15,Singapore Grand Prix,marina_bay,2023-09-17,alonso,aston_martin,7,15,15,0.0,62,Finished
2023,15,Singapore Grand Prix,marina_bay,2023-09-17,russell,mercedes,2,16,16,0.0,61,Retired
2023,15,Singapore Grand Prix,marina_bay,2023-09-17,bottas,alfa,16,17,R,0.0,51,Retired
2023,15,Singapore Grand Prix,marina_bay,2023-09-17,ocon,alpine,8,18,R,0.0,42,Retired
2023,15,Singapore Grand Prix,marina_bay,2023-09-17,tsunoda,alphatauri,15,19,R,0.0,0,Retired
2023,15,Singapore Grand Prix,marina_bay,2023-09-17,stroll,aston_martin,0,20,W,0.0,0,Withdrew
2023,16,Japanese Grand Prix,suzuka,2023-09-24,max_verstappen,red_bull,1,1,1,26.0,53,Finished
2023,16,Japanese Grand Prix,suzuka,2023-09-24,norris,mclaren,3,2,2,18.0,53,Finished
2023,16,Japanese Grand Prix,suzuka,2023-09-24,piastri,mclaren,2,3,3,15.0,53,Finished
2023,16,Japanese Grand Prix,suzuka,2023-09-24,leclerc,ferrari,4,4,4,12.0,53,Finished
2023,16,Japanese Grand Prix,suzuka,2023-09-24,hamilton,mercedes,7,5,5,10.0,53,Finished
2023,16,Japanese Grand Prix,suzuka,2023-09-24,sainz,ferrari,6,6,6,8.0,53,Finished
2023,16,Japanese Grand Prix,suzuka,2023-09-24,russell,mercedes,8,7,7,6.0,53,Finished
2023,16,Japanese Grand Prix,suzuka,2023-09-24,alonso,aston_martin,10,8,8,4.0,53,Finished
2023,16,Japanese Grand Prix,suzuka,2023-09-24,ocon,alpine,14,9,9,2.0,53,Finished
2023,16,Japanese Grand Prix,suzuka,2023-09-24,gasly,alpine,12,10,10,1.0,53,Finished
2023,16,Japanese Grand Prix,suzuka,2023-09-24,lawson,alphatauri,11,11,11,0.0,52,Lapped
2023,16,Japanese Grand Prix,suzuka,2023-09-24,tsunoda,alphatauri,9,12,12,0.0,52,Lapped
2023,16,Japanese Grand Prix,suzuka,2023-09-24,zhou,alfa,19,13,13,0.0,52,Lapped
2023,16,Japanese Grand Prix,suzuka,2023-09-24,hulkenberg,haas,18,14,14,0.0,52,Lapped
2023,16,Japanese Grand Prix,suzuka,2023-09-24,kevin_magnussen,haas,15,15,15,0.0,52,Lapped
2023,16,Japanese Grand Prix,suzuka,2023-09-24,albon,williams,13,16,R,0.0,26,Retired
2023,16,Japanese Grand Prix,suzuka,2023-09-24,sargeant,williams,20,17,R,0.0,22,Retired
2023,16,Japanese Grand Prix,suzuka,2023-09-24,stroll,aston_martin,17,18,R,0.0,20,Retired
2023,16,Japanese Grand Prix,suzuka,2023-09-24,perez,red_bull,5,19,R,0.0,15,Retired
2023,16,Japanese Grand Prix,suzuka,2023-09-24,bottas,alfa,16,20,R,0.0,7,Retired
2023,17,Qatar Grand Prix,losail,2023-10-08,max_verstappen,red_bull,1,1,1,26.0,57,Finished
2023,17,Qatar Grand Prix,losail,2023-10-08,piastri,mclaren,6,2,2,18.0,57,Finished
2023,17,Qatar Grand Prix,losail,2023-10-08,norris,mclaren,10,3,3,15.0,57,Finished
2023,17,Qatar Grand Prix,losail,2023-10-08,russell,mercedes,2,4,4,12.0,57,Finished
2023,17,Qatar Grand Prix,losail,2023-10-08,leclerc,ferrari,5,5,5,10.0,57,Finished
2023,17,Qatar Grand Prix,losail,2023-10-08,alonso,aston_martin,4,6,6,8.0,57,Finished
2023,17,Qatar Grand Prix,losail,2023-10-08,ocon,alpine,8,7,7,6.0,57,Finished
2023,17,Qatar Grand Prix,losail,2023-10-08,bottas,alfa,9,8,8,4.0,57,Finished
2023,17,Qatar Grand Prix,losail,2023-10-08,zhou,alfa,19,9,9,2.0,57,Finished
2023,17,Qatar Grand Prix,losail,2023-10-08,perez,red_bull,20,10,10,1.0,57,Finished
2023,17,Qatar Grand Prix,losail,2023-10-08,stroll,aston_martin,16,11,11,0.0,57,Finished
2023,17,Qatar Grand Prix,losail,2023-10-08,gasly,alpine,7,12,12,0.0,57,Finished
2023,17,Qatar Grand Prix,losail,2023-10-08,albon,williams,13,13,13,0.0,57,Finished
2023,17,Qatar Grand Prix,losail,2023-10-08,kevin_magnussen,haas,18,14,14,0.0,56,Lapped
2023,17,Qatar Grand Prix,losail,2023-10-08,tsunoda,alphatauri,11,15,15,0.0,56,Lapped
2023,17,Qatar Grand Prix,losail,2023-10-08,hulkenberg,haas,14,16,16,0.0,56,Lapped
2023,17,Qatar Grand Prix,losail,2023-10-08,lawson,alphatauri,17,17,17,0.0,56,Lapped
2023,17,Qatar Grand Prix,losail,2023-10-08,sargeant,williams,15,18,R,0.0,40,Retired
2023,17,Qatar Grand Prix,losail,2023-10-08,hamilton,mercedes,3,19,R,0.0,0,Retired
2023,17,Qatar Grand Prix,losail,2023-10-08,sainz,ferrari,12,20,W,0.0,0,Did not start
2023,18,United States Grand Prix,americas,2023-10-22,max_verstappen,red_bull,6,1,1,25.0,56,Finished
2023,18,United States Grand Prix,americas,2023-10-22,norris,mclaren,2,2,2,18.0,56,Finished
2023,18,United States Grand Prix,americas,2023-10-22,sainz,ferrari,4,3,3,15.0,56,Finished
2023,18,United States Grand Prix,americas,2023-10-22,perez,red_bull,9,4,4,12.0,56,Finished
2023,18,United States Grand Prix,americas,2023-10-22,russell,mercedes,5,5,5,10.0,56,Finished
2023,18,United States Grand Prix,americas,2023-10-22,gasly,alpine,7,6,6,8.0,56,Finished
2023,18,United States Grand Prix,americas,2023-10-22,stroll,aston_martin,20,7,7,6.0,56,Finished
2023,18,United States Grand Prix,americas,2023-10-22,tsunoda,alphatauri,11,8,8,5.0,56,Finished
2023,18,United States Grand Prix,americas,2023-10-22,albon,williams,15,9,9,2.0,56,Finished
2023,18,United States Grand Prix,americas,2023-10-22,sargeant,williams,16,10,10,1.0,56,Finished
2023,18,United States Grand Prix,americas,2023-10-22,hulkenberg,haas,18,11,11,0.0,56,Finished
2023,18,United States Grand Prix,americas,2023-10-22,bottas,alfa,13,12,12,0.0,56,Finished
2023,18,United States Grand Prix,americas,2023-10-22,zhou,alfa,12,13,13,0.0,55,Lapped
2023,18,United States Grand Prix,americas,2023-10-22,kevin_magnussen,haas,17,14,14,0.0,55,Lapped
2023,18,United States Grand Prix,americas,2023-10-22,ricciardo,alphatauri,14,15,15,0.0,55,Lapped
2023,18,United States Grand Prix,americas,2023-10-22,alonso,aston_martin,19,16,R,0.0,49,Retired
2023,18,United States Grand Prix,americas,2023-10-22,piastri,mclaren,10,17,R,0.0,10,Retired
2023,18,United States Grand Prix,americas,2023-10-22,ocon,alpine,8,18,R,0.0,6,Retired
2023,18,United States Grand Prix,americas,2023-10-22,hamilton,mercedes,3,19,19,0.0,56,Disqualified
2023,18,United States Grand Prix,americas,2023-10-22,leclerc,ferrari,1,20,20,0.0,56,Disqualified
2023,19,Mexico City Grand Prix,rodriguez,2023-10-29,max_verstappen,red_bull,3,1,1,25.0,71,Finished
2023,19,Mexico City Grand Prix,rodriguez,2023-10-29,hamilton,mercedes,6,2,2,19.0,71,Finished
2023,19,Mexico City Grand Prix,rodriguez,2023-10-29,leclerc,ferrari,1,3,3,15.0,71,Finished
2023,19,Mexico City Grand Prix,rodriguez,2023-10-29,sainz,ferrari,2,4,4,12.0,71,Finished
2023,19,Mexico City Grand Prix,rodriguez,2023-10-29,norris,mclaren,17,5,5,10.0,71,Finished
2023,19,Mexico City Grand Prix,rodriguez,2023-10-29,russell,mercedes,8,6,6,8.0,71,Finished
2023,19,Mexico City Grand Prix,rodriguez,2023-10-29,ricciardo,alphatauri,4,7,7,6.0,71,Finished
2023,19,Mexico City Grand Prix,rodriguez,2023-10-29,piastri,mclaren,7,8,8,4.0,71,Finished
2023,19,Mexico City Grand Prix,rodriguez,2023-10-29,albon,williams,14,9,9,2.0,71,Finished
2023,19,Mexico City Grand Prix,rodriguez,2023-10-29,ocon,alpine,15,10,10,1.0,71,Finished
2023,19,Mexico City Grand Prix,rodriguez,2023-10-29,gasly,alpine,11,11,11,0.0,71,Finished
2023,19,Mexico City Grand Prix,rodriguez,2023-10-29,tsunoda,alphatauri,18,12,12,0.0,71,Finished
2023,19,Mexico City Grand Prix,rodriguez,2023-10-29,hulkenberg,haas,12,13,13,0.0,71,Finished
2023,19,Mexico City Grand Prix,rodriguez,2023-10-29,zhou,alfa,10,14,14,0.0,71,Finished
2023,19,Mexico City Grand Prix,rodriguez,2023-10-29,bottas,alfa,9,15,15,0.0,71,Finished
2023,19,Mexico City Grand Prix,rodriguez,2023-10-29,sargeant,williams,19,16,16,0.0,70,Retired
2023,19,Mexico City Grand Prix,rodriguez,2023-10-29,stroll,aston_martin,0,17,17,0.0,66,Collision damage
2023,19,Mexico City Grand Prix,rodriguez,2023-10-29,alonso,aston_martin,13,18,W,0.0,47,Withdrew
2023,19,Mexico City Grand Prix,rodriguez,2023-10-29,kevin_magnussen,haas,16,19,R,0.0,31,Accident
2023,19,Mexico City Grand Prix,rodriguez,2023-10-29,perez,red_bull,5,20,R,0.0,1,Collision damage
2023,20,São Paulo Grand Prix,interlagos,2023-11-05,max_verstappen,red_bull,1,1,1,25.0,71,Finished
2023,20,São Paulo Grand Prix,interlagos,2023-11-05,norris,mclaren,6,2,2,19.0,71,Finished
2023,20,São Paulo Grand Prix,interlagos,2023-11-05,alonso,aston_martin,4,3,3,15.0,71,Finished
2023,20,São Paulo Grand Prix,interlagos,2023-11-05,perez,red_bull,9,4,4,12.0,71,Finished
2023,20,São Paulo Grand Prix,interlagos,2023-11-05,stroll,aston_martin,3,5,5,10.0,71,Finished
2023,20,São Paulo Grand Prix,interlagos,2023-11-05,sainz,ferrari,7,6,6,8.0,71,Finished
2023,20,São Paulo Grand Prix,interlagos,2023-11-05,gasly,alpine,15,7,7,6.0,71,Finished
2023,20,São Paulo Grand Prix,interlagos,2023-11-05,hamilton,mercedes,5,8,8,4.0,71,Finished
2023,20,São Paulo Grand Prix,interlagos,2023-11-05,tsunoda,alphatauri,16,9,9,2.0,71,Finished
2023,20,São Paulo Grand Prix,interlagos,2023-11-05,ocon,alpine,14,10,10,1.0,70,Lapped
2023,20,São Paulo Grand Prix,interlagos,2023-11-05,sargeant,williams,19,11,11,0.0,70,Lapped
2023,20,São Paulo Grand Prix,interlagos,2023-11-05,hulkenberg,haas,11,12,12,0.0,70,Lapped
2023,20,São Paulo Grand Prix,interlagos,2023-11-05,ricciardo,alphatauri,17,13,13,0.0,70,Lapped
2023,20,São Paulo Grand Prix,interlagos,2023-11-05,piastri,mclaren,10,14,14,0.0,69,Lapped
2023,20,São Paulo Grand Prix,interlagos,2023-11-05,russell,mercedes,8,15,R,0.0,57,Retired
2023,20,São Paulo Grand Prix,interlagos,2023-11-05,bottas,alfa,18,16,R,0.0,39,Retired
2023,20,São Paulo Grand Prix,interlagos,2023-11-05,zhou,alfa,20,17,R,0.0,22,Retired
2023,20,São Paulo Grand Prix,interlagos,2023-11-05,kevin_magnussen,haas,12,18,R,0.0,0,Retired
2023,20,São Paulo Grand Prix,interlagos,2023-11-05,albon,williams,13,19,R,0.0,0,Retired
2023,20,São Paulo Grand Prix,interlagos,2023-11-05,leclerc,ferrari,2,20,W,0.0,0,Did not start
2023,21,Las Vegas Grand Prix,vegas,2023-11-19,max_verstappen,red_bull,2,1,1,25.0,50,Finished
2023,21,Las Vegas Grand Prix,vegas,2023-11-19,leclerc,ferrari,1,2,2,18.0,50,Finished
2023,21,Las Vegas Grand Prix,vegas,2023-11-19,perez,red_bull,11,3,3,15.0,50,Finished
2023,21,Las Vegas Grand Prix,vegas,2023-11-19,ocon,alpine,16,4,4,12.0,50,Finished
2023,21,Las Vegas Grand Prix,vegas,2023-11-19,stroll,aston_martin,19,5,5,10.0,50,Finished
2023,21,Las Vegas Grand Prix,vegas,2023-11-19,sainz,ferrari,12,6,6,8.0,50,Finished
2023,21,Las Vegas Grand Prix,vegas,2023-11-19,hamilton,mercedes,10,7,7,6.0,50,Finished
2023,21,Las Vegas Grand Prix,vegas,2023-11-19,russell,mercedes,3,8,8,4.0,50,Finished
2023,21,Las Vegas Grand Prix,vegas,2023-11-19,alonso,aston_martin,9,9,9,2.0,50,Finished
2023,21,Las Vegas Grand Prix,vegas,2023-11-19,piastri,mclaren,18,10,10,2.0,50,Finished
2023,21,Las Vegas Grand Prix,vegas,2023-11-19,gasly,alpine,4,11,11,0.0,50,Finished
2023,21,Las Vegas Grand Prix,vegas,2023-11-19,albon,williams,5,12,12,0.0,50,Finished
2023,21,Las Vegas Grand Prix,vegas,2023-11-19,kevin_magnussen,haas,8,13,13,0.0,50,Finished
2023,21,Las Vegas Grand Prix,vegas,2023-11-19,ricciardo,alphatauri,14,14,14,0.0,50,Finished
2023,21,Las Vegas Grand Prix,vegas,2023-11-19,zhou,alfa,17,15,15,0.0,50,Finished
2023,21,Las Vegas Grand Prix,vegas,2023-11-19,sargeant,williams,6,16,16,0.0,50,Finished
2023,21,Las Vegas Grand Prix,vegas,2023-11-19,bottas,alfa,7,17,17,0.0,50,Finished
2023,21,Las Vegas Grand Prix,vegas,2023-11-19,tsunoda,alphatauri,20,18,18,0.0,46,Retired
2023,21,Las Vegas Grand Prix,vegas,2023-11-19,hulkenberg,haas,13,19,19,0.0,45,Retired
2023,21,Las Vegas Grand Prix,vegas,2023-11-19,norris,mclaren,15,20,R,0.0,2,Retired
2023,22,Abu Dhabi Grand Prix,yas_marina,2023-11-26,max_verstappen,red_bull,1,1,1,26.0,58,Finished
2023,22,Abu Dhabi Grand Prix,yas_marina,2023-11-26,leclerc,ferrari,2,2,2,18.0,58,Finished
2023,22,Abu Dhabi Grand Prix,yas_marina,2023-11-26,russell,mercedes,4,3,3,15.0,58,Finished
2023,22,Abu Dhabi Grand Prix,yas_marina,2023-11-26,perez,red_bull,9,4,4,12.0,58,Finished
2023,22,Abu Dhabi Grand Prix,yas_marina,2023-11-26,norris,mclaren,5,5,5,10.0,58,Finished
2023,22,Abu Dhabi Grand Prix,yas_marina,2023-11-26,piastri,mclaren,3,6,6,8.0,58,Finished
2023,22,Abu Dhabi Grand Prix,yas_marina,2023-11-26,alonso,aston_martin,7,7,7,6.0,58,Finished
2023,22,Abu Dhabi Grand Prix,yas_marina,2023-11-26,tsunoda,alphatauri,6,8,8,4.0,58,Finished
2023,22,Abu Dhabi Grand Prix,yas_marina,2023-11-26,hamilton,mercedes,11,9,9,2.0,58,Finished
2023,22,Abu Dhabi Grand Prix,yas_marina,2023-11-26,stroll,aston_martin,13,10,10,1.0,58,Finished
2023,22,Abu Dhabi Grand Prix,yas_marina,2023-11-26,ricciardo,alphatauri,15,11,11,0.0,58,Finished
2023,22,Abu Dhabi Grand Prix,yas_marina,2023-11-26,ocon,alpine,12,12,12,0.0,58,Finished
2023,22,Abu Dhabi Grand Prix,yas_marina,2023-11-26,gasly,alpine,10,13,13,0.0,58,Finished
2023,22,Abu Dhabi Grand Prix,yas_marina,2023-11-26,albon,williams,14,14,14,0.0,58,Finished
2023,22,Abu Dhabi Grand Prix,yas_marina,2023-11-26,hulkenberg,haas,8,15,15,0.0,58,Finished
2023,22,Abu Dhabi Grand Prix,yas_marina,2023-11-26,sargeant,williams,20,16,16,0.0,58,Finished
2023,22,Abu Dhabi Grand Prix,yas_marina,2023-11-26,zhou,alfa,19,17,17,0.0,58,Finished
2023,22,Abu Dhabi Grand Prix,yas_marina,2023-11-26,sainz,ferrari,16,18,18,0.0,57,Retired
2023,22,Abu Dhabi Grand Prix,yas_marina,2023-11-26,bottas,alfa,18,19,19,0.0,57,Lapped
2023,22,Abu Dhabi Grand Prix,yas_marina,2023-11-26,kevin_magnussen,haas,17,20,20,0.0,57,Lapped
2024,1,Bahrain Grand Prix,bahrain,2024-03-02,max_verstappen,red_bull,1,1,1,26.0,57,Finished
2024,1,Bahrain Grand Prix,bahrain,2024-03-02,perez,red_bull,5,2,2,18.0,57,Finished
2024,1,Bahrain Grand Prix,bahrain,2024-03-02,sainz,ferrari,4,3,3,15.0,57,Finished
2024,1,Bahrain Grand Prix,bahrain,2024-03-02,leclerc,ferrari,2,4,4,12.0,57,Finished
2024,1,Bahrain Grand Prix,bahrain,2024-03-02,russell,mercedes,3,5,5,10.0,57,Finished
2024,1,Bahrain Grand Prix,bahrain,2024-03-02,norris,mclaren,7,6,6,8.0,57,Finished
2024,1,Bahrain Grand Prix,bahrain,2024-03-02,hamilton,mercedes,9,7,7,6.0,57,Finished
2024,1,Bahrain Grand Prix,bahrain,2024-03-02,piastri,mclaren,8,8,8,4.0,57,Finished
2024,1,Bahrain Grand Prix,bahrain,2024-03-02,alonso,aston_martin,6,9,9,2.0,57,Finished
2024,1,Bahrain Grand Prix,bahrain,2024-03-02,stroll,aston_martin,12,10,10,1.0,57,Finished
2024,1,Bahrain Grand Prix,bahrain,2024-03-02,zhou,sauber,17,11,11,0.0,56,Lapped
2024,1,Bahrain Grand Prix,bahrain,2024-03-02,kevin_magnussen,haas,15,12,12,0.0,56,Lapped
2024,1,Bahrain Grand Prix,bahrain,2024-03-02,ricciardo,rb,14,13,13,0.0,56,Lapped
2024,1,Bahrain Grand Prix,bahrain,2024-03-02,tsunoda,rb,11,14,14,0.0,56,Lapped
2024,1,Bahrain Grand Prix,bahrain,2024-03-02,albon,williams,13,15,15,0.0,56,Lapped
2024,1,Bahrain Grand Prix,bahrain,2024-03-02,hulkenberg,haas,10,16,16,0.0,56,Lapped
2024,1,Bahrain Grand Prix,bahrain,2024-03-02,ocon,alpine,19,17,17,0.0,56,Lapped
2024,1,Bahrain Grand Prix,bahrain,2024-03-02,gasly,alpine,20,18,18,0.0,56,Lapped
2024,1,Bahrain Grand Prix,bahrain,2024-03-02,bottas,sauber,16,19,19,0.0,56,Lapped
2024,1,Bahrain Grand Prix,bahrain,2024-03-02,sargeant,williams,18,20,20,0.0,55,Lapped
2024,2,Saudi Arabian Grand Prix,jeddah,2024-03-09,max_verstappen,red_bull,1,1,1,25.0,50,Finished
2024,2,Saudi Arabian Grand Prix,jeddah,2024-03-09,perez,red_bull,3,2,2,18.0,50,Finished
2024,2,Saudi Arabian Grand Prix,jeddah,2024-03-09,leclerc,ferrari,2,3,3,16.0,50,Finished
2024,2,Saudi Arabian Grand Prix,jeddah,2024-03-09,piastri,mclaren,5,4,4,12.0,50,Finished
2024,2,Saudi Arabian Grand Prix,jeddah,2024-03-09,alonso,aston_martin,4,5,5,10.0,50,Finished
2024,2,Saudi Arabian Grand Prix,jeddah,2024-03-09,russell,mercedes,7,6,6,8.0,50,Finished
2024,2,Saudi Arabian Grand Prix,jeddah,2024-03-09,bearman,ferrari,11,7,7,6.0,50,Finished
2024,2,Saudi Arabian Grand Prix,jeddah,2024-03-09,norris,mclaren,6,8,8,4.0,50,Finished
2024,2,Saudi Arabian Grand Prix,jeddah,2024-03-09,hamilton,mercedes,8,9,9,2.0,50,Finished
2024,2,Saudi Arabian Grand Prix,jeddah,2024-03-09,hulkenberg,haas,15,10,10,1.0,50,Finished
2024,2,Saudi Arabian Grand Prix,jeddah,2024-03-09,albon,williams,12,11,11,0.0,50,Finished
2024,2,Saudi Arabian Grand Prix,jeddah,2024-03-09,kevin_magnussen,haas,13,12,12,0.0,50,Finished
2024,2,Saudi Arabian Grand Prix,jeddah,2024-03-09,ocon,alpine,17,13,13,0.0,49,Lapped
2024,2,Saudi Arabian Grand Prix,jeddah,2024-03-09,sargeant,williams,19,14,14,0.0,49,Lapped
2024,2,Saudi Arabian Grand Prix,jeddah,2024-03-09,tsunoda,rb,9,15,15,0.0,49,Lapped
2024,2,Saudi Arabian Grand Prix,jeddah,2024-03-09,ricciardo,rb,14,16,16,0.0,49,Lapped
2024,2,Saudi Arabian Grand Prix,jeddah,2024-03-09,bottas,sauber,16,17,17,0.0,49,Lapped
2024,2,Saudi Arabian Grand Prix,jeddah,2024-03-09,zhou,sauber,20,18,18,0.0,49,Lapped
2024,2,Saudi Arabian Grand Prix,jeddah,2024-03-09,stroll,aston_martin,10,19,R,0.0,5,Retired
2024,2,Saudi Arabian Grand Prix,jeddah,2024-03-09,gasly,alpine,18,20,R,0.0,1,Retired
2024,3,Australian Grand Prix,albert_park,2024-03-24,sainz,ferrari,2,1,1,25.0,58,Finished
2024,3,Australian Grand Prix,albert_park,2024-03-24,leclerc,ferrari,4,2,2,19.0,58,Finished
2024,3,Australian Grand Prix,albert_park,2024-03-24,norris,mclaren,3,3,3,15.0,58,Finished
2024,3,Australian Grand Prix,albert_park,2024-03-24,piastri,mclaren,5,4,4,12.0,58,Finished
2024,3,Australian Grand Prix,albert_park,2024-03-24,perez,red_bull,6,5,5,10.0,58,Finished
2024,3,Australian Grand Prix,albert_park,2024-03-24,stroll,aston_martin,9,6,6,8.0,58,Finished
2024,3,Australian Grand Prix,albert_park,2024-03-24,tsunoda,rb,8,7,7,6.0,58,Finished
2024,3,Australian Grand Prix,albert_park,2024-03-24,alonso,aston_martin,10,8,8,4.0,58,Finished
2024,3,Australian Grand Prix,albert_park,2024-03-24,hulkenberg,haas,16,9,9,2.0,58,Finished
2024,3,Australian Grand Prix,albert_park,2024-03-24,kevin_magnussen,haas,14,10,10,1.0,57,Lapped
2024,3,Australian Grand Prix,albert_park,2024-03-24,albon,williams,12,11,11,0.0,57,Lapped
2024,3,Australian Grand Prix,albert_park,2024-03-24,ricciardo,rb,18,12,12,0.0,57,Lapped
2024,3,Australian Grand Prix,albert_park,2024-03-24,gasly,alpine,17,13,13,0.0,57,Lapped
2024,3,Australian Grand Prix,albert_park,2024-03-24,bottas,sauber,13,14,14,0.0,57,Lapped
2024,3,Australian Grand Prix,albert_park,2024-03-24,zhou,sauber,19,15,15,0.0,57,Lapped
2024,3,Australian Grand Prix,albert_park,2024-03-24,ocon,alpine,15,16,16,0.0,57,Lapped
2024,3,Australian Grand Prix,albert_park,2024-03-24,russell,mercedes,7,17,17,0.0,56,Retired
2024,3,Australian Grand Prix,albert_park,2024-03-24,hamilton,mercedes,11,18,R,0.0,15,Retired
2024,3,Australian Grand Prix,albert_park,2024-03-24,max_verstappen,red_bull,1,19,R,0.0,3,Retired
2024,4,Japanese Grand Prix,suzuka,2024-04-07,max_verstappen,red_bull,1,1,1,26.0,53,Finished
2024,4,Japanese Grand Prix,suzuka,2024-04-07,perez,red_bull,2,2,2,18.0,53,Finished
2024,4,Japanese Grand Prix,suzuka,2024-04-07,sainz,ferrari,4,3,3,15.0,53,Finished
2024,4,Japanese Grand Prix,suzuka,2024-04-07,leclerc,ferrari,8,4,4,12.0,53,Finished
2024,4,Japanese Grand Prix,suzuka,2024-04-07,norris,mclaren,3,5,5,10.0,53,Finished
2024,4,Japanese Grand Prix,suzuka,2024-04-07,alonso,aston_martin,5,6,6,8.0,53,Finished
2024,4,Japanese Grand Prix,suzuka,2024-04-07,russell,mercedes,9,7,7,6.0,53,Finished
2024,4,Japanese Grand Prix,suzuka,2024-04-07,piastri,mclaren,6,8,8,4.0,53,Finished
2024,4,Japanese Grand Prix,suzuka,2024-04-07,hamilton,mercedes,7,9,9,2.0,53,Finished
2024,4,Japanese Grand Prix,suzuka,2024-04-07,tsunoda,rb,10,10,10,1.0,52,Lapped
2024,4,Japanese Grand Prix,suzuka,2024-04-07,hulkenberg,haas,12,11,11,0.0,52,Lapped
2024,4,Japanese Grand Prix,suzuka,2024-04-07,stroll,aston_martin,16,12,12,0.0,52,Lapped
2024,4,Japanese Grand Prix,suzuka,2024-04-07,kevin_magnussen,haas,18,13,13,0.0,52,Lapped
2024,4,Japanese Grand Prix,suzuka,2024-04-07,bottas,sauber,13,14,14,0.0,52,Lapped
2024,4,Japanese Grand Prix,suzuka,2024-04-07,ocon,alpine,15,15,15,0.0,52,Lapped
2024,4,Japanese Grand Prix,suzuka,2024-04-07,gasly,alpine,17,16,16,0.0,52,Lapped
2024,4,Japanese Grand Prix,suzuka,2024-04-07,sargeant,williams,19,17,17,0.0,52,Lapped
2024,4,Japanese Grand Prix,suzuka,2024-04-07,zhou,sauber,20,18,R,0.0,12,Retired
2024,4,Japanese Grand Prix,suzuka,2024-04-07,ricciardo,rb,11,19,R,0.0,0,Retired
2024,4,Japanese Grand Prix,suzuka,2024-04-07,albon,williams,14,20,R,0.0,0,Retired
2024,5,Chinese Grand Prix,shanghai,2024-04-21,max_verstappen,red_bull,1,1,1,25.0,56,Finished
2024,5,Chinese Grand Prix,shanghai,2024-04-21,norris,mclaren,4,2,2,18.0,56,Finished
2024,5,Chinese Grand Prix,shanghai,2024-04-21,perez,red_bull,2,3,3,15.0,56,Finished
2024,5,Chinese Grand Prix,shanghai,2024-04-21,leclerc,ferrari,6,4,4,12.0,56,Finished
2024,5,Chinese Grand Prix,shanghai,2024-04-21,sainz,ferrari,7,5,5,10.0,56,Finished
2024,5,Chinese Grand Prix,shanghai,2024-04-21,russell,mercedes,8,6,6,8.0,56,Finished
2024,5,Chinese Grand Prix,shanghai,2024-04-21,alonso,aston_martin,3,7,7,7.0,56,Finished
2024,5,Chinese Grand Prix,shanghai,2024-04-21,piastri,mclaren,5,8,8,4.0,56,Finished
2024,5,Chinese Grand Prix,shanghai,2024-04-21,hamilton,mercedes,18,9,9,2.0,56,Finished
2024,5,Chinese Grand Prix,shanghai,2024-04-21,hulkenberg,haas,9,10,10,1.0,56,Finished
2024,5,Chinese Grand Prix,shanghai,2024-04-21,ocon,alpine,13,11,11,0.0,56,Finished
2024,5,Chinese Grand Prix,shanghai,2024-04-21,albon,williams,14,12,12,0.0,56,Finished
2024,5,Chinese Grand Prix,shanghai,2024-04-21,gasly,alpine,15,13,13,0.0,56,Finished
2024,5,Chinese Grand Prix,shanghai,2024-04-21,zhou,sauber,16,14,14,0.0,56,Finished
2024,5,Chinese Grand Prix,shanghai,2024-04-21,stroll,aston_martin,11,15,15,0.0,56,Finished
2024,5,Chinese Grand Prix,shanghai,2024-04-21,kevin_magnussen,haas,17,16,16,0.0,56,Finished
2024,5,Chinese Grand Prix,shanghai,2024-04-21,sargeant,williams,20,17,17,0.0,56,Finished
2024,5,Chinese Grand Prix,shanghai,2024-04-21,ricciardo,rb,12,18,R,0.0,33,Retired
2024,5,Chinese Grand Prix,shanghai,2024-04-21,tsunoda,rb,19,19,R,0.0,26,Retired
2024,5,Chinese Grand Prix,shanghai,2024-04-21,bottas,sauber,10,20,R,0.0,19,Retired
2024,6,Miami Grand Prix,miami,2024-05-05,norris,mclaren,5,1,1,25.0,57,Finished
2024,6,Miami Grand Prix,miami,2024-05-05,max_verstappen,red_bull,1,2,2,18.0,57,Finished
2024,6,Miami Grand Prix,miami,2024-05-05,leclerc,ferrari,2,3,3,15.0,57,Finished
2024,6,Miami Grand Prix,miami,2024-05-05,perez,red_bull,4,4,4,12.0,57,Finished
2024,6,Miami Grand Prix,miami,2024-05-05,sainz,ferrari,3,5,5,10.0,57,Finished
2024,6,Miami Grand Prix,miami,2024-05-05,hamilton,mercedes,8,6,6,8.0,57,Finished
2024,6,Miami Grand Prix,miami,2024-05-05,tsunoda,rb,10,7,7,6.0,57,Finished
2024,6,Miami Grand Prix,miami,2024-05-05,russell,mercedes,7,8,8,4.0,57,Finished
2024,6,Miami Grand Prix,miami,2024-05-05,alonso,aston_martin,15,9,9,2.0,57,Finished
2024,6,Miami Grand Prix,miami,2024-05-05,ocon,alpine,13,10,10,1.0,57,Finished
2024,6,Miami Grand Prix,miami,2024-05-05,hulkenberg,haas,9,11,11,0.0,57,Finished
2024,6,Miami Grand Prix,miami,2024-05-05,gasly,alpine,12,12,12,0.0,57,Finished
2024,6,Miami Grand Prix,miami,2024-05-05,piastri,mclaren,6,13,13,0.0,57,Finished
2024,6,Miami Grand Prix,miami,2024-05-05,zhou,sauber,19,14,14,0.0,57,Finished
2024,6,Miami Grand Prix,miami,2024-05-05,ricciardo,rb,20,15,15,0.0,57,Finished
2024,6,Miami Grand Prix,miami,2024-05-05,bottas,sauber,16,16,16,0.0,57,Finished
2024,6,Miami Grand Prix,miami,2024-05-05,stroll,aston_martin,11,17,17,0.0,57,Finished
2024,6,Miami Grand Prix,miami,2024-05-05,albon,williams,14,18,18,0.0,57,Finished
2024,6,Miami Grand Prix,miami,2024-05-05,kevin_magnussen,haas,18,19,19,0.0,57,Finished
2024,6,Miami Grand Prix,miami,2024-05-05,sargeant,williams,17,20,R,0.0,27,Retired
2024,7,Emilia Romagna Grand Prix,imola,2024-05-19,max_verstappen,red_bull,1,1,1,25.0,63,Finished
2024,7,Emilia Romagna Grand Prix,imola,2024-05-19,norris,mclaren,2,2,2,18.0,63,Finished
2024,7,Emilia Romagna Grand Prix,imola,2024-05-19,leclerc,ferrari,3,3,3,15.0,63,Finished
2024,7,Emilia Romagna Grand Prix,imola,2024-05-19,piastri,mclaren,5,4,4,12.0,63,Finished
2024,7,Emilia Romagna Grand Prix,imola,2024-05-19,sainz,ferrari,4,5,5,10.0,63,Finished
2024,7,Emilia Romagna Grand Prix,imola,2024-05-19,hamilton,mercedes,8,6,6,8.0,63,Finished
2024,7,Emilia Romagna Grand Prix,imola,2024-05-19,russell,mercedes,6,7,7,7.0,63,Finished
2024,7,Emilia Romagna Grand Prix,imola,2024-05-19,perez,red_bull,11,8,8,4.0,63,Finished
2024,7,Emilia Romagna Grand Prix,imola,2024-05-19,stroll,aston_martin,13,9,9,2.0,63,Finished
2024,7,Emilia Romagna Grand Prix,imola,2024-05-19,tsunoda,rb,7,10,10,1.0,62,Lapped
2024,7,Emilia Romagna Grand Prix,imola,2024-05-19,hulkenberg,haas,10,11,11,0.0,62,Lapped
2024,7,Emilia Romagna Grand Prix,imola,2024-05-19,kevin_magnussen,haas,18,12,12,0.0,62,Lapped
2024,7,Emilia Romagna Grand Prix,imola,2024-05-19,ricciardo,rb,9,13,13,0.0,62,Lapped
2024,7,Emilia Romagna Grand Prix,imola,2024-05-19,ocon,alpine,12,14,14,0.0,62,Lapped
2024,7,Emilia Romagna Grand Prix,imola,2024-05-19,zhou,sauber,17,15,15,0.0,62,Lapped
2024,7,Emilia Romagna Grand Prix,imola,2024-05-19,gasly,alpine,15,16,16,0.0,62,Lapped
2024,7,Emilia Romagna Grand Prix,imola,2024-05-19,sargeant,williams,19,17,17,0.0,62,Lapped
2024,7,Emilia Romagna Grand Prix,imola,2024-05-19,bottas,sauber,16,18,18,0.0,62,Lapped
2024,7,Emilia Romagna Grand Prix,imola,2024-05-19,alonso,aston_martin,20,19,19,0.0,62,Lapped
2024,7,Emilia Romagna Grand Prix,imola,2024-05-19,albon,williams,14,20,R,0.0,51,Retired
2024,8,Monaco Grand Prix,monaco,2024-05-26,leclerc,ferrari,1,1,1,25.0,78,Finished
2024,8,Monaco Grand Prix,monaco,2024-05-26,piastri,mclaren,2,2,2,18.0,78,Finished
2024,8,Monaco Grand Prix,monaco,2024-05-26,sainz,ferrari,3,3,3,15.0,78,Finished
2024,8,Monaco Grand Prix,monaco,2024-05-26,norris,mclaren,4,4,4,12.0,78,Finished
2024,8,Monaco Grand Prix,monaco,2024-05-26,russell,mercedes,5,5,5,10.0,78,Finished
2024,8,Monaco Grand Prix,monaco,2024-05-26,max_verstappen,red_bull,6,6,6,8.0,78,Finished
2024,8,Monaco Grand Prix,monaco,2024-05-26,hamilton,mercedes,7,7,7,7.0,78,Finished
2024,8,Monaco Grand Prix,monaco,2024-05-26,tsunoda,rb,8,8,8,4.0,77,Lapped
2024,8,Monaco Grand Prix,monaco,2024-05-26,albon,williams,9,9,9,2.0,77,Lapped
2024,8,Monaco Grand Prix,monaco,2024-05-26,gasly,alpine,10,10,10,1.0,77,Lapped
2024,8,Monaco Grand Prix,monaco,2024-05-26,alonso,aston_martin,14,11,11,0.0,76,Lapped
2024,8,Monaco Grand Prix,monaco,2024-05-26,ricciardo,rb,12,12,12,0.0,76,Lapped
2024,8,Monaco Grand Prix,monaco,2024-05-26,bottas,sauber,17,13,13,0.0,76,Lapped
2024,8,Monaco Grand Prix,monaco,2024-05-26,stroll,aston_martin,13,14,14,0.0,76,Lapped
2024,8,Monaco Grand Prix,monaco,2024-05-26,sargeant,williams,15,15,15,0.0,76,Lapped
2024,8,Monaco Grand Prix,monaco,2024-05-26,zhou,sauber,18,16,16,0.0,76,Lapped
2024,8,Monaco Grand Prix,monaco,2024-05-26,ocon,alpine,11,17,R,0.0,0,Retired
2024,8,Monaco Grand Prix,monaco,2024-05-26,perez,red_bull,16,18,R,0.0,0,Retired
2024,8,Monaco Grand Prix,monaco,2024-05-26,hulkenberg,haas,19,19,R,0.0,0,Retired
2024,8,Monaco Grand Prix,monaco,2024-05-26,kevin_magnussen,haas,20,20,R,0.0,0,Retired
2024,9,Canadian Grand Prix,villeneuve,2024-06-09,max_verstappen,red_bull,2,1,1,25.0,70,Finished
2024,9,Canadian Grand Prix,villeneuve,2024-06-09,norris,mclaren,3,2,2,18.0,70,Finished
2024,9,Canadian Grand Prix,villeneuve,2024-06-09,russell,mercedes,1,3,3,15.0,70,Finished
2024,9,Canadian Grand Prix,villeneuve,2024-06-09,hamilton,mercedes,7,4,4,13.0,70,Finished
2024,9,Canadian Grand Prix,villeneuve,2024-06-09,piastri,mclaren,4,5,5,10.0,70,Finished
2024,9,Canadian Grand Prix,villeneuve,2024-06-09,alonso,aston_martin,6,6,6,8.0,70,Finished
2024,9,Canadian Grand Prix,villeneuve,2024-06-09,stroll,aston_martin,9,7,7,6.0,70,Finished
2024,9,Canadian Grand Prix,villeneuve,2024-06-09,ricciardo,rb,5,8,8,4.0,70,Finished
2024,9,Canadian Grand Prix,villeneuve,2024-06-09,gasly,alpine,15,9,9,2.0,70,Finished
2024,9,Canadian Grand Prix,villeneuve,2024-06-09,ocon,alpine,18,10,10,1.0,70,Finished
2024,9,Canadian Grand Prix,villeneuve,2024-06-09,hulkenberg,haas,17,11,11,0.0,70,Finished
2024,9,Canadian Grand Prix,villeneuve,2024-06-09,kevin_magnussen,haas,14,12,12,0.0,70,Finished
2024,9,Canadian Grand Prix,villeneuve,2024-06-09,bottas,sauber,19,13,13,0.0,70,Finished
2024,9,Canadian Grand Prix,villeneuve,2024-06-09,tsunoda,rb,8,14,14,0.0,70,Finished
2024,9,Canadian Grand Prix,villeneuve,2024-06-09,zhou,sauber,20,15,15,0.0,69,Lapped
2024,9,Canadian Grand Prix,villeneuve,2024-06-09,sainz,ferrari,12,16,R,0.0,52,Retired
2024,9,Canadian Grand Prix,villeneuve,2024-06-09,albon,williams,10,17,R,0.0,52,Retired
2024,9,Canadian Grand Prix,villeneuve,2024-06-09,perez,red_bull,16,18,R,0.0,51,Retired
2024,9,Canadian Grand Prix,villeneuve,2024-06-09,leclerc,ferrari,11,19,R,0.0,40,Retired
2024,9,Canadian Grand Prix,villeneuve,2024-06-09,sargeant,williams,13,20,R,0.0,23,Retired
2024,10,Spanish Grand Prix,catalunya,2024-06-23,max_verstappen,red_bull,2,1,1,25.0,66,Finished
2024,10,Spanish Grand Prix,catalunya,2024-06-23,norris,mclaren,1,2,2,19.0,66,Finished
2024,10,Spanish Grand Prix,catalunya,2024-06-23,hamilton,mercedes,3,3,3,15.0,66,Finished
2024,10,Spanish Grand Prix,catalunya,2024-06-23,russell,mercedes,4,4,4,12.0,66,Finished
2024,10,Spanish Grand Prix,catalunya,2024-06-23,leclerc,ferrari,5,5,5,10.0,66,Finished
2024,10,Spanish Grand Prix,catalunya,2024-06-23,sainz,ferrari,6,6,6,8.0,66,Finished
2024,10,Spanish Grand Prix,catalunya,2024-06-23,piastri,mclaren,9,7,7,6.0,66,Finished
2024,10,Spanish Grand Prix,catalunya,2024-06-23,perez,red_bull,11,8,8,4.0,66,Finished
2024,10,Spanish Grand Prix,catalunya,2024-06-23,gasly,alpine,7,9,9,2.0,66,Finished
2024,10,Spanish Grand Prix,catalunya,2024-06-23,ocon,alpine,8,10,10,1.0,66,Finished
2024,10,Spanish Grand Prix,catalunya,2024-06-23,hulkenberg,haas,13,11,11,0.0,66,Finished
2024,10,Spanish Grand Prix,catalunya,2024-06-23,alonso,aston_martin,10,12,12,0.0,65,Lapped
2024,10,Spanish Grand Prix,catalunya,2024-06-23,zhou,sauber,15,13,13,0.0,65,Lapped
2024,10,Spanish Grand Prix,catalunya,2024-06-23,stroll,aston_martin,14,14,14,0.0,65,Lapped
2024,10,Spanish Grand Prix,catalunya,2024-06-23,ricciardo,rb,18,15,15,0.0,65,Lapped
2024,10,Spanish Grand Prix,catalunya,2024-06-23,bottas,sauber,12,16,16,0.0,65,Lapped
2024,10,Spanish Grand Prix,catalunya,2024-06-23,kevin_magnussen,haas,16,17,17,0.0,65,Lapped
2024,10,Spanish Grand Prix,catalunya,2024-06-23,albon,williams,20,18,18,0.0,65,Lapped
2024,10,Spanish Grand Prix,catalunya,2024-06-23,tsunoda,rb,17,19,19,0.0,65,Lapped
2024,10,Spanish Grand Prix,catalunya,2024-06-23,sargeant,williams,19,20,20,0.0,64,Lapped
2024,11,Austrian Grand Prix,red_bull_ring,2024-06-30,russell,mercedes,3,1,1,25.0,71,Finished
2024,11,Austrian Grand Prix,red_bull_ring,2024-06-30,piastri,mclaren,7,2,2,18.0,71,Finished
2024,11,Austrian Grand Prix,red_bull_ring,2024-06-30,sainz,ferrari,4,3,3,15.0,71,Finished
2024,11,Austrian Grand Prix,red_bull_ring,2024-06-30,hamilton,mercedes,5,4,4,12.0,71,Finished
2024,11,Austrian Grand Prix,red_bull_ring,2024-06-30,max_verstappen,red_bull,1,5,5,10.0,71,Finished
2024,11,Austrian Grand Prix,red_bull_ring,2024-06-30,hulkenberg,haas,9,6,6,8.0,71,Finished
2024,11,Austrian Grand Prix,red_bull_ring,2024-06-30,perez,red_bull,8,7,7,6.0,71,Finished
2024,11,Austrian Grand Prix,red_bull_ring,2024-06-30,kevin_magnussen,haas,12,8,8,4.0,71,Finished
2024,11,Austrian Grand Prix,red_bull_ring,2024-06-30,ricciardo,rb,11,9,9,2.0,71,Finished
2024,11,Austrian Grand Prix,red_bull_ring,2024-06-30,gasly,alpine,13,10,10,1.0,71,Finished
2024,11,Austrian Grand Prix,red_bull_ring,2024-06-30,leclerc,ferrari,6,11,11,0.0,71,Finished
2024,11,Austrian Grand Prix,red_bull_ring,2024-06-30,ocon,alpine,10,12,12,0.0,71,Finished
2024,11,Austrian Grand Prix,red_bull_ring,2024-06-30,stroll,aston_martin,17,13,13,0.0,70,Lapped
2024,11,Austrian Grand Prix,red_bull_ring,2024-06-30,tsunoda,rb,14,14,14,0.0,70,Lapped
2024,11,Austrian Grand Prix,red_bull_ring,2024-06-30,albon,williams,16,15,15,0.0,70,Lapped
2024,11,Austrian Grand Prix,red_bull_ring,2024-06-30,bottas,sauber,18,16,16,0.0,70,Lapped
2024,11,Austrian Grand Prix,red_bull_ring,2024-06-30,zhou,sauber,20,17,17,0.0,70,Lapped
2024,11,Austrian Grand Prix,red_bull_ring,2024-06-30,alonso,aston_martin,15,18,18,0.0,70,Lapped
2024,11,Austrian Grand Prix,red_bull_ring,2024-06-30,sargeant,williams,19,19,19,0.0,69,Lapped
2024,11,Austrian Grand Prix,red_bull_ring,2024-06-30,norris,mclaren,2,20,20,0.0,64,Lapped
2024,12,British Grand Prix,silverstone,2024-07-07,hamilton,mercedes,2,1,1,25.0,52,Finished
2024,12,British Grand Prix,silverstone,2024-07-07,max_verstappen,red_bull,4,2,2,18.0,52,Finished
2024,12,British Grand Prix,silverstone,2024-07-07,norris,mclaren,3,3,3,15.0,52,Finished
2024,12,British Grand Prix,silverstone,2024-07-07,piastri,mclaren,5,4,4,12.0,52,Finished
2024,12,British Grand Prix,silverstone,2024-07-07,sainz,ferrari,7,5,5,11.0,52,Finished
2024,12,British Grand Prix,silverstone,2024-07-07,hulkenberg,haas,6,6,6,8.0,52,Finished
2024,12,British Grand Prix,silverstone,2024-07-07,stroll,aston_martin,8,7,7,6.0,52,Finished
2024,12,British Grand Prix,silverstone,2024-07-07,alonso,aston_martin,10,8,8,4.0,52,Finished
2024,12,British Grand Prix,silverstone,2024-07-07,albon,williams,9,9,9,2.0,52,Finished
2024,12,British Grand Prix,silverstone,2024-07-07,tsunoda,rb,13,10,10,1.0,52,Finished
2024,12,British Grand Prix,silverstone,2024-07-07,sargeant,williams,12,11,11,0.0,52,Finished
2024,12,British Grand Prix,silverstone,2024-07-07,kevin_magnussen,haas,17,12,12,0.0,52,Finished
2024,12,British Grand Prix,silverstone,2024-07-07,ricciardo,rb,15,13,13,0.0,51,Lapped
2024,12,British Grand Prix,silverstone,2024-07-07,leclerc,ferrari,11,14,14,0.0,51,Lapped
2024,12,British Grand Prix,silverstone,2024-07-07,bottas,sauber,16,15,15,0.0,51,Lapped
2024,12,British Grand Prix,silverstone,2024-07-07,ocon,alpine,18,16,16,0.0,50,Lapped
2024,12,British Grand Prix,silverstone,2024-07-07,perez,red_bull,20,17,17,0.0,50,Lapped
2024,12,British Grand Prix,silverstone,2024-07-07,zhou,sauber,14,18,18,0.0,50,Lapped
2024,12,British Grand Prix,silverstone,2024-07-07,russell,mercedes,1,19,R,0.0,33,Retired
2024,12,British Grand Prix,silverstone,2024-07-07,gasly,alpine,19,20,W,0.0,0,Did not start
2024,13,Hungarian Grand Prix,hungaroring,2024-07-21,piastri,mclaren,2,1,1,25.0,70,Finished
2024,13,Hungarian Grand Prix,hungaroring,2024-07-21,norris,mclaren,1,2,2,18.0,70,Finished
2024,13,Hungarian Grand Prix,hungaroring,2024-07-21,hamilton,mercedes,5,3,3,15.0,70,Finished
2024,13,Hungarian Grand Prix,hungaroring,2024-07-21,leclerc,ferrari,6,4,4,12.0,70,Finished
2024,13,Hungarian Grand Prix,hungaroring,2024-07-21,max_verstappen,red_bull,3,5,5,10.0,70,Finished
2024,13,Hungarian Grand Prix,hungaroring,2024-07-21,sainz,ferrari,4,6,6,8.0,70,Finished
2024,13,Hungarian Grand Prix,hungaroring,2024-07-21,perez,red_bull,16,7,7,6.0,70,Finished
2024,13,Hungarian Grand Prix,hungaroring,2024-07-21,russell,mercedes,17,8,8,5.0,70,Finished
2024,13,Hungarian Grand Prix,hungaroring,2024-07-21,tsunoda,rb,10,9,9,2.0,70,Finished
2024,13,Hungarian Grand Prix,hungaroring,2024-07-21,stroll,aston_martin,8,10,10,1.0,70,Finished
2024,13,Hungarian Grand Prix,hungaroring,2024-07-21,alonso,aston_martin,7,11,11,0.0,70,Finished
2024,13,Hungarian Grand Prix,hungaroring,2024-07-21,ricciardo,rb,9,12,12,0.0,69,Lapped
2024,13,Hungarian Grand Prix,hungaroring,2024-07-21,hulkenberg,haas,11,13,13,0.0,69,Lapped
2024,13,Hungarian Grand Prix,hungaroring,2024-07-21,albon,williams,13,14,14,0.0,69,Lapped
2024,13,Hungarian Grand Prix,hungaroring,2024-07-21,kevin_magnussen,haas,15,15,15,0.0,69,Lapped
2024,13,Hungarian Grand Prix,hungaroring,2024-07-21,bottas,sauber,12,16,16,0.0,69,Lapped
2024,13,Hungarian Grand Prix,hungaroring,2024-07-21,sargeant,williams,14,17,17,0.0,69,Lapped
2024,13,Hungarian Grand Prix,hungaroring,2024-07-21,ocon,alpine,19,18,18,0.0,69,Lapped
2024,13,Hungarian Grand Prix,hungaroring,2024-07-21,zhou,sauber,18,19,19,0.0,69,Lapped
2024,13,Hungarian Grand Prix,hungaroring,2024-07-21,gasly,alpine,20,20,R,0.0,33,Retired
2024,14,Belgian Grand Prix,spa,2024-07-28,hamilton,mercedes,3,1,1,25.0,44,Finished
2024,14,Belgian Grand Prix,spa,2024-07-28,piastri,mclaren,5,2,2,18.0,44,Finished
2024,14,Belgian Grand Prix,spa,2024-07-28,leclerc,ferrari,1,3,3,15.0,44,Finished
2024,14,Belgian Grand Prix,spa,2024-07-28,max_verstappen,red_bull,11,4,4,12.0,44,Finished
2024,14,Belgian Grand Prix,spa,2024-07-28,norris,mclaren,4,5,5,10.0,44,Finished
2024,14,Belgian Grand Prix,spa,2024-07-28,sainz,ferrari,7,6,6,8.0,44,Finished
2024,14,Belgian Grand Prix,spa,2024-07-28,perez,red_bull,2,7,7,7.0,44,Finished
2024,14,Belgian Grand Prix,spa,2024-07-28,alonso,aston_martin,8,8,8,4.0,44,Finished
2024,14,Belgian Grand Prix,spa,2024-07-28,ocon,alpine,9,9,9,2.0,44,Finished
2024,14,Belgian Grand Prix,spa,2024-07-28,ricciardo,rb,13,10,10,1.0,44,Finished
2024,14,Belgian Grand Prix,spa,2024-07-28,stroll,aston_martin,15,11,11,0.0,44,Finished
2024,14,Belgian Grand Prix,spa,2024-07-28,albon,williams,10,12,12,0.0,44,Finished
2024,14,Belgian Grand Prix,spa,2024-07-28,gasly,alpine,12,13,13,0.0,44,Finished
2024,14,Belgian Grand Prix,spa,2024-07-28,kevin_magnussen,haas,17,14,14,0.0,44,Finished
2024,14,Belgian Grand Prix,spa,2024-07-28,bottas,sauber,14,15,15,0.0,44,Finished
2024,14,Belgian Grand Prix,spa,2024-07-28,tsunoda,rb,20,16,16,0.0,44,Finished
2024,14,Belgian Grand Prix,spa,2024-07-28,sargeant,williams,18,17,17,0.0,44,Finished
2024,14,Belgian Grand Prix,spa,2024-07-28,hulkenberg,haas,16,18,18,0.0,44,Finished
2024,14,Belgian Grand Prix,spa,2024-07-28,zhou,sauber,19,19,R,0.0,5,Retired
2024,14,Belgian Grand Prix,spa,2024-07-28,russell,mercedes,6,20,20,0.0,44,Disqualified
2024,15,Dutch Grand Prix,zandvoort,2024-08-25,norris,mclaren,1,1,1,26.0,72,Finished
2024,15,Dutch Grand Prix,zandvoort,2024-08-25,max_verstappen,red_bull,2,2,2,18.0,72,Finished
2024,15,Dutch Grand Prix,zandvoort,2024-08-25,leclerc,ferrari,6,3,3,15.0,72,Finished
2024,15,Dutch Grand Prix,zandvoort,2024-08-25,piastri,mclaren,3,4,4,12.0,72,Finished
2024,15,Dutch Grand Prix,zandvoort,2024-08-25,sainz,ferrari,10,5,5,10.0,72,Finished
2024,15,Dutch Grand Prix,zandvoort,2024-08-25,perez,red_bull,5,6,6,8.0,72,Finished
2024,15,Dutch Grand Prix,zandvoort,2024-08-25,russell,mercedes,4,7,7,6.0,72,Finished
2024,15,Dutch Grand Prix,zandvoort,2024-08-25,hamilton,mercedes,14,8,8,4.0,72,Finished
2024,15,Dutch Grand Prix,zandvoort,2024-08-25,gasly,alpine,9,9,9,2.0,71,Lapped
2024,15,Dutch Grand Prix,zandvoort,2024-08-25,alonso,aston_martin,7,10,10,1.0,71,Lapped
2024,15,Dutch Grand Prix,zandvoort,2024-08-25,hulkenberg,haas,12,11,11,0.0,71,Lapped
2024,15,Dutch Grand Prix,zandvoort,2024-08-25,ricciardo,rb,13,12,12,0.0,71,Lapped
2024,15,Dutch Grand Prix,zandvoort,2024-08-25,stroll,aston_martin,8,13,13,0.0,71,Lapped
2024,15,Dutch Grand Prix,zandvoort,2024-08-25,albon,williams,19,14,14,0.0,71,Lapped
2024,15,Dutch Grand Prix,zandvoort,2024-08-25,ocon,alpine,15,15,15,0.0,71,Lapped
2024,15,Dutch Grand Prix,zandvoort,2024-08-25,sargeant,williams,18,16,16,0.0,71,Lapped
2024,15,Dutch Grand Prix,zandvoort,2024-08-25,tsunoda,rb,11,17,17,0.0,71,Lapped
2024,15,Dutch Grand Prix,zandvoort,2024-08-25,kevin_magnussen,haas,20,18,18,0.0,71,Lapped
2024,15,Dutch Grand Prix,zandvoort,2024-08-25,bottas,sauber,16,19,19,0.0,70,Lapped
2024,15,Dutch Grand Prix,zandvoort,2024-08-25,zhou,sauber,17,20,20,0.0,70,Lapped
2024,16,Italian Grand Prix,monza,2024-09-01,leclerc,ferrari,4,1,1,25.0,53,Finished
2024,16,Italian Grand Prix,monza,2024-09-01,piastri,mclaren,2,2,2,18.0,53,Finished
2024,16,Italian Grand Prix,monza,2024-09-01,norris,mclaren,1,3,3,16.0,53,Finished
2024,16,Italian Grand Prix,monza,2024-09-01,sainz,ferrari,5,4,4,12.0,53,Finished
2024,16,Italian Grand Prix,monza,2024-09-01,hamilton,mercedes,6,5,5,10.0,53,Finished
2024,16,Italian Grand Prix,monza,2024-09-01,max_verstappen,red_bull,7,6,6,8.0,53,Finished
2024,16,Italian Grand Prix,monza,2024-09-01,russell,mercedes,3,7,7,6.0,53,Finished
2024,16,Italian Grand Prix,monza,2024-09-01,perez,red_bull,8,8,8,4.0,53,Finished
2024,16,Italian Grand Prix,monza,2024-09-01,albon,williams,9,9,9,2.0,53,Finished
2024,16,Italian Grand Prix,monza,2024-09-01,kevin_magnussen,haas,13,10,10,1.0,53,Finished
2024,16,Italian Grand Prix,monza,2024-09-01,alonso,aston_martin,11,11,11,0.0,53,Finished
2024,16,Italian Grand Prix,monza,2024-09-01,colapinto,williams,18,12,12,0.0,53,Finished
2024,16,Italian Grand Prix,monza,2024-09-01,ricciardo,rb,12,13,13,0.0,53,Finished
2024,16,Italian Grand Prix,monza,2024-09-01,ocon,alpine,15,14,14,0.0,52,Lapped
2024,16,Italian Grand Prix,monza,2024-09-01,gasly,alpine,14,15,15,0.0,52,Lapped
2024,16,Italian Grand Prix,monza,2024-09-01,bottas,sauber,19,16,16,0.0,52,Lapped
2024,16,Italian Grand Prix,monza,2024-09-01,hulkenberg,haas,10,17,17,0.0,52,Lapped
2024,16,Italian Grand Prix,monza,2024-09-01,zhou,sauber,20,18,18,0.0,52,Lapped
2024,16,Italian Grand Prix,monza,2024-09-01,stroll,aston_martin,17,19,19,0.0,52,Lapped
2024,16,Italian Grand Prix,monza,2024-09-01,tsunoda,rb,16,20,R,0.0,7,Retired
2024,17,Azerbaijan Grand Prix,baku,2024-09-15,piastri,mclaren,2,1,1,25.0,51,Finished
2024,17,Azerbaijan Grand Prix,baku,2024-09-15,leclerc,ferrari,1,2,2,18.0,51,Finished
2024,17,Azerbaijan Grand Prix,baku,2024-09-15,russell,mercedes,5,3,3,15.0,51,Finished
2024,17,Azerbaijan Grand Prix,baku,2024-09-15,norris,mclaren,15,4,4,13.0,51,Finished
2024,17,Azerbaijan Grand Prix,baku,2024-09-15,max_verstappen,red_bull,6,5,5,10.0,51,Finished
2024,17,Azerbaijan Grand Prix,baku,2024-09-15,alonso,aston_martin,7,6,6,8.0,51,Finished
2024,17,Azerbaijan Grand Prix,baku,2024-09-15,albon,williams,9,7,7,6.0,51,Finished
2024,17,Azerbaijan Grand Prix,baku,2024-09-15,colapinto,williams,8,8,8,4.0,51,Finished
2024,17,Azerbaijan Grand Prix,baku,2024-09-15,hamilton,mercedes,19,9,9,2.0,51,Finished
2024,17,Azerbaijan Grand Prix,baku,2024-09-15,bearman,haas,10,10,10,1.0,51,Finished
2024,17,Azerbaijan Grand Prix,baku,2024-09-15,hulkenberg,haas,12,11,11,0.0,51,Finished
2024,17,Azerbaijan Grand Prix,baku,2024-09-15,gasly,alpine,18,12,12,0.0,51,Finished
2024,17,Azerbaijan Grand Prix,baku,2024-09-15,ricciardo,rb,14,13,13,0.0,51,Finished
2024,17,Azerbaijan Grand Prix,baku,2024-09-15,zhou,sauber,17,14,14,0.0,51,Finished
2024,17,Azerbaijan Grand Prix,baku,2024-09-15,ocon,alpine,20,15,15,0.0,50,Lapped
2024,17,Azerbaijan Grand Prix,baku,2024-09-15,bottas,sauber,16,16,16,0.0,50,Lapped
2024,17,Azerbaijan Grand Prix,baku,2024-09-15,perez,red_bull,4,17,17,0.0,49,Retired
2024,17,Azerbaijan Grand Prix,baku,2024-09-15,sainz,ferrari,3,18,18,0.0,49,Retired
2024,17,Azerbaijan Grand Prix,baku,2024-09-15,stroll,aston_martin,13,19,19,0.0,45,Retired
2024,17,Azerbaijan Grand Prix,baku,2024-09-15,tsunoda,rb,11,20,R,0.0,14,Retired
2024,18,Singapore Grand Prix,marina_bay,2024-09-22,norris,mclaren,1,1,1,25.0,62,Finished
2024,18,Singapore Grand Prix,marina_bay,2024-09-22,max_verstappen,red_bull,2,2,2,18.0,62,Finished
2024,18,Singapore Grand Prix,marina_bay,2024-09-22,piastri,mclaren,5,3,3,15.0,62,Finished
2024,18,Singapore Grand Prix,marina_bay,2024-09-22,russell,mercedes,4,4,4,12.0,62,Finished
2024,18,Singapore Grand Prix,marina_bay,2024-09-22,leclerc,ferrari,9,5,5,10.0,62,Finished
2024,18,Singapore Grand Prix,marina_bay,2024-09-22,hamilton,mercedes,3,6,6,8.0,62,Finished
2024,18,Singapore Grand Prix,marina_bay,2024-09-22,sainz,ferrari,10,7,7,6.0,62,Finished
2024,18,Singapore Grand Prix,marina_bay,2024-09-22,alonso,aston_martin,7,8,8,4.0,61,Lapped
2024,18,Singapore Grand Prix,marina_bay,2024-09-22,hulkenberg,haas,6,9,9,2.0,61,Lapped
2024,18,Singapore Grand Prix,marina_bay,2024-09-22,perez,red_bull,13,10,10,1.0,61,Lapped
2024,18,Singapore Grand Prix,marina_bay,2024-09-22,colapinto,williams,12,11,11,0.0,61,Lapped
2024,18,Singapore Grand Prix,marina_bay,2024-09-22,tsunoda,rb,8,12,12,0.0,61,Lapped
2024,18,Singapore Grand Prix,marina_bay,2024-09-22,ocon,alpine,15,13,13,0.0,61,Lapped
2024,18,Singapore Grand Prix,marina_bay,2024-09-22,stroll,aston_martin,17,14,14,0.0,61,Lapped
2024,18,Singapore Grand Prix,marina_bay,2024-09-22,zhou,sauber,20,15,15,0.0,61,Lapped
2024,18,Singapore Grand Prix,marina_bay,2024-09-22,bottas,sauber,19,16,16,0.0,61,Lapped
2024,18,Singapore Grand Prix,marina_bay,2024-09-22,gasly,alpine,18,17,17,0.0,61,Lapped
2024,18,Singapore Grand Prix,marina_bay,2024-09-22,ricciardo,rb,16,18,18,0.0,61,Lapped
2024,18,Singapore Grand Prix,marina_bay,2024-09-22,kevin_magnussen,haas,14,19,19,0.0,57,Retired
2024,18,Singapore Grand Prix,marina_bay,2024-09-22,albon,williams,11,20,R,0.0,15,Retired
2024,19,United States Grand Prix,americas,2024-10-20,leclerc,ferrari,4,1,1,25.0,56,Finished
2024,19,United States Grand Prix,americas,2024-10-20,sainz,ferrari,3,2,2,18.0,56,Finished
2024,19,United States Grand Prix,americas,2024-10-20,max_verstappen,red_bull,2,3,3,15.0,56,Finished
2024,19,United States Grand Prix,americas,2024-10-20,norris,mclaren,1,4,4,12.0,56,Finished
2024,19,United States Grand Prix,americas,2024-10-20,piastri,mclaren,5,5,5,10.0,56,Finished
2024,19,United States Grand Prix,americas,2024-10-20,russell,mercedes,20,6,6,8.0,56,Finished
2024,19,United States Grand Prix,americas,2024-10-20,perez,red_bull,9,7,7,6.0,56,Finished
2024,19,United States Grand Prix,americas,2024-10-20,hulkenberg,haas,11,8,8,4.0,56,Finished
2024,19,United States Grand Prix,americas,2024-10-20,lawson,rb,19,9,9,2.0,56,Finished
2024,19,United States Grand Prix,americas,2024-10-20,colapinto,williams,15,10,10,1.0,56,Finished
2024,19,United States Grand Prix,americas,2024-10-20,kevin_magnussen,haas,8,11,11,0.0,56,Finished
2024,19,United States Grand Prix,americas,2024-10-20,gasly,alpine,6,12,12,0.0,56,Finished
2024,19,United States Grand Prix,americas,2024-10-20,alonso,aston_martin,7,13,13,0.0,55,Lapped
2024,19,United States Grand Prix,americas,2024-10-20,tsunoda,rb,10,14,14,0.0,55,Lapped
2024,19,United States Grand Prix,americas,2024-10-20,stroll,aston_martin,13,15,15,0.0,55,Lapped
2024,19,United States Grand Prix,americas,2024-10-20,albon,williams,14,16,16,0.0,55,Lapped
2024,19,United States Grand Prix,americas,2024-10-20,bottas,sauber,16,17,17,0.0,55,Lapped
2024,19,United States Grand Prix,americas,2024-10-20,ocon,alpine,12,18,18,0.0,55,Lapped
2024,19,United States Grand Prix,americas,2024-10-20,zhou,sauber,18,19,19,0.0,55,Lapped
2024,19,United States Grand Prix,americas,2024-10-20,hamilton,mercedes,17,20,R,0.0,1,Retired
2024,20,Mexico City Grand Prix,rodriguez,2024-10-27,sainz,ferrari,1,1,1,25.0,71,Finished
2024,20,Mexico City Grand Prix,rodriguez,2024-10-27,norris,mclaren,3,2,2,18.0,71,Finished
2024,20,Mexico City Grand Prix,rodriguez,2024-10-27,leclerc,ferrari,4,3,3,16.0,71,Finished
2024,20,Mexico City Grand Prix,rodriguez,2024-10-27,hamilton,mercedes,6,4,4,12.0,71,Finished
2024,20,Mexico City Grand Prix,rodriguez,2024-10-27,russell,mercedes,5,5,5,10.0,71,Finished
2024,20,Mexico City Grand Prix,rodriguez,2024-10-27,max_verstappen,red_bull,2,6,6,8.0,71,Finished
2024,20,Mexico City Grand Prix,rodriguez,2024-10-27,kevin_magnussen,haas,7,7,7,6.0,71,Finished
2024,20,Mexico City Grand Prix,rodriguez,2024-10-27,piastri,mclaren,17,8,8,4.0,71,Finished
2024,20,Mexico City Grand Prix,rodriguez,2024-10-27,hulkenberg,haas,10,9,9,2.0,70,Lapped
2024,20,Mexico City Grand Prix,rodriguez,2024-10-27,gasly,alpine,8,10,10,1.0,70,Lapped
2024,20,Mexico City Grand Prix,rodriguez,2024-10-27,stroll,aston_martin,14,11,11,0.0,70,Lapped
2024,20,Mexico City Grand Prix,rodriguez,2024-10-27,colapinto,williams,16,12,12,0.0,70,Lapped
2024,20,Mexico City Grand Prix,rodriguez,2024-10-27,ocon,alpine,0,13,13,0.0,70,Lapped
2024,20,Mexico City Grand Prix,rodriguez,2024-10-27,bottas,sauber,15,14,14,0.0,70,Lapped
2024,20,Mexico City Grand Prix,rodriguez,2024-10-27,zhou,sauber,19,15,15,0.0,70,Lapped
2024,20,Mexico City Grand Prix,rodriguez,2024-10-27,lawson,rb,12,16,16,0.0,70,Lapped
2024,20,Mexico City Grand Prix,rodriguez,2024-10-27,perez,red_bull,18,17,17,0.0,70,Lapped
2024,20,Mexico City Grand Prix,rodriguez,2024-10-27,alonso,aston_martin,13,18,R,0.0,15,Retired
2024,20,Mexico City Grand Prix,rodriguez,2024-10-27,albon,williams,9,19,R,0.0,0,Retired
2024,20,Mexico City Grand Prix,rodriguez,2024-10-27,tsunoda,rb,11,20,R,0.0,0,Retired
2024,21,São Paulo Grand Prix,interlagos,2024-11-03,max_verstappen,red_bull,17,1,1,26.0,69,Finished
2024,21,São Paulo Grand Prix,interlagos,2024-11-03,ocon,alpine,4,2,2,18.0,69,Finished
2024,21,São Paulo Grand Prix,interlagos,2024-11-03,gasly,alpine,13,3,3,15.0,69,Finished
2024,21,São Paulo Grand Prix,interlagos,2024-11-03,russell,mercedes,2,4,4,12.0,69,Finished
2024,21,São Paulo Grand Prix,interlagos,2024-11-03,leclerc,ferrari,6,5,5,10.0,69,Finished
2024,21,São Paulo Grand Prix,interlagos,2024-11-03,norris,mclaren,1,6,6,8.0,69,Finished
2024,21,São Paulo Grand Prix,interlagos,2024-11-03,tsunoda,rb,3,7,7,6.0,69,Finished
2024,21,São Paulo Grand Prix,interlagos,2024-11-03,piastri,mclaren,8,8,8,4.0,69,Finished
2024,21,São Paulo Grand Prix,interlagos,2024-11-03,lawson,rb,5,9,9,2.0,69,Finished
2024,21,São Paulo Grand Prix,interlagos,2024-11-03,hamilton,mercedes,14,10,10,1.0,69,Finished
2024,21,São Paulo Grand Prix,interlagos,2024-11-03,perez,red_bull,12,11,11,0.0,69,Finished
2024,21,São Paulo Grand Prix,interlagos,2024-11-03,bearman,haas,15,12,12,0.0,69,Finished
2024,21,São Paulo Grand Prix,interlagos,2024-11-03,bottas,sauber,11,13,13,0.0,69,Finished
2024,21,São Paulo Grand Prix,interlagos,2024-11-03,alonso,aston_martin,9,14,14,0.0,69,Finished
2024,21,São Paulo Grand Prix,interlagos,2024-11-03,zhou,sauber,19,15,15,0.0,69,Finished
2024,21,São Paulo Grand Prix,interlagos,2024-11-03,sainz,ferrari,20,16,R,0.0,38,Retired
2024,21,São Paulo Grand Prix,interlagos,2024-11-03,colapinto,williams,16,17,R,0.0,30,Retired
2024,21,São Paulo Grand Prix,interlagos,2024-11-03,albon,williams,7,18,W,0.0,0,Did not start
2024,21,São Paulo Grand Prix,interlagos,2024-11-03,stroll,aston_martin,10,19,W,0.0,0,Did not start
2024,21,São Paulo Grand Prix,interlagos,2024-11-03,hulkenberg,haas,18,20,D,0.0,0,Disqualified
2024,22,Las Vegas Grand Prix,vegas,2024-11-23,russell,mercedes,1,1,1,25.0,50,Finished
2024,22,Las Vegas Grand Prix,vegas,2024-11-23,hamilton,mercedes,10,2,2,18.0,50,Finished
2024,22,Las Vegas Grand Prix,vegas,2024-11-23,sainz,ferrari,2,3,3,15.0,50,Finished
2024,22,Las Vegas Grand Prix,vegas,2024-11-23,leclerc,ferrari,4,4,4,12.0,50,Finished
2024,22,Las Vegas Grand Prix,vegas,2024-11-23,max_verstappen,red_bull,5,5,5,10.0,50,Finished
2024,22,Las Vegas Grand Prix,vegas,2024-11-23,norris,mclaren,6,6,6,9.0,50,Finished
2024,22,Las Vegas Grand Prix,vegas,2024-11-23,piastri,mclaren,8,7,7,6.0,50,Finished
2024,22,Las Vegas Grand Prix,vegas,2024-11-23,hulkenberg,haas,9,8,8,4.0,50,Finished
2024,22,Las Vegas Grand Prix,vegas,2024-11-23,tsunoda,rb,7,9,9,2.0,50,Finished
2024,22,Las Vegas Grand Prix,vegas,2024-11-23,perez,red_bull,15,10,10,1.0,50,Finished
2024,22,Las Vegas Grand Prix,vegas,2024-11-23,alonso,aston_martin,16,11,11,0.0,50,Finished
2024,22,Las Vegas Grand Prix,vegas,2024-11-23,kevin_magnussen,haas,12,12,12,0.0,50,Finished
2024,22,Las Vegas Grand Prix,vegas,2024-11-23,zhou,sauber,13,13,13,0.0,50,Finished
2024,22,Las Vegas Grand Prix,vegas,2024-11-23,colapinto,williams,20,14,14,0.0,50,Finished
2024,22,Las Vegas Grand Prix,vegas,2024-11-23,stroll,aston_martin,18,15,15,0.0,50,Finished
2024,22,Las Vegas Grand Prix,vegas,2024-11-23,lawson,rb,14,16,16,0.0,50,Finished
2024,22,Las Vegas Grand Prix,vegas,2024-11-23,ocon,alpine,11,17,17,0.0,49,Lapped
2024,22,Las Vegas Grand Prix,vegas,2024-11-23,bottas,sauber,19,18,18,0.0,49,Lapped
2024,22,Las Vegas Grand Prix,vegas,2024-11-23,albon,williams,17,19,R,0.0,25,Retired
2024,22,Las Vegas Grand Prix,vegas,2024-11-23,gasly,alpine,3,20,R,0.0,15,Retired
2024,23,Qatar Grand Prix,losail,2024-12-01,max_verstappen,red_bull,2,1,1,25.0,57,Finished
2024,23,Qatar Grand Prix,losail,2024-12-01,leclerc,ferrari,5,2,2,18.0,57,Finished
2024,23,Qatar Grand Prix,losail,2024-12-01,piastri,mclaren,4,3,3,15.0,57,Finished
2024,23,Qatar Grand Prix,losail,2024-12-01,russell,mercedes,1,4,4,12.0,57,Finished
2024,23,Qatar Grand Prix,losail,2024-12-01,gasly,alpine,11,5,5,10.0,57,Finished
2024,23,Qatar Grand Prix,losail,2024-12-01,sainz,ferrari,7,6,6,8.0,57,Finished
2024,23,Qatar Grand Prix,losail,2024-12-01,alonso,aston_martin,8,7,7,6.0,57,Finished
2024,23,Qatar Grand Prix,losail,2024-12-01,zhou,sauber,12,8,8,4.0,57,Finished
2024,23,Qatar Grand Prix,losail,2024-12-01,kevin_magnussen,haas,10,9,9,2.0,57,Finished
2024,23,Qatar Grand Prix,losail,2024-12-01,norris,mclaren,3,10,10,2.0,57,Finished
2024,23,Qatar Grand Prix,losail,2024-12-01,bottas,sauber,13,11,11,0.0,57,Finished
2024,23,Qatar Grand Prix,losail,2024-12-01,hamilton,mercedes,6,12,12,0.0,57,Finished
2024,23,Qatar Grand Prix,losail,2024-12-01,tsunoda,rb,14,13,13,0.0,57,Finished
2024,23,Qatar Grand Prix,losail,2024-12-01,lawson,rb,17,14,14,0.0,57,Finished
2024,23,Qatar Grand Prix,losail,2024-12-01,albon,williams,16,15,15,0.0,56,Lapped
2024,23,Qatar Grand Prix,losail,2024-12-01,hulkenberg,haas,18,16,R,0.0,39,Retired
2024,23,Qatar Grand Prix,losail,2024-12-01,perez,red_bull,9,17,R,0.0,38,Retired
2024,23,Qatar Grand Prix,losail,2024-12-01,stroll,aston_martin,15,18,R,0.0,8,Retired
2024,23,Qatar Grand Prix,losail,2024-12-01,colapinto,williams,19,19,R,0.0,0,Retired
2024,23,Qatar Grand Prix,losail,2024-12-01,ocon,alpine,20,20,R,0.0,0,Retired
2024,24,Abu Dhabi Grand Prix,yas_marina,2024-12-08,norris,mclaren,1,1,1,25.0,58,Finished
2024,24,Abu Dhabi Grand Prix,yas_marina,2024-12-08,sainz,ferrari,3,2,2,18.0,58,Finished
2024,24,Abu Dhabi Grand Prix,yas_marina,2024-12-08,leclerc,ferrari,19,3,3,15.0,58,Finished
2024,24,Abu Dhabi Grand Prix,yas_marina,2024-12-08,hamilton,mercedes,16,4,4,12.0,58,Finished
2024,24,Abu Dhabi Grand Prix,yas_marina,2024-12-08,russell,mercedes,6,5,5,10.0,58,Finished
2024,24,Abu Dhabi Grand Prix,yas_marina,2024-12-08,max_verstappen,red_bull,4,6,6,8.0,58,Finished
2024,24,Abu Dhabi Grand Prix,yas_marina,2024-12-08,gasly,alpine,5,7,7,6.0,58,Finished
2024,24,Abu Dhabi Grand Prix,yas_marina,2024-12-08,hulkenberg,haas,7,8,8,4.0,58,Finished
2024,24,Abu Dhabi Grand Prix,yas_marina,2024-12-08,alonso,aston_martin,8,9,9,2.0,58,Finished
2024,24,Abu Dhabi Grand Prix,yas_marina,2024-12-08,piastri,mclaren,2,10,10,1.0,58,Finished
2024,24,Abu Dhabi Grand Prix,yas_marina,2024-12-08,albon,williams,18,11,11,0.0,57,Lapped
2024,24,Abu Dhabi Grand Prix,yas_marina,2024-12-08,tsunoda,rb,11,12,12,0.0,57,Lapped
2024,24,Abu Dhabi Grand Prix,yas_marina,2024-12-08,zhou,sauber,15,13,13,0.0,57,Lapped
2024,24,Abu Dhabi Grand Prix,yas_marina,2024-12-08,stroll,aston_martin,13,14,14,0.0,57,Lapped
2024,24,Abu Dhabi Grand Prix,yas_marina,2024-12-08,doohan,alpine,17,15,15,0.0,57,Lapped
2024,24,Abu Dhabi Grand Prix,yas_marina,2024-12-08,kevin_magnussen,haas,14,16,16,0.0,57,Lapped
2024,24,Abu Dhabi Grand Prix,yas_marina,2024-12-08,lawson,rb,12,17,17,0.0,55,Retired
2024,24,Abu Dhabi Grand Prix,yas_marina,2024-12-08,bottas,sauber,9,18,R,0.0,30,Retired
2024,24,Abu Dhabi Grand Prix,yas_marina,2024-12-08,colapinto,williams,20,19,R,0.0,26,Retired
2024,24,Abu Dhabi Grand Prix,yas_marina,2024-12-08,perez,red_bull,10,20,R,0.0,0,Retired
2025,1,Australian Grand Prix,albert_park,2025-03-16,norris,mclaren,1,1,1,25.0,57,Finished
2025,1,Australian Grand Prix,albert_park,2025-03-16,max_verstappen,red_bull,3,2,2,18.0,57,Finished
2025,1,Australian Grand Prix,albert_park,2025-03-16,russell,mercedes,4,3,3,15.0,57,Finished
2025,1,Australian Grand Prix,albert_park,2025-03-16,antonelli,mercedes,16,4,4,12.0,57,Finished
2025,1,Australian Grand Prix,albert_park,2025-03-16,albon,williams,6,5,5,10.0,57,Finished
2025,1,Australian Grand Prix,albert_park,2025-03-16,stroll,aston_martin,13,6,6,8.0,57,Finished
2025,1,Australian Grand Prix,albert_park,2025-03-16,hulkenberg,sauber,17,7,7,6.0,57,Finished
2025,1,Australian Grand Prix,albert_park,2025-03-16,leclerc,ferrari,7,8,8,4.0,57,Finished
2025,1,Australian Grand Prix,albert_park,2025-03-16,piastri,mclaren,2,9,9,2.0,57,Finished
2025,1,Australian Grand Prix,albert_park,2025-03-16,hamilton,ferrari,8,10,10,1.0,57,Finished
2025,1,Australian Grand Prix,albert_park,2025-03-16,gasly,alpine,9,11,11,0.0,57,Finished
2025,1,Australian Grand Prix,albert_park,2025-03-16,tsunoda,rb,5,12,12,0.0,57,Finished
2025,1,Australian Grand Prix,albert_park,2025-03-16,ocon,haas,19,13,13,0.0,57,Finished
2025,1,Australian Grand Prix,albert_park,2025-03-16,bearman,haas,20,14,14,0.0,57,Finished
2025,1,Australian Grand Prix,albert_park,2025-03-16,lawson,red_bull,18,15,R,0.0,46,Retired
2025,1,Australian Grand Prix,albert_park,2025-03-16,bortoleto,sauber,15,16,R,0.0,45,Retired
2025,1,Australian Grand Prix,albert_park,2025-03-16,alonso,aston_martin,12,17,R,0.0,32,Retired
2025,1,Australian Grand Prix,albert_park,2025-03-16,sainz,williams,10,18,R,0.0,0,Retired
2025,1,Australian Grand Prix,albert_park,2025-03-16,doohan,alpine,14,19,R,0.0,0,Retired
2025,1,Australian Grand Prix,albert_park,2025-03-16,hadjar,rb,11,20,R,0.0,0,Retired
2025,2,Chinese Grand Prix,shanghai,2025-03-23,piastri,mclaren,1,1,1,25.0,56,Finished
2025,2,Chinese Grand Prix,shanghai,2025-03-23,norris,mclaren,3,2,2,18.0,56,Finished
2025,2,Chinese Grand Prix,shanghai,2025-03-23,russell,mercedes,2,3,3,15.0,56,Finished
2025,2,Chinese Grand Prix,shanghai,2025-03-23,max_verstappen,red_bull,4,4,4,12.0,56,Finished
2025,2,Chinese Grand Prix,shanghai,2025-03-23,ocon,haas,11,5,5,10.0,56,Finished
2025,2,Chinese Grand Prix,shanghai,2025-03-23,antonelli,mercedes,8,6,6,8.0,56,Finished
2025,2,Chinese Grand Prix,shanghai,2025-03-23,albon,williams,10,7,7,6.0,56,Finished
2025,2,Chinese Grand Prix,shanghai,2025-03-23,bearman,haas,17,8,8,4.0,56,Finished
2025,2,Chinese Grand Prix,shanghai,2025-03-23,stroll,aston_martin,14,9,9,2.0,56,Finished
2025,2,Chinese Grand Prix,shanghai,2025-03-23,sainz,williams,15,10,10,1.0,56,Finished
2025,2,Chinese Grand Prix,shanghai,2025-03-23,hadjar,rb,7,11,11,0.0,56,Finished
2025,2,Chinese Grand Prix,shanghai,2025-03-23,lawson,red_bull,20,12,12,0.0,56,Finished
2025,2,Chinese Grand Prix,shanghai,2025-03-23,doohan,alpine,18,13,13,0.0,56,Finished
2025,2,Chinese Grand Prix,shanghai,2025-03-23,bortoleto,sauber,19,14,14,0.0,55,Lapped
2025,2,Chinese Grand Prix,shanghai,2025-03-23,hulkenberg,sauber,12,15,15,0.0,55,Lapped
2025,2,Chinese Grand Prix,shanghai,2025-03-23,tsunoda,rb,9,16,16,0.0,55,Lapped
2025,2,Chinese Grand Prix,shanghai,2025-03-23,alonso,aston_martin,13,17,R,0.0,4,Retired
2025,2,Chinese Grand Prix,shanghai,2025-03-23,leclerc,ferrari,6,18,D,0.0,0,Disqualified
2025,2,Chinese Grand Prix,shanghai,2025-03-23,hamilton,ferrari,5,19,D,0.0,0,Disqualified
2025,2,Chinese Grand Prix,shanghai,2025-03-23,gasly,alpine,16,20,D,0.0,0,Disqualified
2025,3,Japanese Grand Prix,suzuka,2025-04-06,max_verstappen,red_bull,1,1,1,25.0,53,Finished
2025,3,Japanese Grand Prix,suzuka,2025-04-06,norris,mclaren,2,2,2,18.0,53,Finished
2025,3,Japanese Grand Prix,suzuka,2025-04-06,piastri,mclaren,3,3,3,15.0,53,Finished
2025,3,Japanese Grand Prix,suzuka,2025-04-06,leclerc,ferrari,4,4,4,12.0,53,Finished
2025,3,Japanese Grand Prix,suzuka,2025-04-06,russell,mercedes,5,5,5,10.0,53,Finished
2025,3,Japanese Grand Prix,suzuka,2025-04-06,antonelli,mercedes,6,6,6,8.0,53,Finished
2025,3,Japanese Grand Prix,suzuka,2025-04-06,hamilton,ferrari,8,7,7,6.0,53,Finished
2025,3,Japanese Grand Prix,suzuka,2025-04-06,hadjar,rb,7,8,8,4.0,53,Finished
2025,3,Japanese Grand Prix,suzuka,2025-04-06,albon,williams,9,9,9,2.0,53,Finished
2025,3,Japanese Grand Prix,suzuka,2025-04-06,bearman,haas,10,10,10,1.0,53,Finished
2025,3,Japanese Grand Prix,suzuka,2025-04-06,alonso,aston_martin,12,11,11,0.0,53,Finished
2025,3,Japanese Grand Prix,suzuka,2025-04-06,tsunoda,red_bull,14,12,12,0.0,53,Finished
2025,3,Japanese Grand Prix,suzuka,2025-04-06,gasly,alpine,11,13,13,0.0,53,Finished
2025,3,Japanese Grand Prix,suzuka,2025-04-06,sainz,williams,15,14,14,0.0,53,Finished
2025,3,Japanese Grand Prix,suzuka,2025-04-06,doohan,alpine,19,15,15,0.0,53,Finished
2025,3,Japanese Grand Prix,suzuka,2025-04-06,hulkenberg,sauber,16,16,16,0.0,53,Finished
2025,3,Japanese Grand Prix,suzuka,2025-04-06,lawson,rb,13,17,17,0.0,53,Finished
2025,3,Japanese Grand Prix,suzuka,2025-04-06,ocon,haas,18,18,18,0.0,53,Finished
2025,3,Japanese Grand Prix,suzuka,2025-04-06,bortoleto,sauber,17,19,19,0.0,53,Finished
2025,3,Japanese Grand Prix,suzuka,2025-04-06,stroll,aston_martin,20,20,20,0.0,52,Lapped
2025,4,Bahrain Grand Prix,bahrain,2025-04-13,piastri,mclaren,1,1,1,25.0,57,Finished
2025,4,Bahrain Grand Prix,bahrain,2025-04-13,russell,mercedes,3,2,2,18.0,57,Finished
2025,4,Bahrain Grand Prix,bahrain,2025-04-13,norris,mclaren,6,3,3,15.0,57,Finished
2025,4,Bahrain Grand Prix,bahrain,2025-04-13,leclerc,ferrari,2,4,4,12.0,57,Finished
2025,4,Bahrain Grand Prix,bahrain,2025-04-13,hamilton,ferrari,9,5,5,10.0,57,Finished
2025,4,Bahrain Grand Prix,bahrain,2025-04-13,max_verstappen,red_bull,7,6,6,8.0,57,Finished
2025,4,Bahrain Grand Prix,bahrain,2025-04-13,gasly,alpine,4,7,7,6.0,57,Finished
2025,4,Bahrain Grand Prix,bahrain,2025-04-13,ocon,haas,14,8,8,4.0,57,Finished
2025,4,Bahrain Grand Prix,bahrain,2025-04-13,tsunoda,red_bull,10,9,9,2.0,57,Finished
2025,4,Bahrain Grand Prix,bahrain,2025-04-13,bearman,haas,20,10,10,1.0,57,Finished
2025,4,Bahrain Grand Prix,bahrain,2025-04-13,antonelli,mercedes,5,11,11,0.0,57,Finished
2025,4,Bahrain Grand Prix,bahrain,2025-04-13,albon,williams,15,12,12,0.0,57,Finished
2025,4,Bahrain Grand Prix,bahrain,2025-04-13,hadjar,rb,12,13,13,0.0,57,Finished
2025,4,Bahrain Grand Prix,bahrain,2025-04-13,doohan,alpine,11,14,14,0.0,57,Finished
2025,4,Bahrain Grand Prix,bahrain,2025-04-13,alonso,aston_martin,13,15,15,0.0,57,Finished
2025,4,Bahrain Grand Prix,bahrain,2025-04-13,lawson,rb,17,16,16,0.0,57,Finished
2025,4,Bahrain Grand Prix,bahrain,2025-04-13,stroll,aston_martin,19,17,17,0.0,57,Finished
2025,4,Bahrain Grand Prix,bahrain,2025-04-13,bortoleto,sauber,18,18,18,0.0,57,Finished
2025,4,Bahrain Grand Prix,bahrain,2025-04-13,sainz,williams,8,19,R,0.0,45,Retired
2025,4,Bahrain Grand Prix,bahrain,2025-04-13,hulkenberg,sauber,16,20,D,0.0,0,Disqualified
2025,5,Saudi Arabian Grand Prix,jeddah,2025-04-20,piastri,mclaren,2,1,1,25.0,50,Finished
2025,5,Saudi Arabian Grand Prix,jeddah,2025-04-20,max_verstappen,red_bull,1,2,2,18.0,50,Finished
2025,5,Saudi Arabian Grand Prix,jeddah,2025-04-20,leclerc,ferrari,4,3,3,15.0,50,Finished
2025,5,Saudi Arabian Grand Prix,jeddah,2025-04-20,norris,mclaren,10,4,4,12.0,50,Finished
2025,5,Saudi Arabian Grand Prix,jeddah,2025-04-20,russell,mercedes,3,5,5,10.0,50,Finished
2025,5,Saudi Arabian Grand Prix,jeddah,2025-04-20,antonelli,mercedes,5,6,6,8.0,50,Finished
2025,5,Saudi Arabian Grand Prix,jeddah,2025-04-20,hamilton,ferrari,7,7,7,6.0,50,Finished
2025,5,Saudi Arabian Grand Prix,jeddah,2025-04-20,sainz,williams,6,8,8,4.0,50,Finished
2025,5,Saudi Arabian Grand Prix,jeddah,2025-04-20,albon,williams,11,9,9,2.0,50,Finished
2025,5,Saudi Arabian Grand Prix,jeddah,2025-04-20,hadjar,rb,14,10,10,1.0,50,Finished
2025,5,Saudi Arabian Grand Prix,jeddah,2025-04-20,alonso,aston_martin,13,11,11,0.0,50,Finished
2025,5,Saudi Arabian Grand Prix,jeddah,2025-04-20,lawson,rb,12,12,12,0.0,50,Finished
2025,5,Saudi Arabian Grand Prix,jeddah,2025-04-20,bearman,haas,15,13,13,0.0,50,Finished
2025,5,Saudi Arabian Grand Prix,jeddah,2025-04-20,ocon,haas,19,14,14,0.0,50,Finished
2025,5,Saudi Arabian Grand Prix,jeddah,2025-04-20,hulkenberg,sauber,18,15,15,0.0,49,Lapped
2025,5,Saudi Arabian Grand Prix,jeddah,2025-04-20,stroll,aston_martin,16,16,16,0.0,49,Lapped
2025,5,Saudi Arabian Grand Prix,jeddah,2025-04-20,doohan,alpine,17,17,17,0.0,49,Lapped
2025,5,Saudi Arabian Grand Prix,jeddah,2025-04-20,bortoleto,sauber,20,18,18,0.0,49,Lapped
2025,5,Saudi Arabian Grand Prix,jeddah,2025-04-20,tsunoda,red_bull,8,19,R,0.0,1,Retired
2025,5,Saudi Arabian Grand Prix,jeddah,2025-04-20,gasly,alpine,9,20,R,0.0,0,Retired
2025,6,Miami Grand Prix,miami,2025-05-04,piastri,mclaren,4,1,1,25.0,57,Finished
2025,6,Miami Grand Prix,miami,2025-05-04,norris,mclaren,2,2,2,18.0,57,Finished
2025,6,Miami Grand Prix,miami,2025-05-04,russell,mercedes,5,3,3,15.0,57,Finished
2025,6,Miami Grand Prix,miami,2025-05-04,max_verstappen,red_bull,1,4,4,12.0,57,Finished
2025,6,Miami Grand Prix,miami,2025-05-04,albon,williams,7,5,5,10.0,57,Finished
2025,6,Miami Grand Prix,miami,2025-05-04,antonelli,mercedes,3,6,6,8.0,57,Finished
2025,6,Miami Grand Prix,miami,2025-05-04,leclerc,ferrari,8,7,7,6.0,57,Finished
2025,6,Miami Grand Prix,miami,2025-05-04,hamilton,ferrari,12,8,8,4.0,57,Finished
2025,6,Miami Grand Prix,miami,2025-05-04,sainz,williams,6,9,9,2.0,57,Finished
2025,6,Miami Grand Prix,miami,2025-05-04,tsunoda,red_bull,10,10,10,1.0,57,Finished
2025,6,Miami Grand Prix,miami,2025-05-04,hadjar,rb,11,11,11,0.0,57,Finished
2025,6,Miami Grand Prix,miami,2025-05-04,ocon,haas,9,12,12,0.0,57,Finished
2025,6,Miami Grand Prix,miami,2025-05-04,gasly,alpine,20,13,13,0.0,57,Finished
2025,6,Miami Grand Prix,miami,2025-05-04,hulkenberg,sauber,16,14,14,0.0,56,Lapped
2025,6,Miami Grand Prix,miami,2025-05-04,alonso,aston_martin,17,15,15,0.0,56,Lapped
2025,6,Miami Grand Prix,miami,2025-05-04,stroll,aston_martin,18,16,16,0.0,56,Lapped
2025,6,Miami Grand Prix,miami,2025-05-04,lawson,rb,15,17,R,0.0,36,Retired
2025,6,Miami Grand Prix,miami,2025-05-04,bortoleto,sauber,13,18,R,0.0,30,Retired
2025,6,Miami Grand Prix,miami,2025-05-04,bearman,haas,19,19,R,0.0,27,Retired
2025,6,Miami Grand Prix,miami,2025-05-04,doohan,alpine,14,20,R,0.0,0,Retired
2025,7,Emilia Romagna Grand Prix,imola,2025-05-18,max_verstappen,red_bull,2,1,1,25.0,63,Finished
2025,7,Emilia Romagna Grand Prix,imola,2025-05-18,norris,mclaren,4,2,2,18.0,63,Finished
2025,7,Emilia Romagna Grand Prix,imola,2025-05-18,piastri,mclaren,1,3,3,15.0,63,Finished
2025,7,Emilia Romagna Grand Prix,imola,2025-05-18,hamilton,ferrari,12,4,4,12.0,63,Finished
2025,7,Emilia Romagna Grand Prix,imola,2025-05-18,albon,williams,7,5,5,10.0,63,Finished
2025,7,Emilia Romagna Grand Prix,imola,2025-05-18,leclerc,ferrari,11,6,6,8.0,63,Finished
2025,7,Emilia Romagna Grand Prix,imola,2025-05-18,russell,mercedes,3,7,7,6.0,63,Finished
2025,7,Emilia Romagna Grand Prix,imola,2025-05-18,sainz,williams,6,8,8,4.0,63,Finished
2025,7,Emilia Romagna Grand Prix,imola,2025-05-18,hadjar,rb,9,9,9,2.0,63,Finished
2025,7,Emilia Romagna Grand Prix,imola,2025-05-18,tsunoda,red_bull,20,10,10,1.0,63,Finished
2025,7,Emilia Romagna Grand Prix,imola,2025-05-18,alonso,aston_martin,5,11,11,0.0,63,Finished
2025,7,Emilia Romagna Grand Prix,imola,2025-05-18,hulkenberg,sauber,17,12,12,0.0,63,Finished
2025,7,Emilia Romagna Grand Prix,imola,2025-05-18,gasly,alpine,10,13,13,0.0,63,Finished
2025,7,Emilia Romagna Grand Prix,imola,2025-05-18,lawson,rb,15,14,14,0.0,63,Finished
2025,7,Emilia Romagna Grand Prix,imola,2025-05-18,stroll,aston_martin,8,15,15,0.0,63,Finished
2025,7,Emilia Romagna Grand Prix,imola,2025-05-18,colapinto,alpine,16,16,16,0.0,63,Finished
2025,7,Emilia Romagna Grand Prix,imola,2025-05-18,bearman,haas,19,17,17,0.0,63,Finished
2025,7,Emilia Romagna Grand Prix,imola,2025-05-18,bortoleto,sauber,14,18,18,0.0,63,Finished
2025,7,Emilia Romagna Grand Prix,imola,2025-05-18,antonelli,mercedes,13,19,R,0.0,44,Retired
2025,7,Emilia Romagna Grand Prix,imola,2025-05-18,ocon,haas,18,20,R,0.0,27,Retired
2025,8,Monaco Grand Prix,monaco,2025-05-25,norris,mclaren,1,1,1,25.0,78,Finished
2025,8,Monaco Grand Prix,monaco,2025-05-25,leclerc,ferrari,2,2,2,18.0,78,Finished
2025,8,Monaco Grand Prix,monaco,2025-05-25,piastri,mclaren,3,3,3,15.0,78,Finished
2025,8,Monaco Grand Prix,monaco,2025-05-25,max_verstappen,red_bull,4,4,4,12.0,78,Finished
2025,8,Monaco Grand Prix,monaco,2025-05-25,hamilton,ferrari,7,5,5,10.0,78,Finished
2025,8,Monaco Grand Prix,monaco,2025-05-25,hadjar,rb,5,6,6,8.0,77,Lapped
2025,8,Monaco Grand Prix,monaco,2025-05-25,ocon,haas,8,7,7,6.0,77,Lapped
2025,8,Monaco Grand Prix,monaco,2025-05-25,lawson,rb,9,8,8,4.0,77,Lapped
2025,8,Monaco Grand Prix,monaco,2025-05-25,albon,williams,10,9,9,2.0,76,Lapped
2025,8,Monaco Grand Prix,monaco,2025-05-25,sainz,williams,11,10,10,1.0,76,Lapped
2025,8,Monaco Grand Prix,monaco,2025-05-25,russell,mercedes,14,11,11,0.0,76,Lapped
2025,8,Monaco Grand Prix,monaco,2025-05-25,bearman,haas,20,12,12,0.0,76,Lapped
2025,8,Monaco Grand Prix,monaco,2025-05-25,colapinto,alpine,18,13,13,0.0,76,Lapped
2025,8,Monaco Grand Prix,monaco,2025-05-25,bortoleto,sauber,16,14,14,0.0,76,Lapped
2025,8,Monaco Grand Prix,monaco,2025-05-25,stroll,aston_martin,19,15,15,0.0,76,Lapped
2025,8,Monaco Grand Prix,monaco,2025-05-25,hulkenberg,sauber,13,16,16,0.0,76,Lapped
2025,8,Monaco Grand Prix,monaco,2025-05-25,tsunoda,red_bull,12,17,17,0.0,76,Lapped
2025,8,Monaco Grand Prix,monaco,2025-05-25,antonelli,mercedes,15,18,18,0.0,75,Lapped
2025,8,Monaco Grand Prix,monaco,2025-05-25,alonso,aston_martin,6,19,R,0.0,36,Retired
2025,8,Monaco Grand Prix,monaco,2025-05-25,gasly,alpine,17,20,R,0.0,7,Retired
2025,9,Spanish Grand Prix,catalunya,2025-06-01,piastri,mclaren,1,1,1,25.0,66,Finished
2025,9,Spanish Grand Prix,catalunya,2025-06-01,norris,mclaren,2,2,2,18.0,66,Finished
2025,9,Spanish Grand Prix,catalunya,2025-06-01,leclerc,ferrari,7,3,3,15.0,66,Finished
2025,9,Spanish Grand Prix,catalunya,2025-06-01,russell,mercedes,4,4,4,12.0,66,Finished
2025,9,Spanish Grand Prix,catalunya,2025-06-01,hulkenberg,sauber,15,5,5,10.0,66,Finished
2025,9,Spanish Grand Prix,catalunya,2025-06-01,hamilton,ferrari,5,6,6,8.0,66,Finished
2025,9,Spanish Grand Prix,catalunya,2025-06-01,hadjar,rb,9,7,7,6.0,66,Finished
2025,9,Spanish Grand Prix,catalunya,2025-06-01,gasly,alpine,8,8,8,4.0,66,Finished
2025,9,Spanish Grand Prix,catalunya,2025-06-01,alonso,aston_martin,10,9,9,2.0,66,Finished
2025,9,Spanish Grand Prix,catalunya,2025-06-01,max_verstappen,red_bull,3,10,10,1.0,66,Finished
2025,9,Spanish Grand Prix,catalunya,2025-06-01,lawson,rb,13,11,11,0.0,66,Finished
2025,9,Spanish Grand Prix,catalunya,2025-06-01,bortoleto,sauber,12,12,12,0.0,66,Finished
2025,9,Spanish Grand Prix,catalunya,2025-06-01,tsunoda,red_bull,19,13,13,0.0,66,Finished
2025,9,Spanish Grand Prix,catalunya,2025-06-01,sainz,williams,17,14,14,0.0,66,Finished
2025,9,Spanish Grand Prix,catalunya,2025-06-01,colapinto,alpine,18,15,15,0.0,66,Finished
2025,9,Spanish Grand Prix,catalunya,2025-06-01,ocon,haas,16,16,16,0.0,66,Finished
2025,9,Spanish Grand Prix,catalunya,2025-06-01,bearman,haas,14,17,17,0.0,66,Finished
2025,9,Spanish Grand Prix,catalunya,2025-06-01,antonelli,mercedes,6,18,R,0.0,53,Retired
2025,9,Spanish Grand Prix,catalunya,2025-06-01,albon,williams,11,19,R,0.0,27,Retired
2025,10,Canadian Grand Prix,villeneuve,2025-06-15,russell,mercedes,1,1,1,25.0,70,Finished
2025,10,Canadian Grand Prix,villeneuve,2025-06-15,max_verstappen,red_bull,2,2,2,18.0,70,Finished
2025,10,Canadian Grand Prix,villeneuve,2025-06-15,antonelli,mercedes,4,3,3,15.0,70,Finished
2025,10,Canadian Grand Prix,villeneuve,2025-06-15,piastri,mclaren,3,4,4,12.0,70,Finished
2025,10,Canadian Grand Prix,villeneuve,2025-06-15,leclerc,ferrari,8,5,5,10.0,70,Finished
2025,10,Canadian Grand Prix,villeneuve,2025-06-15,hamilton,ferrari,5,6,6,8.0,70,Finished
2025,10,Canadian Grand Prix,villeneuve,2025-06-15,alonso,aston_martin,6,7,7,6.0,70,Finished
2025,10,Canadian Grand Prix,villeneuve,2025-06-15,hulkenberg,sauber,11,8,8,4.0,70,Finished
2025,10,Canadian Grand Prix,villeneuve,2025-06-15,ocon,haas,14,9,9,2.0,69,Lapped
2025,10,Canadian Grand Prix,villeneuve,2025-06-15,sainz,williams,16,10,10,1.0,69,Lapped
2025,10,Canadian Grand Prix,villeneuve,2025-06-15,bearman,haas,13,11,11,0.0,69,Lapped
2025,10,Canadian Grand Prix,villeneuve,2025-06-15,tsunoda,red_bull,18,12,12,0.0,69,Lapped
2025,10,Canadian Grand Prix,villeneuve,2025-06-15,colapinto,alpine,10,13,13,0.0,69,Lapped
2025,10,Canadian Grand Prix,villeneuve,2025-06-15,bortoleto,sauber,15,14,14,0.0,69,Lapped
2025,10,Canadian Grand Prix,villeneuve,2025-06-15,gasly,alpine,20,15,15,0.0,69,Lapped
2025,10,Canadian Grand Prix,villeneuve,2025-06-15,hadjar,rb,12,16,16,0.0,69,Lapped
2025,10,Canadian Grand Prix,villeneuve,2025-06-15,stroll,aston_martin,17,17,17,0.0,69,Lapped
2025,10,Canadian Grand Prix,villeneuve,2025-06-15,norris,mclaren,7,18,18,0.0,66,Retired
2025,10,Canadian Grand Prix,villeneuve,2025-06-15,lawson,rb,19,19,R,0.0,53,Retired
2025,10,Canadian Grand Prix,villeneuve,2025-06-15,albon,williams,9,20,R,0.0,46,Retired
2025,11,Austrian Grand Prix,red_bull_ring,2025-06-29,norris,mclaren,1,1,1,25.0,70,Finished
2025,11,Austrian Grand Prix,red_bull_ring,2025-06-29,piastri,mclaren,3,2,2,18.0,70,Finished
2025,11,Austrian Grand Prix,red_bull_ring,2025-06-29,leclerc,ferrari,2,3,3,15.0,70,Finished
2025,11,Austrian Grand Prix,red_bull_ring,2025-06-29,hamilton,ferrari,4,4,4,12.0,70,Finished
2025,11,Austrian Grand Prix,red_bull_ring,2025-06-29,russell,mercedes,5,5,5,10.0,70,Finished
2025,11,Austrian Grand Prix,red_bull_ring,2025-06-29,lawson,rb,6,6,6,8.0,70,Finished
2025,11,Austrian Grand Prix,red_bull_ring,2025-06-29,alonso,aston_martin,11,7,7,6.0,69,Lapped
2025,11,Austrian Grand Prix,red_bull_ring,2025-06-29,bortoleto,sauber,8,8,8,4.0,69,Lapped
2025,11,Austrian Grand Prix,red_bull_ring,2025-06-29,hulkenberg,sauber,20,9,9,2.0,69,Lapped
2025,11,Austrian Grand Prix,red_bull_ring,2025-06-29,ocon,haas,17,10,10,1.0,69,Lapped
2025,11,Austrian Grand Prix,red_bull_ring,2025-06-29,bearman,haas,15,11,11,0.0,69,Lapped
2025,11,Austrian Grand Prix,red_bull_ring,2025-06-29,hadjar,rb,13,12,12,0.0,69,Lapped
2025,11,Austrian Grand Prix,red_bull_ring,2025-06-29,gasly,alpine,10,13,13,0.0,69,Lapped
2025,11,Austrian Grand Prix,red_bull_ring,2025-06-29,stroll,aston_martin,16,14,14,0.0,69,Lapped
2025,11,Austrian Grand Prix,red_bull_ring,2025-06-29,colapinto,alpine,14,15,15,0.0,69,Lapped
2025,11,Austrian Grand Prix,red_bull_ring,2025-06-29,tsunoda,red_bull,18,16,16,0.0,68,Lapped
2025,11,Austrian Grand Prix,red_bull_ring,2025-06-29,albon,williams,12,17,R,0.0,15,Retired
2025,11,Austrian Grand Prix,red_bull_ring,2025-06-29,max_verstappen,red_bull,7,18,R,0.0,0,Retired
2025,11,Austrian Grand Prix,red_bull_ring,2025-06-29,antonelli,mercedes,9,19,R,0.0,0,Retired
2025,11,Austrian Grand Prix,red_bull_ring,2025-06-29,sainz,williams,19,20,W,0.0,0,Did not start
2025,12,British Grand Prix,silverstone,2025-07-06,norris,mclaren,3,1,1,25.0,52,Finished
2025,12,British Grand Prix,silverstone,2025-07-06,piastri,mclaren,2,2,2,18.0,52,Finished
2025,12,British Grand Prix,silverstone,2025-07-06,hulkenberg,sauber,19,3,3,15.0,52,Finished
2025,12,British Grand Prix,silverstone,2025-07-06,hamilton,ferrari,5,4,4,12.0,52,Finished
2025,12,British Grand Prix,silverstone,2025-07-06,max_verstappen,red_bull,1,5,5,10.0,52,Finished
2025,12,British Grand Prix,silverstone,2025-07-06,gasly,alpine,8,6,6,8.0,52,Finished
2025,12,British Grand Prix,silverstone,2025-07-06,stroll,aston_martin,17,7,7,6.0,52,Finished
2025,12,British Grand Prix,silverstone,2025-07-06,albon,williams,13,8,8,4.0,52,Finished
2025,12,British Grand Prix,silverstone,2025-07-06,alonso,aston_martin,7,9,9,2.0,52,Finished
2025,12,British Grand Prix,silverstone,2025-07-06,russell,mercedes,4,10,10,1.0,52,Finished
2025,12,British Grand Prix,silverstone,2025-07-06,bearman,haas,18,11,11,0.0,52,Finished
2025,12,British Grand Prix,silverstone,2025-07-06,sainz,williams,9,12,12,0.0,52,Finished
2025,12,British Grand Prix,silverstone,2025-07-06,ocon,haas,14,13,13,0.0,52,Finished
2025,12,British Grand Prix,silverstone,2025-07-06,leclerc,ferrari,6,14,14,0.0,52,Finished
2025,12,British Grand Prix,silverstone,2025-07-06,tsunoda,red_bull,11,15,15,0.0,51,Lapped
2025,12,British Grand Prix,silverstone,2025-07-06,antonelli,mercedes,10,16,R,0.0,23,Retired
2025,12,British Grand Prix,silverstone,2025-07-06,hadjar,rb,12,17,R,0.0,17,Retired
2025,12,British Grand Prix,silverstone,2025-07-06,bortoleto,sauber,16,18,R,0.0,3,Retired
2025,12,British Grand Prix,silverstone,2025-07-06,lawson,rb,15,19,R,0.0,0,Retired
2025,12,British Grand Prix,silverstone,2025-07-06,colapinto,alpine,20,20,W,0.0,0,Did not start
2025,13,Belgian Grand Prix,spa,2025-07-27,piastri,mclaren,2,1,1,25.0,44,Finished
2025,13,Belgian Grand Prix,spa,2025-07-27,norris,mclaren,1,2,2,18.0,44,Finished
2025,13,Belgian Grand Prix,spa,2025-07-27,leclerc,ferrari,3,3,3,15.0,44,Finished
2025,13,Belgian Grand Prix,spa,2025-07-27,max_verstappen,red_bull,4,4,4,12.0,44,Finished
2025,13,Belgian Grand Prix,spa,2025-07-27,russell,mercedes,6,5,5,10.0,44,Finished
2025,13,Belgian Grand Prix,spa,2025-07-27,albon,williams,5,6,6,8.0,44,Finished
2025,13,Belgian Grand Prix,spa,2025-07-27,hamilton,ferrari,18,7,7,6.0,44,Finished
2025,13,Belgian Grand Prix,spa,2025-07-27,lawson,rb,9,8,8,4.0,44,Finished
2025,13,Belgian Grand Prix,spa,2025-07-27,bortoleto,sauber,10,9,9,2.0,44,Finished
2025,13,Belgian Grand Prix,spa,2025-07-27,gasly,alpine,13,10,10,1.0,44,Finished
2025,13,Belgian Grand Prix,spa,2025-07-27,bearman,haas,12,11,11,0.0,44,Finished
2025,13,Belgian Grand Prix,spa,2025-07-27,hulkenberg,sauber,14,12,12,0.0,44,Finished
2025,13,Belgian Grand Prix,spa,2025-07-27,tsunoda,red_bull,7,13,13,0.0,44,Finished
2025,13,Belgian Grand Prix,spa,2025-07-27,stroll,aston_martin,16,14,14,0.0,44,Finished
2025,13,Belgian Grand Prix,spa,2025-07-27,ocon,haas,11,15,15,0.0,44,Finished
2025,13,Belgian Grand Prix,spa,2025-07-27,antonelli,mercedes,19,16,16,0.0,44,Finished
2025,13,Belgian Grand Prix,spa,2025-07-27,alonso,aston_martin,20,17,17,0.0,44,Finished
2025,13,Belgian Grand Prix,spa,2025-07-27,sainz,williams,17,18,18,0.0,44,Finished
2025,13,Belgian Grand Prix,spa,2025-07-27,colapinto,alpine,15,19,19,0.0,44,Finished
2025,13,Belgian Grand Prix,spa,2025-07-27,hadjar,rb,8,20,20,0.0,43,Lapped
2025,14,Hungarian Grand Prix,hungaroring,2025-08-03,norris,mclaren,3,1,1,25.0,70,Finished
2025,14,Hungarian Grand Prix,hungaroring,2025-08-03,piastri,mclaren,2,2,2,18.0,70,Finished
2025,14,Hungarian Grand Prix,hungaroring,2025-08-03,russell,mercedes,4,3,3,15.0,70,Finished
2025,14,Hungarian Grand Prix,hungaroring,2025-08-03,leclerc,ferrari,1,4,4,12.0,70,Finished
2025,14,Hungarian Grand Prix,hungaroring,2025-08-03,alonso,aston_martin,5,5,5,10.0,70,Finished
2025,14,Hungarian Grand Prix,hungaroring,2025-08-03,bortoleto,sauber,7,6,6,8.0,70,Finished
2025,14,Hungarian Grand Prix,hungaroring,2025-08-03,stroll,aston_martin,6,7,7,6.0,70,Finished
2025,14,Hungarian Grand Prix,hungaroring,2025-08-03,lawson,rb,9,8,8,4.0,70,Finished
2025,14,Hungarian Grand Prix,hungaroring,2025-08-03,max_verstappen,red_bull,8,9,9,2.0,70,Finished
2025,14,Hungarian Grand Prix,hungaroring,2025-08-03,antonelli,mercedes,15,10,10,1.0,69,Lapped
2025,14,Hungarian Grand Prix,hungaroring,2025-08-03,hadjar,rb,10,11,11,0.0,69,Lapped
2025,14,Hungarian Grand Prix,hungaroring,2025-08-03,hamilton,ferrari,12,12,12,0.0,69,Lapped
2025,14,Hungarian Grand Prix,hungaroring,2025-08-03,hulkenberg,sauber,18,13,13,0.0,69,Lapped
2025,14,Hungarian Grand Prix,hungaroring,2025-08-03,sainz,williams,13,14,14,0.0,69,Lapped
2025,14,Hungarian Grand Prix,hungaroring,2025-08-03,albon,williams,19,15,15,0.0,69,Lapped
2025,14,Hungarian Grand Prix,hungaroring,2025-08-03,ocon,haas,17,16,16,0.0,69,Lapped
2025,14,Hungarian Grand Prix,hungaroring,2025-08-03,tsunoda,red_bull,20,17,17,0.0,69,Lapped
2025,14,Hungarian Grand Prix,hungaroring,2025-08-03,colapinto,alpine,14,18,18,0.0,69,Lapped
2025,14,Hungarian Grand Prix,hungaroring,2025-08-03,gasly,alpine,16,19,19,0.0,69,Lapped
2025,14,Hungarian Grand Prix,hungaroring,2025-08-03,bearman,haas,11,20,R,0.0,48,Retired
2025,15,Dutch Grand Prix,zandvoort,2025-08-31,piastri,mclaren,1,1,1,25.0,72,Finished
2025,15,Dutch Grand Prix,zandvoort,2025-08-31,max_verstappen,red_bull,3,2,2,18.0,72,Finished
2025,15,Dutch Grand Prix,zandvoort,2025-08-31,hadjar,rb,4,3,3,15.0,72,Finished
2025,15,Dutch Grand Prix,zandvoort,2025-08-31,russell,mercedes,5,4,4,12.0,72,Finished
2025,15,Dutch Grand Prix,zandvoort,2025-08-31,albon,williams,15,5,5,10.0,72,Finished
2025,15,Dutch Grand Prix,zandvoort,2025-08-31,bearman,haas,20,6,6,8.0,72,Finished
2025,15,Dutch Grand Prix,zandvoort,2025-08-31,stroll,aston_martin,19,7,7,6.0,72,Finished
2025,15,Dutch Grand Prix,zandvoort,2025-08-31,alonso,aston_martin,10,8,8,4.0,72,Finished
2025,15,Dutch Grand Prix,zandvoort,2025-08-31,tsunoda,red_bull,12,9,9,2.0,72,Finished
2025,15,Dutch Grand Prix,zandvoort,2025-08-31,ocon,haas,18,10,10,1.0,72,Finished
2025,15,Dutch Grand Prix,zandvoort,2025-08-31,colapinto,alpine,16,11,11,0.0,72,Finished
2025,15,Dutch Grand Prix,zandvoort,2025-08-31,lawson,rb,8,12,12,0.0,72,Finished
2025,15,Dutch Grand Prix,zandvoort,2025-08-31,sainz,williams,9,13,13,0.0,72,Finished
2025,15,Dutch Grand Prix,zandvoort,2025-08-31,hulkenberg,sauber,17,14,14,0.0,72,Finished
2025,15,Dutch Grand Prix,zandvoort,2025-08-31,bortoleto,sauber,13,15,15,0.0,72,Finished
2025,15,Dutch Grand Prix,zandvoort,2025-08-31,antonelli,mercedes,11,16,16,0.0,72,Finished
2025,15,Dutch Grand Prix,zandvoort,2025-08-31,gasly,alpine,14,17,17,0.0,72,Finished
2025,15,Dutch Grand Prix,zandvoort,2025-08-31,norris,mclaren,2,18,18,0.0,64,Retired
2025,15,Dutch Grand Prix,zandvoort,2025-08-31,leclerc,ferrari,6,19,R,0.0,52,Retired
2025,15,Dutch Grand Prix,zandvoort,2025-08-31,hamilton,ferrari,7,20,R,0.0,22,Retired
2025,16,Italian Grand Prix,monza,2025-09-07,max_verstappen,red_bull,1,1,1,25.0,53,Finished
2025,16,Italian Grand Prix,monza,2025-09-07,norris,mclaren,2,2,2,18.0,53,Finished
2025,16,Italian Grand Prix,monza,2025-09-07,piastri,mclaren,3,3,3,15.0,53,Finished
2025,16,Italian Grand Prix,monza,2025-09-07,leclerc,ferrari,4,4,4,12.0,53,Finished
2025,16,Italian Grand Prix,monza,2025-09-07,russell,mercedes,5,5,5,10.0,53,Finished
2025,16,Italian Grand Prix,monza,2025-09-07,hamilton,ferrari,10,6,6,8.0,53,Finished
2025,16,Italian Grand Prix,monza,2025-09-07,albon,williams,14,7,7,6.0,53,Finished
2025,16,Italian Grand Prix,monza,2025-09-07,bortoleto,sauber,7,8,8,4.0,53,Finished
2025,16,Italian Grand Prix,monza,2025-09-07,antonelli,mercedes,6,9,9,2.0,53,Finished
2025,16,Italian Grand Prix,monza,2025-09-07,hadjar,rb,19,10,10,1.0,53,Finished
2025,16,Italian Grand Prix,monza,2025-09-07,sainz,williams,13,11,11,0.0,53,Finished
2025,16,Italian Grand Prix,monza,2025-09-07,bearman,haas,11,12,12,0.0,53,Finished
2025,16,Italian Grand Prix,monza,2025-09-07,tsunoda,red_bull,9,13,13,0.0,53,Finished
2025,16,Italian Grand Prix,monza,2025-09-07,lawson,rb,18,14,14,0.0,53,Finished
2025,16,Italian Grand Prix,monza,2025-09-07,ocon,haas,15,15,15,0.0,52,Lapped
2025,16,Italian Grand Prix,monza,2025-09-07,gasly,alpine,20,16,16,0.0,52,Lapped
2025,16,Italian Grand Prix,monza,2025-09-07,colapinto,alpine,17,17,17,0.0,52,Lapped
2025,16,Italian Grand Prix,monza,2025-09-07,stroll,aston_martin,16,18,18,0.0,52,Lapped
2025,16,Italian Grand Prix,monza,2025-09-07,alonso,aston_martin,8,19,R,0.0,24,Retired
2025,16,Italian Grand Prix,monza,2025-09-07,hulkenberg,sauber,12,20,W,0.0,0,Did not start
2025,17,Azerbaijan Grand Prix,baku,2025-09-21,max_verstappen,red_bull,1,1,1,25.0,51,Finished
2025,17,Azerbaijan Grand Prix,baku,2025-09-21,russell,mercedes,5,2,2,18.0,51,Finished
2025,17,Azerbaijan Grand Prix,baku,2025-09-21,sainz,williams,2,3,3,15.0,51,Finished
2025,17,Azerbaijan Grand Prix,baku,2025-09-21,antonelli,mercedes,4,4,4,12.0,51,Finished
2025,17,Azerbaijan Grand Prix,baku,2025-09-21,lawson,rb,3,5,5,10.0,51,Finished
2025,17,Azerbaijan Grand Prix,baku,2025-09-21,tsunoda,red_bull,6,6,6,8.0,51,Finished
2025,17,Azerbaijan Grand Prix,baku,2025-09-21,norris,mclaren,7,7,7,6.0,51,Finished
2025,17,Azerbaijan Grand Prix,baku,2025-09-21,hamilton,ferrari,12,8,8,4.0,51,Finished
2025,17,Azerbaijan Grand Prix,baku,2025-09-21,leclerc,ferrari,10,9,9,2.0,51,Finished
2025,17,Azerbaijan Grand Prix,baku,2025-09-21,hadjar,rb,8,10,10,1.0,51,Finished
2025,17,Azerbaijan Grand Prix,baku,2025-09-21,bortoleto,sauber,13,11,11,0.0,51,Finished
2025,17,Azerbaijan Grand Prix,baku,2025-09-21,bearman,haas,15,12,12,0.0,51,Finished
2025,17,Azerbaijan Grand Prix,baku,2025-09-21,albon,williams,19,13,13,0.0,51,Finished
2025,17,Azerbaijan Grand Prix,baku,2025-09-21,ocon,haas,20,14,14,0.0,51,Finished
2025,17,Azerbaijan Grand Prix,baku,2025-09-21,alonso,aston_martin,11,15,15,0.0,51,Finished
2025,17,Azerbaijan Grand Prix,baku,2025-09-21,hulkenberg,sauber,17,16,16,0.0,51,Finished
2025,17,Azerbaijan Grand Prix,baku,2025-09-21,stroll,aston_martin,14,17,17,0.0,51,Finished
2025,17,Azerbaijan Grand Prix,baku,2025-09-21,gasly,alpine,18,18,18,0.0,50,Lapped
2025,17,Azerbaijan Grand Prix,baku,2025-09-21,colapinto,alpine,16,19,19,0.0,50,Lapped
2025,17,Azerbaijan Grand Prix,baku,2025-09-21,piastri,mclaren,9,20,R,0.0,0,Retired
2025,18,Singapore Grand Prix,marina_bay,2025-10-05,russell,mercedes,1,1,1,25.0,62,Finished
2025,18,Singapore Grand Prix,marina_bay,2025-10-05,max_verstappen,red_bull,2,2,2,18.0,62,Finished
2025,18,Singapore Grand Prix,marina_bay,2025-10-05,norris,mclaren,5,3,3,15.0,62,Finished
2025,18,Singapore Grand Prix,marina_bay,2025-10-05,piastri,mclaren,3,4,4,12.0,62,Finished
2025,18,Singapore Grand Prix,marina_bay,2025-10-05,antonelli,mercedes,4,5,5,10.0,62,Finished
2025,18,Singapore Grand Prix,marina_bay,2025-10-05,leclerc,ferrari,7,6,6,8.0,62,Finished
2025,18,Singapore Grand Prix,marina_bay,2025-10-05,alonso,aston_martin,10,7,7,6.0,62,Finished
2025,18,Singapore Grand Prix,marina_bay,2025-10-05,hamilton,ferrari,6,8,8,4.0,62,Finished
2025,18,Singapore Grand Prix,marina_bay,2025-10-05,bearman,haas,9,9,9,2.0,62,Finished
2025,18,Singapore Grand Prix,marina_bay,2025-10-05,sainz,williams,18,10,10,1.0,61,Lapped
2025,18,Singapore Grand Prix,marina_bay,2025-10-05,hadjar,rb,8,11,11,0.0,61,Lapped
2025,18,Singapore Grand Prix,marina_bay,2025-10-05,tsunoda,red_bull,13,12,12,0.0,61,Lapped
2025,18,Singapore Grand Prix,marina_bay,2025-10-05,stroll,aston_martin,15,13,13,0.0,61,Lapped
2025,18,Singapore Grand Prix,marina_bay,2025-10-05,albon,williams,20,14,14,0.0,61,Lapped
2025,18,Singapore Grand Prix,marina_bay,2025-10-05,lawson,rb,12,15,15,0.0,61,Lapped
2025,18,Singapore Grand Prix,marina_bay,2025-10-05,colapinto,alpine,16,16,16,0.0,61,Lapped
2025,18,Singapore Grand Prix,marina_bay,2025-10-05,bortoleto,sauber,14,17,17,0.0,61,Lapped
2025,18,Singapore Grand Prix,marina_bay,2025-10-05,ocon,haas,17,18,18,0.0,61,Lapped
2025,18,Singapore Grand Prix,marina_bay,2025-10-05,gasly,alpine,19,19,19,0.0,61,Lapped
2025,18,Singapore Grand Prix,marina_bay,2025-10-05,hulkenberg,sauber,11,20,20,0.0,61,Lapped
2025,19,United States Grand Prix,americas,2025-10-19,max_verstappen,red_bull,1,1,1,25.0,56,Finished
2025,19,United States Grand Prix,americas,2025-10-19,norris,mclaren,2,2,2,18.0,56,Finished
2025,19,United States Grand Prix,americas,2025-10-19,leclerc,ferrari,3,3,3,15.0,56,Finished
2025,19,United States Grand Prix,americas,2025-10-19,hamilton,ferrari,5,4,4,12.0,56,Finished
2025,19,United States Grand Prix,americas,2025-10-19,piastri,mclaren,6,5,5,10.0,56,Finished
2025,19,United States Grand Prix,americas,2025-10-19,russell,mercedes,4,6,6,8.0,56,Finished
2025,19,United States Grand Prix,americas,2025-10-19,tsunoda,red_bull,13,7,7,6.0,56,Finished
2025,19,United States Grand Prix,americas,2025-10-19,hulkenberg,sauber,11,8,8,4.0,56,Finished
2025,19,United States Grand Prix,americas,2025-10-19,bearman,haas,8,9,9,2.0,56,Finished
2025,19,United States Grand Prix,americas,2025-10-19,alonso,aston_martin,10,10,10,1.0,56,Finished
2025,19,United States Grand Prix,americas,2025-10-19,lawson,rb,12,11,11,0.0,56,Finished
2025,19,United States Grand Prix,americas,2025-10-19,stroll,aston_martin,19,12,12,0.0,56,Finished
2025,19,United States Grand Prix,americas,2025-10-19,antonelli,mercedes,7,13,13,0.0,56,Finished
2025,19,United States Grand Prix,americas,2025-10-19,albon,williams,18,14,14,0.0,56,Finished
2025,19,United States Grand Prix,americas,2025-10-19,ocon,haas,17,15,15,0.0,56,Finished
2025,19,United States Grand Prix,americas,2025-10-19,hadjar,rb,20,16,16,0.0,56,Finished
2025,19,United States Grand Prix,americas,2025-10-19,colapinto,alpine,15,17,17,0.0,55,Lapped
2025,19,United States Grand Prix,americas,2025-10-19,bortoleto,sauber,16,18,18,0.0,55,Lapped
2025,19,United States Grand Prix,americas,2025-10-19,gasly,alpine,14,19,19,0.0,55,Lapped
2025,19,United States Grand Prix,americas,2025-10-19,sainz,williams,9,20,R,0.0,5,Retired
2025,20,Mexico City Grand Prix,rodriguez,2025-10-26,norris,mclaren,1,1,1,25.0,71,Finished
2025,20,Mexico City Grand Prix,rodriguez,2025-10-26,leclerc,ferrari,2,2,2,18.0,71,Finished
2025,20,Mexico City Grand Prix,rodriguez,2025-10-26,max_verstappen,red_bull,5,3,3,15.0,71,Finished
2025,20,Mexico City Grand Prix,rodriguez,2025-10-26,bearman,haas,9,4,4,12.0,71,Finished
2025,20,Mexico City Grand Prix,rodriguez,2025-10-26,piastri,mclaren,7,5,5,10.0,71,Finished
2025,20,Mexico City Grand Prix,rodriguez,2025-10-26,antonelli,mercedes,6,6,6,8.0,71,Finished
2025,20,Mexico City Grand Prix,rodriguez,2025-10-26,russell,mercedes,4,7,7,6.0,71,Finished
2025,20,Mexico City Grand Prix,rodriguez,2025-10-26,hamilton,ferrari,3,8,8,4.0,71,Finished
2025,20,Mexico City Grand Prix,rodriguez,2025-10-26,ocon,haas,11,9,9,2.0,71,Finished
2025,20,Mexico City Grand Prix,rodriguez,2025-10-26,bortoleto,sauber,16,10,10,1.0,71,Finished
2025,20,Mexico City Grand Prix,rodriguez,2025-10-26,tsunoda,red_bull,10,11,11,0.0,71,Finished
2025,20,Mexico City Grand Prix,rodriguez,2025-10-26,albon,williams,17,12,12,0.0,70,Lapped
2025,20,Mexico City Grand Prix,rodriguez,2025-10-26,hadjar,rb,8,13,13,0.0,70,Lapped
2025,20,Mexico City Grand Prix,rodriguez,2025-10-26,stroll,aston_martin,19,14,14,0.0,70,Lapped
2025,20,Mexico City Grand Prix,rodriguez,2025-10-26,gasly,alpine,18,15,15,0.0,70,Lapped
2025,20,Mexico City Grand Prix,rodriguez,2025-10-26,colapinto,alpine,20,16,16,0.0,70,Lapped
2025,20,Mexico City Grand Prix,rodriguez,2025-10-26,sainz,williams,12,17,17,0.0,67,Retired
2025,20,Mexico City Grand Prix,rodriguez,2025-10-26,alonso,aston_martin,14,18,R,0.0,34,Retired
2025,20,Mexico City Grand Prix,rodriguez,2025-10-26,hulkenberg,sauber,13,19,R,0.0,25,Retired
2025,20,Mexico City Grand Prix,rodriguez,2025-10-26,lawson,rb,15,20,R,0.0,5,Retired
2025,21,São Paulo Grand Prix,interlagos,2025-11-09,norris,mclaren,1,1,1,25.0,71,Finished
2025,21,São Paulo Grand Prix,interlagos,2025-11-09,antonelli,mercedes,2,2,2,18.0,71,Finished
2025,21,São Paulo Grand Prix,interlagos,2025-11-09,max_verstappen,red_bull,19,3,3,15.0,71,Finished
2025,21,São Paulo Grand Prix,interlagos,2025-11-09,russell,mercedes,6,4,4,12.0,71,Finished
2025,21,São Paulo Grand Prix,interlagos,2025-11-09,piastri,mclaren,4,5,5,10.0,71,Finished
2025,21,São Paulo Grand Prix,interlagos,2025-11-09,bearman,haas,8,6,6,8.0,71,Finished
2025,21,São Paulo Grand Prix,interlagos,2025-11-09,lawson,rb,7,7,7,6.0,71,Finished
2025,21,São Paulo Grand Prix,interlagos,2025-11-09,hadjar,rb,5,8,8,4.0,71,Finished
2025,21,São Paulo Grand Prix,interlagos,2025-11-09,hulkenberg,sauber,10,9,9,2.0,71,Finished
2025,21,São Paulo Grand Prix,interlagos,2025-11-09,gasly,alpine,9,10,10,1.0,71,Finished
2025,21,São Paulo Grand Prix,interlagos,2025-11-09,albon,williams,12,11,11,0.0,71,Finished
2025,21,São Paulo Grand Prix,interlagos,2025-11-09,ocon,haas,20,12,12,0.0,71,Finished
2025,21,São Paulo Grand Prix,interlagos,2025-11-09,sainz,williams,15,13,13,0.0,71,Finished
2025,21,São Paulo Grand Prix,interlagos,2025-11-09,alonso,aston_martin,11,14,14,0.0,71,Finished
2025,21,São Paulo Grand Prix,interlagos,2025-11-09,colapinto,alpine,16,15,15,0.0,71,Finished
2025,21,São Paulo Grand Prix,interlagos,2025-11-09,stroll,aston_martin,14,16,16,0.0,71,Finished
2025,21,São Paulo Grand Prix,interlagos,2025-11-09,tsunoda,red_bull,17,17,17,0.0,71,Finished
2025,21,São Paulo Grand Prix,interlagos,2025-11-09,hamilton,ferrari,13,18,R,0.0,37,Retired
2025,21,São Paulo Grand Prix,interlagos,2025-11-09,leclerc,ferrari,3,19,R,0.0,5,Retired
2025,21,São Paulo Grand Prix,interlagos,2025-11-09,bortoleto,sauber,18,20,R,0.0,0,Retired
2025,22,Las Vegas Grand Prix,vegas,2025-11-23,max_verstappen,red_bull,2,1,1,25.0,50,Finished
2025,22,Las Vegas Grand Prix,vegas,2025-11-23,russell,mercedes,4,2,2,18.0,50,Finished
2025,22,Las Vegas Grand Prix,vegas,2025-11-23,antonelli,mercedes,17,3,3,15.0,50,Finished
2025,22,Las Vegas Grand Prix,vegas,2025-11-23,leclerc,ferrari,9,4,4,12.0,50,Finished
2025,22,Las Vegas Grand Prix,vegas,2025-11-23,sainz,williams,3,5,5,10.0,50,Finished
2025,22,Las Vegas Grand Prix,vegas,2025-11-23,hadjar,rb,8,6,6,8.0,50,Finished
2025,22,Las Vegas Grand Prix,vegas,2025-11-23,hulkenberg,sauber,11,7,7,6.0,50,Finished
2025,22,Las Vegas Grand Prix,vegas,2025-11-23,hamilton,ferrari,19,8,8,4.0,50,Finished
2025,22,Las Vegas Grand Prix,vegas,2025-11-23,ocon,haas,13,9,9,2.0,50,Finished
2025,22,Las Vegas Grand Prix,vegas,2025-11-23,bearman,haas,14,10,10,1.0,50,Finished
2025,22,Las Vegas Grand Prix,vegas,2025-11-23,alonso,aston_martin,7,11,11,0.0,50,Finished
2025,22,Las Vegas Grand Prix,vegas,2025-11-23,tsunoda,red_bull,20,12,12,0.0,50,Finished
2025,22,Las Vegas Grand Prix,vegas,2025-11-23,gasly,alpine,10,13,13,0.0,50,Finished
2025,22,Las Vegas Grand Prix,vegas,2025-11-23,lawson,rb,6,14,14,0.0,49,Lapped
2025,22,Las Vegas Grand Prix,vegas,2025-11-23,colapinto,alpine,15,15,15,0.0,49,Lapped
2025,22,Las Vegas Grand Prix,vegas,2025-11-23,albon,williams,16,16,R,0.0,35,Retired
2025,22,Las Vegas Grand Prix,vegas,2025-11-23,bortoleto,sauber,18,17,R,0.0,2,Retired
2025,22,Las Vegas Grand Prix,vegas,2025-11-23,stroll,aston_martin,12,18,R,0.0,0,Retired
2025,22,Las Vegas Grand Prix,vegas,2025-11-23,norris,mclaren,1,19,D,0.0,50,Disqualified
2025,22,Las Vegas Grand Prix,vegas,2025-11-23,piastri,mclaren,5,20,D,0.0,50,Disqualified
2025,23,Qatar Grand Prix,losail,2025-11-30,max_verstappen,red_bull,3,1,1,25.0,57,Finished
2025,23,Qatar Grand Prix,losail,2025-11-30,piastri,mclaren,1,2,2,18.0,57,Finished
2025,23,Qatar Grand Prix,losail,2025-11-30,sainz,williams,7,3,3,15.0,57,Finished
2025,23,Qatar Grand Prix,losail,2025-11-30,norris,mclaren,2,4,4,12.0,57,Finished
2025,23,Qatar Grand Prix,losail,2025-11-30,antonelli,mercedes,5,5,5,10.0,57,Finished
2025,23,Qatar Grand Prix,losail,2025-11-30,russell,mercedes,4,6,6,8.0,57,Finished
2025,23,Qatar Grand Prix,losail,2025-11-30,alonso,aston_martin,8,7,7,6.0,57,Finished
2025,23,Qatar Grand Prix,losail,2025-11-30,leclerc,ferrari,10,8,8,4.0,57,Finished
2025,23,Qatar Grand Prix,losail,2025-11-30,lawson,rb,12,9,9,2.0,57,Finished
2025,23,Qatar Grand Prix,losail,2025-11-30,tsunoda,red_bull,15,10,10,1.0,57,Finished
2025,23,Qatar Grand Prix,losail,2025-11-30,albon,williams,14,11,11,0.0,57,Finished
2025,23,Qatar Grand Prix,losail,2025-11-30,hamilton,ferrari,17,12,12,0.0,57,Finished
2025,23,Qatar Grand Prix,losail,2025-11-30,bortoleto,sauber,19,13,13,0.0,57,Finished
2025,23,Qatar Grand Prix,losail,2025-11-30,colapinto,alpine,20,14,14,0.0,56,Lapped
2025,23,Qatar Grand Prix,losail,2025-11-30,ocon,haas,16,15,15,0.0,56,Lapped
2025,23,Qatar Grand Prix,losail,2025-11-30,gasly,alpine,9,16,16,0.0,56,Lapped
2025,23,Qatar Grand Prix,losail,2025-11-30,stroll,aston_martin,18,17,17,0.0,55,Retired
2025,23,Qatar Grand Prix,losail,2025-11-30,hadjar,rb,6,18,18,0.0,55,Retired
2025,23,Qatar Grand Prix,losail,2025-11-30,bearman,haas,13,19,R,0.0,41,Retired
2025,23,Qatar Grand Prix,losail,2025-11-30,hulkenberg,sauber,11,20,R,0.0,6,Retired
2025,24,Abu Dhabi Grand Prix,yas_marina,2025-12-07,max_verstappen,red_bull,1,1,1,25.0,58,Finished
2025,24,Abu Dhabi Grand Prix,yas_marina,2025-12-07,piastri,mclaren,3,2,2,18.0,58,Finished
2025,24,Abu Dhabi Grand Prix,yas_marina,2025-12-07,norris,mclaren,2,3,3,15.0,58,Finished
2025,24,Abu Dhabi Grand Prix,yas_marina,2025-12-07,leclerc,ferrari,5,4,4,12.0,58,Finished
2025,24,Abu Dhabi Grand Prix,yas_marina,2025-12-07,russell,mercedes,4,5,5,10.0,58,Finished
2025,24,Abu Dhabi Grand Prix,yas_marina,2025-12-07,alonso,aston_martin,6,6,6,8.0,58,Finished
2025,24,Abu Dhabi Grand Prix,yas_marina,2025-12-07,ocon,haas,8,7,7,6.0,58,Finished
2025,24,Abu Dhabi Grand Prix,yas_marina,2025-12-07,hamilton,ferrari,16,8,8,4.0,58,Finished
2025,24,Abu Dhabi Grand Prix,yas_marina,2025-12-07,hulkenberg,sauber,18,9,9,2.0,58,Finished
2025,24,Abu Dhabi Grand Prix,yas_marina,2025-12-07,stroll,aston_martin,15,10,10,1.0,58,Finished
2025,24,Abu Dhabi Grand Prix,yas_marina,2025-12-07,bortoleto,sauber,7,11,11,0.0,58,Finished
2025,24,Abu Dhabi Grand Prix,yas_marina,2025-12-07,bearman,haas,11,12,12,0.0,58,Finished
2025,24,Abu Dhabi Grand Prix,yas_marina,2025-12-07,sainz,williams,12,13,13,0.0,58,Finished
2025,24,Abu Dhabi Grand Prix,yas_marina,2025-12-07,tsunoda,red_bull,10,14,14,0.0,58,Finished
2025,24,Abu Dhabi Grand Prix,yas_marina,2025-12-07,antonelli,mercedes,14,15,15,0.0,58,Finished
2025,24,Abu Dhabi Grand Prix,yas_marina,2025-12-07,albon,williams,17,16,16,0.0,58,Finished
2025,24,Abu Dhabi Grand Prix,yas_marina,2025-12-07,hadjar,rb,9,17,17,0.0,57,Lapped
2025,24,Abu Dhabi Grand Prix,yas_marina,2025-12-07,lawson,rb,13,18,18,0.0,57,Lapped
2025,24,Abu Dhabi Grand Prix,yas_marina,2025-12-07,gasly,alpine,19,19,19,0.0,57,Lapped
2025,24,Abu Dhabi Grand Prix,yas_marina,2025-12-07,colapinto,alpine,20,20,20,0.0,57,Lapped
